NO,48,127,0.4115526027777778,4.659399092971084e-05
NO,50,127,0.4115991967687075,0.35972890697278914
NO,50,127,0.8230707306689342,4.659399092976635e-05
NO,52,127,0.823117324659864,0.35091138503401353
NO,66,127,1.2243915214852608,4.535147392292771e-05
NO,55,127,1.2244368729591837,0.6736138841269841
NO,0,127,1.8980507570861678,4.659399092976635e-05
NO,55,127,1.8980973510770975,0.08568634931972796
NO,67,127,1.9837837003968255,4.659399092976635e-05
NO,55,127,1.9838302943877553,0.1163918274376412
NO,0,127,2.1002221218253965,4.332947845808732e-05
NO,55,127,2.1002654513038546,0.07968291088435375
NO,67,127,2.1799483621882083,4.332947845808732e-05
NO,55,127,2.1799916916666664,0.11157340702947849
NO,0,127,2.291565098696145,4.332947845808732e-05
NO,55,127,2.291608428174603,0.07968291088435375
NO,67,127,2.3712913390589567,4.332947845808732e-05
NO,55,127,2.371334668537415,0.11381984399092993
NO,0,127,2.4851545125283447,4.535147392292771e-05
NO,55,127,2.4851998640022677,0.08340136054421743
NO,67,127,2.568601224546485,4.535147392292771e-05
NO,55,127,2.568646576020408,0.11678004535147402
NO,0,127,2.685426621371882,4.535147392292771e-05
NO,55,127,2.685471972845805,0.08340136054421787
NO,67,127,2.768873333390023,4.535147392292771e-05
NO,55,127,2.7689186848639458,0.11678004535147357
NO,0,127,2.8856987302154193,4.535147392292771e-05
NO,55,127,2.8857440816893423,0.08340136054421787
NO,67,127,2.96914544223356,4.535147392292771e-05
NO,55,127,2.969190793707483,0.11678004535147402
NO,0,127,3.085970839058957,4.535147392292771e-05
NO,55,127,3.08601619053288,0.08331065759637157
NO,50,127,4.042038803798186,4.6593990929544304e-05
NO,52,127,4.042085397789116,0.3510660784013604
NO,66,127,4.443514287981859,4.535147392292771e-05
NO,59,127,4.443559639455782,0.35226213605442247
NO,59,127,4.846522647675737,4.565589569160977e-05
NO,57,127,4.846568303571429,1.5368402610544214
NO,21,127,6.844721674036281,4.6593990929544304e-05
NO,50,127,6.84476826802721,0.3529028569727899
NO,50,127,7.248371997165533,4.565589569160977e-05
NO,52,127,7.2484176530612245,0.352486342687075
NO,66,127,7.651604867913832,4.565589569160977e-05
NO,55,127,7.651650523809524,0.6739809257936518
NO,0,127,8.325631449603176,4.6593990928656126e-05
NO,55,127,8.325678043594104,0.08559316133786865
NO,54,127,9.266778037641725,4.659399093043248e-05
NO,50,127,9.266824631632655,0.7562750348639451
NO,50,127,10.073800538662134,0.35035462188208655
NO,52,127,10.474585999546488,2.3662046099773253
NO,52,127,13.294724352437644,4.565589569338613e-05
NO,50,127,13.294770008333337,0.35907880697278927
NO,50,127,13.705591442233564,4.659399093043248e-05
NO,52,127,13.705638036224494,0.3597289069727889
NO,66,127,14.11710957012472,4.659399093043248e-05
NO,55,127,14.11715616411565,0.6603125069160996
NO,0,127,14.77746867103175,4.535147392203953e-05
NO,55,127,14.777514022505672,0.08340136054421698
NO,67,127,14.860915383049889,4.535147392381589e-05
NO,55,127,14.860960734523813,0.11585346870748303
NO,0,127,14.976814203231296,4.446224489917938e-05
NO,55,127,14.976858665476195,0.08176606836734557
NO,67,127,15.05862473384354,4.446224489917938e-05
NO,55,127,15.05866919608844,0.11449028061224453
NO,0,127,15.173159476700684,4.4462244897403025e-05
NO,55,127,15.173203938945582,0.08176606836734734
NO,67,127,15.254970007312929,4.4462244897403025e-05
NO,55,127,15.255014469557826,0.11574838854875225
NO,0,127,15.370762858106579,4.565589569160977e-05
NO,55,127,15.37080851400227,0.08396119217687037
NO,67,127,15.45476970617914,4.565589569160977e-05
NO,55,127,15.454815362074832,0.11756393140589694
NO,0,127,15.57237929348073,4.565589569160977e-05
NO,55,127,15.57242494937642,0.08396119217687037
NO,67,127,15.656386141553291,4.565589569160977e-05
NO,55,127,15.656431797448983,0.11756393140589516
NO,0,127,15.773995728854878,4.565589569160977e-05
NO,55,127,15.77404138475057,0.08396119217687037
NO,67,127,15.85800257692744,4.565589569160977e-05
NO,55,127,15.858048232823132,0.11756393140589694
NO,0,127,15.975612164229029,4.565589569160977e-05
NO,55,127,15.97565782012472,0.08386988038548537
NO,50,127,16.9224617053288,4.535147392203953e-05
NO,52,127,16.922507056802722,0.35872805952380915
NO,66,127,17.33297774325397,4.659399093043248e-05
NO,59,127,17.3330243372449,0.35323072125850175
NO,59,127,17.736955930668934,4.565589569338613e-05
NO,57,127,17.737001586564627,1.5368576130952398
NO,21,127,19.724766229138325,4.5351473925592245e-05
NO,50,127,19.72481158061225,0.3591070272108823
NO,50,127,20.13566123475057,4.659399092687977e-05
NO,52,127,20.1357078287415,0.35294507125850316
NO,66,127,20.539353772165533,4.565589569338613e-05
NO,55,127,20.539399428061227,0.669118677154195
NO,0,127,21.208518105215422,4.565589569338613e-05
NO,55,127,21.208563761111115,0.08386988038548537
NO,54,127,22.154511899206355,4.659399092687977e-05
NO,50,127,22.154558493197282,0.7519749848639492
NO,50,127,22.95827610498867,0.3441807128684822
NO,66,127,23.351987758673477,4.4462244897403025e-05
NO,55,127,23.352032220918375,0.6733809104875306
NO,0,127,24.025413131405905,4.659399093043248e-05
NO,55,127,24.025459725396836,0.08559316133786865
NO,54,127,24.556274806632665,4.4462244897403025e-05
NO,50,127,24.556319268877562,0.7542932586734707
NO,53,127,25.359987850510215,4.446224490095574e-05
NO,45,127,25.360032312755116,3.7057817418367414
NO,57,127,30.210278193083923,4.659399093043248e-05
NO,55,127,30.210324787074853,0.14734117874149533
NO,67,127,33.43924631791386,4.535147392914496e-05
NO,57,127,33.43929166938779,0.14720959693877234
NO,21,127,34.635798474886656,4.659399093043248e-05
NO,50,127,34.635845068877586,0.15021619914966067
NO,65,127,36.65524778407034,4.790646258356901e-05
NO,55,127,36.655295690532924,0.1476952709183692
NO,67,127,38.64351516071432,4.332947845853141e-05
NO,57,127,38.64355849019278,0.15654934370748208
NO,21,127,40.24968259041954,6.802721088661201e-05
NO,50,127,40.249750617630426,0.14977324263038838
NO,65,127,43.07977885187078,4.332947845853141e-05
NO,55,127,43.079822181349236,0.14935440272108735
NO,67,127,46.313266128514776,4.535147392203953e-05
NO,57,127,46.3133114799887,0.14726028299319438
NO,21,127,47.49968141802724,4.332947845853141e-05
NO,50,127,47.499724747505695,0.15285827653061546
NO,65,127,49.50825161173472,4.332947845853141e-05
NO,55,127,49.50829494121318,0.1530541472789082
NO,67,127,51.52475248344674,4.535147392203953e-05
NO,57,127,51.52479783492066,0.14986394557823246
NO,21,127,53.1201109735828,4.332947845853141e-05
NO,50,127,53.120154303061256,1.960002940532874
TR,50,101,55.5422697698413,4.659399093043248e-05
TR,52,101,55.54231636383223,0.35026092738094405
TR,66,101,55.94294010300456,4.535147392203953e-05
TR,59,101,55.94298545447848,0.35013605442176754
TR,59,101,56.34348432069163,4.535147392914496e-05
TR,57,101,56.34352967216556,0.3524630544217615
TR,31,101,56.746693598752856,4.5655895689833415e-05
TR,62,101,56.746739254648546,0.35015568962585064
TR,65,101,57.14725775606578,4.535147392203953e-05
TR,59,101,57.1473031075397,0.35013605442176754
TR,44,101,57.95899456218823,4.659399093043248e-05
TR,66,101,57.95904115617916,2.3717300964285712
TR,66,101,60.38258377052156,0.3436247837868507
TR,66,101,60.77558387726759,4.446224490095574e-05
TR,57,101,60.775628339512494,0.3499893316326492
TR,57,101,61.175980482936524,4.535147392914496e-05
TR,59,101,61.17602583441045,1.9704072015305982
TR,32,101,68.43061067845807,4.332947845853141e-05
TR,52,101,68.43065400793652,0.3345252384353756
TR,66,101,68.81329663219957,4.332947845853141e-05
TR,59,101,68.81333996167803,0.3592539204081504
TR,59,101,69.22433650901363,4.659399091622163e-05
TR,57,101,69.22438310300454,0.3526115784013655
TR,31,101,69.62769555357144,4.5655895689833415e-05
TR,62,101,69.62774120946713,0.3501728894557914
TR,65,101,70.02827691071431,4.5351473914934104e-05
TR,59,101,70.02832226218823,0.352453008503403
TR,44,101,70.83454906439913,4.446224490095574e-05
TR,66,101,70.83459352664403,2.3749241613945458
TR,78,101,73.26037835583904,4.5655895689833415e-05
TR,67,101,73.26042401173473,0.3431270803854858
TR,67,101,73.65292641507939,0.3501796274376545
TR,31,101,74.05347174631522,4.5655895689833415e-05
TR,66,101,74.05351740221091,1.9829312756802722
TR,78,101,79.7076396045352,4.5655895689833415e-05
TR,69,101,79.70768526043089,0.7796665235260747
TR,69,101,80.52194782222227,0.1638426098072614
TR,66,101,80.91514892233566,0.6796342333900185
TR,64,101,81.59478315572568,1.3136180110544302
TR,78,101,82.94207463616786,4.535147392914496e-05
TR,69,101,82.94211998764179,0.7686407194444485
TR,69,101,83.74535674535154,0.16410801218820836
TR,66,101,84.13882324784586,0.6764692429138393
TR,64,101,84.8152924907597,1.3099549336734668
TR,64,101,86.15991335368487,0.3602299089569101
TR,78,101,86.55315647947852,4.446224490095574e-05
TR,67,101,86.55320094172342,0.37581068849206645
TR,71,101,92.5955416461452,0.6655260781179209
TR,69,101,93.26106772426311,0.1027397499999978
TR,69,101,93.39840351252842,0.1669670457483079
TR,66,101,93.79931613650801,0.6783739659863954
TR,64,101,94.4776901024944,1.30828276252835
TR,78,101,95.81914169971664,4.446224490095574e-05
TR,69,101,95.81918616196154,0.7695041789682477
TR,69,101,96.62236381031755,0.16758877125850802
TR,66,101,97.02546851950123,0.6692099889455818
TR,64,101,97.69467850844681,0.9059933351473859
TR,64,101,98.63368506043093,4.446224490095574e-05
TR,62,101,98.63372952267584,1.5775625086734664
TR,62,101,100.24430524818604,4.446224490095574e-05
TR,64,101,100.24434971043094,3.1963493861110948
TR,90,101,105.47624588021552,4.565589570404427e-05
TR,81,101,105.47629153611122,0.7689752306689286
TR,81,101,106.27986280504545,0.17116302568027209
TR,78,101,106.69138093293661,0.6616873484693713
TR,76,101,107.35306828140598,1.3137343817460305
TR,90,101,108.7023732116214,4.790646258356901e-05
TR,81,101,108.70242111808399,0.7736481170634875
TR,81,101,109.5099687376985,0.1667441530612166
TR,78,101,109.910658468991,0.6661233795918378
TR,76,101,110.57678184858284,0.9094478970521465
TR,76,101,111.51924296247172,4.446224490095574e-05
TR,74,101,111.51928742471662,2.3838001219954634
TR,77,101,113.93768358497739,4.659399093043248e-05
TR,69,101,113.93773017896832,0.7691215735260641
TR,31,101,114.7414477907597,4.659399093043248e-05
TR,66,101,114.74149438475062,0.7782830967687175
TR,66,101,115.55534802998872,4.790646258356901e-05
TR,62,101,115.5553959364513,0.7698007776077134
P1,88,64,91.37917684053296,4.446224490095574e-05
P1,86,64,91.37922130277786,0.37611765992062374
P1,86,64,91.7899350009638,0.17116302568027209
P1,85,64,91.99569406490937,0.17116302568027209
P1,88,64,92.20145312885495,4.659399093043248e-05
P1,83,64,92.20149972284588,0.3603395416666615
NO,0,40,0.7202843866780045,4.659399092965533e-05
NO,50,40,0.7203309806689342,0.3536523775510205
NO,50,40,1.124346170011338,0.3501587301587301
NO,66,40,1.524867711961451,6.802721088439156e-05
NO,55,40,1.5249357391723355,1.9512656387755105
NO,50,40,4.343468936507937,0.3516359331065759
NO,66,40,4.745805741780045,4.565589569160977e-05
NO,59,40,4.745851397675737,0.35102816241496626
NO,59,40,5.147242371882086,1.5431600041950109
NO,19,40,7.147655091269841,4.565589569160977e-05
NO,50,40,7.1477007471655325,0.352486342687075
NO,50,40,7.550887962018141,0.35095844614512384
NO,66,40,7.952209219954648,6.802721088483565e-05
NO,55,40,7.952277247165533,0.7568143996031758
NO,54,40,9.569850762018142,4.565589569160977e-05
NO,50,40,9.569896417913833,0.7542133911564637
NO,50,40,10.374472620861681,0.35166790107709645
NO,52,40,10.776932705895694,2.366579320011338
NO,52,40,13.602805098242634,0.35977550096371935
NO,50,40,14.01432322613379,0.34942389444444544
NO,66,40,14.41312244353742,6.669336734610454e-05
NO,55,40,14.413189136904766,1.95366602760771
NO,50,40,17.23019139926304,0.35534675334466925
NO,66,40,17.636239024773243,4.565589569338613e-05
NO,59,40,17.636284680668936,0.3510455144557838
NO,59,40,18.0376930069161,1.5368691405895731
NO,19,40,20.03287489075964,4.659399093043248e-05
NO,50,40,20.03292148475057,0.35501450935374024
NO,50,40,20.438636866269842,0.3509757981859458
NO,66,40,20.83997547624717,6.802721088661201e-05
NO,55,40,20.840043503458055,0.7533652721088409
NO,54,40,22.450035384693884,4.4462244897403025e-05
NO,50,40,22.45007984693878,0.7542932586734707
NO,50,40,23.253748428571438,0.34786941043083885
NO,66,40,23.65213938095239,4.535147392203953e-05
NO,55,40,23.652184732426313,0.7566310390022686
NO,54,40,24.863773375453526,4.659399093043248e-05
NO,50,40,24.863819969444457,0.751951687868484
NO,53,40,25.667514284240376,6.989098639564872e-05
NO,45,40,25.66758417522677,3.743153654988671
NO,57,40,30.505302850000025,0.14860423180272164
NO,67,40,33.73413815051024,4.446224489385031e-05
NO,57,40,33.734182612755134,0.14692548826531038
NO,19,40,34.936650837188246,4.535147392203953e-05
NO,50,40,34.93669618866217,0.14893247817460065
NO,65,40,36.95062784563496,4.446224490095574e-05
NO,55,40,36.95067230787986,0.14834629699546298
NO,67,40,38.95918124291387,4.790646258356901e-05
NO,57,40,38.959229149376455,0.15645070634921154
NO,19,40,40.55020413236966,4.535147392203953e-05
NO,50,40,40.55024948384358,0.15100954705214775
NO,65,40,43.37976615323132,4.535147392203953e-05
NO,55,40,43.379811504705245,0.15093065334467326
NO,67,40,46.60820864716557,4.446224489385031e-05
NO,57,40,46.60825310941046,0.14802013985260487
NO,19,40,47.807298370918396,4.659399093043248e-05
NO,50,40,47.807344964909326,0.15185834858276337
NO,65,40,49.81606443537418,4.659399093043248e-05
NO,55,40,49.81611102936511,0.1539698430272054
NO,67,40,51.825251349659894,4.535147392203953e-05
NO,57,40,51.825296701133816,0.15069581071428217
NO,19,40,53.435751882369644,4.790646258356901e-05
NO,50,40,53.43579978883223,1.9519410100906995
TR,50,32,55.842894751530636,0.3501814058956896
TR,66,32,56.24343896921771,4.535147392203953e-05
TR,59,32,56.243484320691636,0.35179149999999737
TR,59,32,56.64597669285716,0.3508728999433117
TR,32,32,57.04721240459185,4.535147392203953e-05
TR,62,32,57.047257756065775,0.35013605442177465
TR,65,32,57.44775662227893,4.535147392203953e-05
TR,59,32,57.44780197375285,0.3568732904761944
TR,44,32,58.253642052267594,6.669336735143361e-05
TR,66,32,58.253708745634945,2.3744160964285683
TR,66,32,60.677589089512495,0.3479832301587251
TR,66,32,61.07593513146261,4.535147392203953e-05
TR,57,32,61.07598048293653,0.35011337868480297
TR,57,32,61.47645667341272,1.9754100312925047
TR,32,32,68.7177118027211,4.332947845853141e-05
TR,52,32,68.71775513219956,0.35205240589569087
TR,66,32,69.12155016502268,4.659399093043248e-05
TR,59,32,69.12159675901361,0.3546810164966132
TR,59,32,69.52697864767576,0.35089009977323826
TR,32,32,69.92823155924039,4.535147392914496e-05
TR,62,32,69.92827691071432,0.35178145408163175
TR,65,32,70.33075923696148,4.5655895689833415e-05
TR,59,32,70.33080489285717,0.3526917942176766
TR,44,32,71.12913366797055,6.669336734432818e-05
TR,66,32,71.1292003613379,2.376267018537419
TR,79,32,73.55499832069164,4.446224490095574e-05
TR,67,32,73.55504278293654,0.3480179081065842
TR,67,32,73.9534235028345,0.35184050821996493
TR,32,32,74.35596488321998,6.848384354896098e-05
TR,66,32,74.35603336706353,1.993731270861673
NO,79,40,80.0101555693878,4.5655895689833415e-05
NO,69,40,80.0102012252835,0.7738507679705293
NO,69,40,80.81706521009076,0.1654820747165502
NO,66,40,81.2229023870182,1.9811108878684962
NO,78,40,83.23702649172343,4.4462244886744884e-05
NO,69,40,83.23707095396831,0.7706553647959282
NO,69,40,84.04073953560098,0.16464074614511048
NO,66,40,84.44089621967126,1.9811633307256216
NO,64,40,86.45516169172342,0.3710635945011376
NO,79,40,86.86082132448986,4.659399091622163e-05
NO,67,40,86.86086791848078,0.3717916438775575
NO,71,40,92.89008178747173,0.7755155281746084
NO,69,40,93.69927078503409,0.16777126507936657
NO,66,40,94.10739715232434,1.9796742172335655
NO,78,40,96.12113066774384,4.5655895689833415e-05
NO,69,40,96.12117632363953,0.7696757874149824
NO,69,40,96.92475161360554,0.16739470238096033
NO,66,40,97.32609189421778,1.5757787205782279
NO,64,40,98.93577011734703,1.5815102929705205
NO,62,40,100.55187644858286,3.191265740873021
NO,90,40,105.771040118084,4.446224490095574e-05
NO,81,40,105.7710845803289,0.7829139703514727
NO,81,40,106.58859458894568,0.16874044852606573
NO,2,40,106.79034825430848,6.669336734432818e-05
NO,78,40,106.79041494767583,0.16326536326531027
NO,78,40,106.98669352777787,1.9854259307256115
NO,90,40,109.00601896105451,4.5655895689833415e-05
NO,81,40,109.0060646169502,0.7708750311791306
NO,81,40,109.81061311751708,0.1655120015873024
NO,2,40,110.00913833594112,4.446224490095574e-05
NO,78,40,110.00918279818602,0.16328759438775364
NO,78,40,110.2054836094105,1.580190376417221
NO,76,40,111.81934745521549,6.802721088661201e-05
NO,74,40,111.81941548242638,2.3805993045351386
NO,77,40,114.23302800379825,4.446224490095574e-05
NO,69,40,114.23307246604315,0.770655364795914
NO,32,40,115.0367410476758,4.446224490095574e-05
NO,66,40,115.0367855099207,0.7819419647959194
NO,66,40,115.85174069155336,4.4462244886744884e-05
NO,62,40,115.85178515379825,0.7640260441043125
P1,88,25,91.68714865697287,4.659399093043248e-05
P1,86,25,91.6871952509638,0.37687549563491984
P1,86,25,92.09866678486402,0.16874349393424382
P1,85,25,92.300423495635,0.1633320566326404
P1,88,25,92.49676876910438,4.446224490095574e-05
P1,83,25,92.49681323134928,0.3596328678571439
NO,0,80,0.0037868480725623582,6.802721088435383e-05
NO,40,80,0.003854875283446712,3.1659254875850342
NO,40,80,3.220437959240363,3.1634241201247164
NO,40,80,6.434610378684807,3.1854390406462603
NO,40,80,9.670841603287982,3.1704055651927465
NO,40,80,12.89233611575964,3.1676481437074813
NO,40,80,16.11098189495465,3.1633308194444467
NO,40,80,19.325061013718827,3.1738606092403643
NO,40,80,22.54838587040817,4.4462244897403025e-05
NO,38,80,22.548430332653066,3.1703140446145213
NO,38,80,25.770487004195026,3.295850336111119
NO,38,80,29.35576666887757,5.23285714280064e-05
NO,40,80,29.355818997449,0.8031825086167821
NO,40,80,30.603564411224514,1.5586950036281202
NO,40,80,32.615953099093,0.773383921768712
NO,40,80,33.83239971173473,1.5480136387755081
NO,40,80,35.83044093486399,0.7720857871315232
NO,40,80,37.04888940685945,1.5469416628117898
NO,40,80,39.065150338151966,0.7517540073696196
NO,40,80,40.250362862528384,1.563578534013601
NO,40,80,42.2667796039116,0.7653151569160954
NO,40,80,43.479992910600934,1.5589870864512534
NO,40,80,45.50095838146262,0.7623984499999992
NO,40,80,46.70647020839006,1.547517788775501
NO,40,80,48.703964450850364,0.756603069841276
NO,40,80,49.91903715532882,1.5558060310657638
NO,40,80,51.92556880997735,1.1467064193877619
NO,40,80,53.12076091575967,4.332947845853141e-05
NO,38,80,53.120804245238126,1.9598095573129228
NO,38,80,55.13238758826533,6.848384354185555e-05
NO,40,80,55.13245607210887,0.7603933279478383
NO,40,80,56.344164592800475,1.9583636977324304
NO,40,80,58.35199253798188,0.7802077671768686
NO,40,80,59.579513753288,1.9468068657029534
NO,40,80,61.576774133730176,0.7627829572562348
NO,40,80,62.80277125181407,1.9557425917800444
NO,40,80,64.80892200685942,0.7516573451247268
NO,40,80,66.01593508900228,1.9580338293083912
NO,40,80,68.02748043701816,0.7379587862244961
NO,40,80,69.22503541887757,1.952984487358293
NO,40,80,71.22748415368484,0.7754079972222172
NO,40,80,72.4567802379252,1.949383302607714
NO,40,80,74.45695572448983,0.7805730630952326
NO,40,80,75.68470791122452,1.9701112670068142
NO,40,80,77.7066083991497,0.7519749848639492
NO,40,80,78.92179754484131,1.9441539035147457
NO,52,80,80.91588254937648,6.669336734432818e-05
NO,48,80,80.91594924274382,1.164100633786859
NO,48,80,82.13036733684814,1.155545393140585
NO,52,80,83.33535474631526,6.669336734432818e-05
NO,43,80,83.3354214396826,0.7542043341836688
NO,0,80,84.13955687488668,6.669336735853904e-05
NO,48,80,84.13962356825404,1.166439329705213
NO,48,80,85.35671811422908,1.1472408912698455
NO,48,80,86.55397903100913,4.446224490095574e-05
NO,50,80,86.55402349325404,0.7627342289682559
NO,50,80,87.36745859438781,4.565589570404427e-05
NO,52,80,87.36750425028352,1.1631155017573747
NO,52,80,88.5823157849774,1.1569941169501305
NO,54,80,89.79005642998875,4.5655895689833415e-05
NO,47,80,89.79010208588444,0.7515592503968236
NO,32,80,90.59431254603183,4.659399093043248e-05
NO,52,80,90.59435914002276,1.1440196099773203
NO,52,80,91.79063391082774,1.1477116434807328
NO,52,80,92.9878764951248,0.7612582354875315
NO,52,80,93.79999640861685,4.535147392914496e-05
NO,48,80,93.80004176009078,1.164095458616785
NO,48,80,95.01479243497741,1.1563770944444371
NO,52,80,96.22187040158738,4.5655895689833415e-05
NO,47,80,96.22191605748307,0.35049310430839853
NO,32,80,96.62304408242639,4.535147392914496e-05
NO,48,80,96.62308943390032,0.35186083701813686
NO,48,80,97.0261533579366,4.565589570404427e-05
NO,50,80,97.0261990138323,1.1626770773809483
NO,50,80,98.24057212414976,1.1555755007369584
NO,50,80,99.44784365782323,6.989098639564872e-05
NO,48,80,99.44791354880962,0.3530232468254013
NO,48,80,99.85159201190486,6.848384354896098e-05
NO,50,80,99.8516604957484,0.34366958968253414
NO,50,80,100.24497218185951,4.446224490095574e-05
NO,52,80,100.24501664410441,1.1701261482426304
NO,52,80,101.46683882528355,1.1533688227324177
NO,54,80,102.67190368095247,6.989098639564872e-05
NO,47,80,102.67197357193886,0.7519982818594144
NO,19,80,103.4759241536849,4.659399093043248e-05
NO,40,80,103.47597074767583,1.1462044219387764
NO,40,80,104.67283038588444,1.55570913815194
NO,52,80,106.2805617149094,0.35926296706348637
NO,52,80,106.69207984280055,4.659399093043248e-05
NO,48,80,106.69212643679148,1.1551794518140497
NO,48,80,107.89900192154204,0.7506023215419475
NO,48,80,108.70306785532888,0.7566109132653054
NO,52,80,109.51065357613386,4.565589570404427e-05
NO,47,80,109.51069923202957,0.1495057222222158
NO,32,80,109.71106663225632,4.5351473914934104e-05
NO,48,80,109.71111198373023,0.14936507936508292
NO,48,80,109.91133874109985,4.5351473914934104e-05
NO,50,80,109.91138409257377,1.1629283911564698
NO,50,80,111.12600851666674,1.1528000787414783
NO,53,80,112.33050462834474,6.989098639564872e-05
NO,45,80,112.33057451933114,0.7519982818594002
NO,19,80,113.13426883412704,6.989098639564872e-05
NO,50,80,113.13433872511344,1.1475755169501127
NO,50,80,114.33128956502274,1.9771799062925197
NO,38,80,116.36128376003408,4.659399093043248e-05
NO,40,80,116.36133035402501,0.7407557360544104
TR,55,64,0.005034013605442177,4.5351473922902556e-05
TR,59,64,0.005079365079365079,1.5530309772675739
TR,44,64,2.0359456732426304,6.989098639476055e-05
TR,62,64,2.036015564229025,0.3196771625850334
TR,62,64,2.4197986901927435,6.499421768735303e-05
TR,64,64,2.419863684410431,0.3326831183673469
TR,78,64,2.819644308446712,6.802721088439156e-05
TR,67,64,2.8197123356575964,1.9595591776643997
TR,62,64,5.631001295124717,6.499421768690894e-05
TR,64,64,5.631066289342404,0.33503953775510187
TR,78,64,6.0336537247732425,6.848384353741466e-05
TR,71,64,6.03372220861678,0.33345052834467115
TR,71,64,6.435177272108843,0.34112112624716584
TR,31,64,6.845490474886621,4.6593990929544304e-05
TR,62,64,6.845537068877551,0.33558379393424076
TR,62,64,7.2491253194444445,4.565589569160977e-05
TR,64,64,7.249170975340136,0.3351827582199549
TR,78,64,7.652358190192744,4.565589569160977e-05
TR,67,64,7.652403846088435,0.7421867100907038
TR,66,64,9.267546838492065,6.989098639564872e-05
TR,62,64,9.26761672947846,0.7391381263605439
TR,62,64,10.074553860941045,4.565589569160977e-05
TR,64,64,10.074599516836736,0.3331157344104323
TR,64,64,10.475425001814061,0.3348821638321997
TR,78,64,10.877809407426305,4.565589569160977e-05
TR,67,64,10.877855063321997,0.3274672791950124
TR,66,64,11.673998256349208,4.565589569338613e-05
TR,62,64,11.674043912244901,0.7453247206349207
TR,65,64,12.48830444246032,4.659399093043248e-05
TR,57,64,12.48835103645125,0.33609476241496594
TR,57,64,12.892998126247168,4.565589569338613e-05
TR,59,64,12.893043782142861,1.5526694869047617
TR,44,64,14.911686358106579,6.802721088483565e-05
TR,62,64,14.911754385317463,0.3272092138321998
TR,62,64,15.304745490476193,6.66933673478809e-05
TR,64,64,15.304812183843541,0.33513783526077034
TR,78,64,15.70749791678005,6.848384353652648e-05
TR,67,64,15.707566400623586,1.9621383956916087
TR,62,64,18.521567183900228,6.499421768779712e-05
TR,64,64,18.521632178117915,0.33490693197278887
TR,78,64,18.924087007766442,6.848384353830284e-05
TR,71,64,18.92415549160998,0.3334678803854878
TR,71,64,19.325627907142863,0.33253968253968225
TR,31,64,19.725514528458053,4.5351473925592245e-05
TR,62,64,19.72555987993198,0.34146840617913554
TR,62,64,20.13643003560091,4.659399093043248e-05
TR,64,64,20.13647662959184,0.33562600821995403
TR,78,64,20.540107094444448,4.5655895689833415e-05
TR,67,64,20.540152750340138,0.7359360804988668
TR,66,64,22.155280700056693,6.989098639564872e-05
TR,62,64,22.15535059104309,0.734502238265307
TR,62,64,22.959044905839008,4.659399093043248e-05
TR,64,64,22.95909149982994,0.32724775425170094
TR,78,64,23.352877003571436,4.4462244897403025e-05
TR,67,64,23.352921465816333,0.7414507721655355
TR,66,64,24.966839283390033,4.659399093043248e-05
TR,62,64,24.966885877380964,0.32780916649659986
TR,62,64,25.360721477551035,6.669336734432818e-05
TR,64,64,25.36078817091838,0.3408795086734706
TR,78,64,25.771069429081646,6.989098639564872e-05
TR,69,64,25.77113932006804,0.7344789412698418
TR,31,64,26.574554070918385,6.989098639209601e-05
TR,66,64,26.574623961904777,0.7201654855442214
TR,66,64,27.36057133877553,4.4462244897403025e-05
TR,62,64,27.360615801020426,1.6864646250000028
TR,77,64,30.211303260884375,4.659399093043248e-05
TR,67,64,30.211349854875305,0.13022077828798473
TR,78,64,33.44024405034017,4.535147392203953e-05
TR,69,64,33.44028940181409,0.1301165318594144
TR,31,64,34.636567275737,6.989098639564872e-05
TR,62,64,34.636637166723396,0.13300686774375947
TR,77,64,36.65630172624721,4.790646259067444e-05
TR,67,64,36.6563496327098,0.1305459960884292
TR,78,64,38.6444684092404,4.332947845853141e-05
TR,69,64,38.64451173871886,0.1382539557256237
TR,31,64,40.251020458900264,6.802721088661201e-05
TR,62,64,40.25108848611115,0.1320181405895724
TR,77,64,43.08073210039686,4.332947845853141e-05
TR,67,64,43.08077542987532,0.13198392063491582
TR,78,64,46.314263860941075,4.535147392203953e-05
TR,69,64,46.314309212415,0.13016721791383645
TR,31,64,47.500396354421795,6.499421768779712e-05
TR,62,64,47.50046134863948,0.13525465068027387
TR,77,64,49.5092048602608,4.332947845853141e-05
TR,67,64,49.50924818973926,0.13523387403628107
TR,78,64,51.52575021587304,4.535147392914496e-05
TR,69,64,51.52579556734697,0.13244897959183533
TR,31,64,53.121454187415,6.499421768779712e-05
TR,62,64,53.121519181632685,1.9422932513038518
NO,77,80,55.94402853837871,4.535147392203953e-05
NO,67,80,55.94407388985263,1.2036373809523724
NO,78,80,59.18578368356011,7.185969387535351e-05
NO,69,80,59.185855543253986,1.1971941671768747
NO,31,80,60.38353894733562,4.659399093043248e-05
NO,62,80,60.38358554132655,2.007690879591827
NO,77,80,62.39167246984128,6.989098639564872e-05
NO,67,80,62.39174236082768,1.21460672080498
NO,66,80,64.40844581638322,6.802721088661201e-05
NO,62,80,64.40851384359411,1.6077180087301741
NO,77,80,66.01661992743766,4.5655895689833415e-05
NO,69,80,66.01666558333335,2.0111022924603077
NO,69,80,68.81433653968256,1.2143938857709884
NO,78,80,72.05395827023813,6.848384353475012e-05
NO,69,80,72.05402675408166,1.2068081607142886
NO,31,80,73.26136965538552,4.4462244886744884e-05
NO,62,80,73.26141411763041,0.39196403373016153
NO,62,80,73.65376363888892,4.535147392914496e-05
NO,64,80,73.65380899036285,0.40011931490928987
NO,66,80,74.05431638038553,4.5655895689833415e-05
NO,59,80,74.05436203628122,1.2363429247732398
NO,71,80,75.29111216598642,7.185969388956437e-05
NO,67,80,75.29118402568031,1.217414488945579
NO,78,80,77.29632089795923,6.669336734432818e-05
NO,69,80,77.29638759132658,0.8032906525510128
NO,69,80,78.10005617295923,0.4102698379818577
NO,62,80,78.92249645470525,4.659399093043248e-05
NO,64,80,78.92254304869618,0.7855531147959312
NO,78,80,79.70855272244903,4.5655895689833415e-05
NO,71,80,79.70859837834472,0.35182433219955556
NO,71,80,80.11112358270981,0.3595941464852501
NO,43,80,80.52271662307261,4.659399093043248e-05
NO,74,80,80.52276321706354,0.34334384914966165
NO,77,80,80.91646055856015,4.446224490095574e-05
NO,71,80,80.91650502080505,0.7626274022108817
NO,44,80,81.72978763928577,4.5655895689833415e-05
NO,64,80,81.72983329518146,1.1623773954081713
NO,78,80,82.9428229354876,4.5351473914934104e-05
NO,71,80,82.94286828696151,0.3432000608843566
NO,71,80,83.33593275549893,0.35819389682539793
NO,43,80,83.74612554620188,6.989098639564872e-05
NO,74,80,83.74619543718828,0.3435859545351434
NO,77,80,84.14022380856015,4.446224490095574e-05
NO,71,80,84.14026827080505,0.7611066181972745
NO,44,80,84.95307092193883,4.659399093043248e-05
NO,64,80,84.95311751592976,1.155495853741499
NO,78,80,86.16068215453521,6.989098639564872e-05
NO,71,80,86.1607520455216,0.3433625778344691
NO,71,80,86.55453480907036,0.3576097964285623
NO,43,80,86.96437646933113,6.989098639564872e-05
NO,74,80,86.96444636031752,0.35247115753968217
NO,77,80,87.36818908871888,6.848384354896098e-05
NO,71,80,87.36825757256243,0.7526004824263168
NO,44,80,88.17151327125858,4.5655895689833415e-05
NO,64,80,88.17155892715427,1.1651380442176986
NO,90,80,89.38701443168942,6.802721088661201e-05
NO,83,80,89.38708245890031,0.352410066609977
NO,83,80,89.79064995663273,0.34323705481860145
NO,55,80,90.18321787216561,6.669336735853904e-05
NO,86,80,90.18328456553297,0.9999693928571389
NO,84,80,91.18325395839011,0.14703664387754145
NO,88,80,91.37991046757378,6.669336734432818e-05
NO,83,80,91.37997716094112,0.35856466802721343
NO,56,80,91.79121633571437,4.659399093043248e-05
NO,74,80,91.7912629297053,1.0001571363378616
NO,72,80,92.79142006604316,0.14708110612245662
NO,76,80,92.98845450430846,4.446224490095574e-05
NO,71,80,92.98849896655337,1.5729779840136047
NO,44,80,94.61179441088443,4.535147392914496e-05
NO,64,80,94.61183976235836,1.1582600812358237
NO,78,80,95.81987532675745,4.446224490095574e-05
NO,71,80,95.81991978900236,0.35140953605441894
NO,71,80,96.22244110028353,0.3501494674036252
NO,43,80,96.62361097585043,4.535147392914496e-05
NO,74,80,96.62365632732435,0.35145373922902934
NO,77,80,97.02681536842412,4.5655895689833415e-05
NO,71,80,97.02686102431981,0.7521895793650941
NO,44,80,97.82970581995475,6.848384353475012e-05
NO,64,80,97.82977430379829,1.1562857826530575
NO,78,80,99.03676095861688,4.5655895689833415e-05
NO,71,80,99.03680661451257,0.3595273863378594
NO,71,80,99.44844937970531,0.3526700395124749
NO,43,80,99.85218553854885,4.5655895689833415e-05
NO,74,80,99.85223119444454,0.3432767399659866
NO,74,80,100.24577250226767,4.446224490095574e-05
NO,78,80,100.24581696451257,1.1695122037981918
NO,78,80,101.46744454716563,0.7413381609410408
NO,76,80,102.26047874104317,0.3599152829365124
NO,90,80,102.67250940283456,4.659399093043248e-05
NO,79,80,102.6725559968255,0.34376304166666216
NO,79,80,103.06564989920643,6.669336735853904e-05
NO,83,80,103.06571659257379,0.3584416371881929
NO,68,80,103.47650657857152,6.989098639564872e-05
NO,90,80,103.47657646955791,1.1457813236394543
NO,90,80,104.67342391252843,0.7526233103741617
NO,78,80,105.47699920249443,6.848384354896098e-05
NO,71,80,105.47706768633797,0.3429475945011262
NO,71,80,105.86939060379828,0.35933529620182014
NO,43,80,106.28114413979601,4.659399093043248e-05
NO,74,80,106.28119073378694,0.35879702715419626
NO,77,80,106.69266226768717,4.659399093043248e-05
NO,71,80,106.6927088616781,0.7447086870181323
NO,44,80,107.48807276496608,4.5655895689833415e-05
NO,64,80,107.48811842086177,1.1616534948412607
NO,78,80,108.70369063934248,4.790646258356901e-05
NO,71,80,108.70373854580507,0.35257038435374
NO,71,80,109.10700980232434,0.35285158985260523
NO,43,80,109.51122427483001,4.5655895689833415e-05
NO,74,80,109.5112699307257,0.34936586252834445
NO,89,80,109.91190563452389,4.5351473914934104e-05
NO,79,80,109.9119509859978,0.34250778616780053
NO,78,80,110.71458357675745,6.989098639564872e-05
NO,74,80,110.71465346774384,0.35984539195010257
NO,77,80,111.12661423854883,4.659399093043248e-05
NO,69,80,111.12666083253976,0.7426185954648474
NO,69,80,111.91964223979599,0.35935273157595304
NO,66,80,112.72410801961458,4.446224490095574e-05
NO,62,80,112.72415248185948,0.35860669529478173
NO,65,80,113.13487455600914,4.659399093043248e-05
NO,57,80,113.13492115000007,0.3435912839002242
NO,57,80,113.52784329461458,0.35861019733559374
NO,0,80,113.93845238582773,6.989098639564872e-05
NO,54,80,113.93852227681413,0.3435475831065702
NO,54,80,114.33184534308397,6.669336734432818e-05
NO,50,80,114.33191203645131,0.7537819428571453
NO,50,80,115.13506930226764,4.446224490095574e-05
NO,52,80,115.13511376451254,0.3675611098639422
NO,52,80,115.55613848662138,0.34455513656462244
NO,66,80,115.9500689461452,4.446224490095574e-05
NO,57,80,115.9501134083901,0.3585424388888754
TR,55,32,0.2061429937641723,4.659399092971084e-05
TR,59,32,0.20618958775510202,1.5549214299886622
TR,44,32,2.2285423722789113,4.332947845808732e-05
TR,62,32,2.2285857017573694,0.32377969512471694
TR,62,32,2.6194629025510205,0.3334240362811789
TR,78,32,3.0199844445011337,6.802721088439156e-05
TR,67,32,3.020052471712018,1.9602511246598637
TR,62,32,5.832128601190476,0.3348627298752831
TR,78,32,6.234088836734694,4.535147392292771e-05
TR,71,32,6.234134188208617,0.33647503718820815
TR,71,32,6.639545034977324,0.34005070425170114
TR,32,32,7.04709798100907,4.565589569160977e-05
TR,62,32,7.047143636904762,0.3356849730725626
TR,62,32,7.45033085175737,0.33493959268707485
TR,78,32,7.852322598639455,6.802721088483565e-05
TR,67,32,7.85239062585034,0.7424108204081641
TR,66,32,9.46929365175737,6.848384353830284e-05
TR,62,32,9.469362135600909,0.7381717097505671
TR,62,32,10.274585999546488,0.3341960425170054
TR,64,32,10.676375595634923,0.33251254892290305
TR,78,32,11.07484788486395,6.669336734610454e-05
TR,67,32,11.074914578231295,0.3299878289115643
TR,66,32,11.875706003514741,4.565589569160977e-05
TR,62,32,11.875751659410433,0.7471461879251713
TR,65,32,12.690468572959187,4.565589569160977e-05
TR,57,32,12.690514228854878,0.3356164892290252
TR,57,32,13.093769927551023,1.5504107616213165
TR,44,32,15.108489141496602,4.446224489917938e-05
TR,62,32,15.1085336037415,0.3298912917800436
TR,62,32,15.505972793197282,0.3356621451247168
TR,78,32,15.909182835997736,6.848384353652648e-05
TR,67,32,15.909251319841273,1.961502911564624
TR,62,32,18.722561884183676,0.33488008191610064
TR,78,32,19.124539471768713,4.535147392203953e-05
TR,71,32,19.124584823242635,0.3333786848072542
TR,71,32,19.525061013718826,0.3363013964285706
TR,32,32,19.930251625736965,4.659399093043248e-05
TR,62,32,19.930298219727895,0.3402792945011335
TR,62,32,20.338079756009073,0.3349569447278924
TR,78,32,20.740088854931976,6.802721088661201e-05
TR,67,32,20.740156882142863,0.7366759297052141
TR,66,32,22.35210729030613,6.669336734432818e-05
TR,62,32,22.352173983673474,0.7379089214285734
TR,62,32,23.15582033418368,0.32922154109977697
TR,78,32,23.5522527596372,4.535147392203953e-05
TR,67,32,23.55229811111112,0.7422274598072569
TR,66,32,25.164220586224502,4.4462244897403025e-05
TR,62,32,25.1642650484694,0.33176005215419835
TR,62,32,25.564914316213166,0.33701511133786966
TR,78,32,25.96788916785716,6.66933673478809e-05
TR,69,32,25.967955861224507,0.7378644591836725
TR,32,32,26.771602211734713,6.669336734432818e-05
TR,66,32,26.771668905102057,0.7295591090136071
TR,66,32,27.573635448639475,7.341071428612622e-05
TR,62,32,27.57370885935376,1.4735808809523832
TR,77,32,30.309202118877575,6.669336734432818e-05
TR,67,32,30.30926881224492,0.13054115102040953
TR,79,32,33.53803741938779,6.669336734432818e-05
TR,69,32,33.538104112755136,0.13054115102040953
TR,32,32,34.736628161451286,6.802721087950658e-05
TR,62,32,34.736696188662165,0.1331519274376447
TR,77,32,36.75452711451251,6.669336735143361e-05
TR,67,32,36.754593807879864,0.13054115102040953
TR,79,32,38.747889789682574,7.185969388245894e-05
TR,69,32,38.74796164937646,0.1406533741496574
TR,32,32,40.350090753684846,6.802721088661201e-05
TR,62,32,40.35015878089573,0.1331519274376376
TR,77,51,43.08127371887758,6.499421768779712e-05
TR,71,51,43.08133871309527,0.1315793675736927
TR,71,51,44.304772808560124,0.12679287755102564
TR,44,51,46.31483075436511,6.802721088661201e-05
TR,74,51,46.314898781576,0.12973326660997486
TR,77,51,47.50095963764175,4.332947845853141e-05
TR,69,51,47.50100296712021,0.13487611116779874
TR,69,51,49.509746478741526,0.13489866400226447
TR,71,51,50.73284491655332,0.12991067295918413
TR,44,51,51.526317109297075,6.802721088661201e-05
TR,74,51,51.52638513650796,0.1320181405895724
TR,65,51,53.12201747063495,4.332947845853141e-05
TR,57,51,53.12206080011341,1.9419114284580488
NO,69,32,56.344912892120206,1.2031611904761874
NO,79,32,59.580247380328814,6.669336735143361e-05
NO,69,32,59.580314073696165,1.1957811193877603
NO,32,32,60.7765398155329,6.669336735143361e-05
NO,62,32,60.77660650890025,2.0265607918367223
NO,77,32,62.80354005266441,6.989098639564872e-05
NO,67,32,62.803609943650805,1.2039968704648416
NO,66,32,64.8096929819161,4.535147392914496e-05
NO,62,32,64.80973833339003,1.5990195031179297
NO,77,32,66.40913576558958,4.446224490095574e-05
NO,69,32,66.40918022783448,2.0219504043650716
NO,69,32,69.2258042197279,1.2059458585034122
NO,79,32,72.45753356020411,6.848384353475012e-05
NO,69,32,72.45760204404765,1.1964337036848178
NO,32,32,73.65457996541953,4.535147392914496e-05
NO,62,32,73.65462531689346,0.39996499886620995
NO,62,32,74.05497839087305,0.4023425807823173
NO,66,32,74.45770904676874,4.5655895689833415e-05
NO,59,32,74.45775470266443,1.2273311376417269
NO,71,32,75.68544153826534,6.669336735853904e-05
NO,67,32,75.6855082316327,1.2178331147959227
NO,79,32,77.7074004969955,4.659399093043248e-05
NO,69,32,77.70744709098643,0.8035545328231279
NO,69,32,78.51139767273247,0.4113783459183651
NO,62,32,79.30652086400231,0.6027808318027326
NO,78,32,79.90975825476195,4.5655895689833415e-05
NO,71,32,79.90980391065764,0.35499167562359446
NO,71,32,80.3167245891724,0.353037203571418
NO,44,32,80.71962620039687,4.446224490095574e-05
NO,74,32,80.71967066264178,0.34888912942176376
NO,77,32,81.12030241899099,4.659399091622163e-05
NO,71,32,81.1203490129819,0.7596101606009285
NO,44,32,81.93027663390029,4.5351473914934104e-05
NO,64,32,81.9303219853742,1.1595122446145183
NO,78,32,83.13909839733567,6.669336734432818e-05
NO,71,32,83.13916509070302,0.349039418707477
NO,71,32,83.54015680929712,0.35327930895691395
NO,44,32,83.94330052590709,6.669336734432818e-05
NO,74,32,83.94336721927444,0.34629384591836754
NO,77,32,84.34045324914972,4.5655895689833415e-05
NO,71,32,84.34049890504541,0.7641301811224537
NO,44,32,85.1552843024377,4.5655895689833415e-05
NO,64,32,85.1553299583334,1.1525505471655322
NO,78,32,86.35714467284586,6.669336735853904e-05
NO,71,32,86.35721136621322,0.34924406632651994
NO,71,32,86.75819805946718,0.35712585096372607
NO,44,32,87.16602478259644,4.5655895689833415e-05
NO,74,32,87.16607043849213,0.3516001746031776
NO,77,32,87.56839623667807,6.802721088661201e-05
NO,71,32,87.56846426388896,0.7565828001700794
NO,44,32,88.37674309699554,4.659399093043248e-05
NO,64,32,88.37678969098647,1.1610863991496672
NO,90,32,89.58853130640598,4.5655895689833415e-05
NO,83,32,89.58857696230167,0.3490537001700744
NO,83,32,89.98696152318603,0.3491038281179186
NO,56,32,90.38776138424045,6.989098639564872e-05
NO,86,32,90.38783127522684,0.9926127392857182
NO,84,32,91.38044401451256,0.15233875051019652
NO,88,32,91.5845253919502,6.989098639564872e-05
NO,83,32,91.58459528293659,0.3597056099773255
NO,56,32,91.99655605374157,4.659399093043248e-05
NO,74,32,91.9966026477325,0.9923631723922881
NO,72,32,92.98896582012479,0.15228545646257885
NO,76,32,93.19318027947853,6.989098639564872e-05
NO,71,32,93.19325017046492,1.5694532364512668
NO,44,32,94.81335862318602,4.5655895689833415e-05
NO,64,32,94.81340427908171,1.1564227503401412
NO,78,32,96.02041376184815,6.848384354896098e-05
NO,71,32,96.0204822456917,0.35158678004535204
NO,71,32,96.42263591916108,0.3508577120181542
NO,44,32,96.82469671819737,6.848384353475012e-05
NO,74,32,96.82476520204091,0.3510772590702942
NO,77,32,97.22629597585043,6.802721088661201e-05
NO,71,32,97.22636400306132,0.7569394001700687
NO,44,32,98.0349994361679,4.659399093043248e-05
NO,64,32,98.03504603015882,1.1552726397959248
NO,78,32,99.24227096984137,4.659399091622163e-05
NO,71,32,99.24231756383229,0.3571854200113478
NO,71,32,99.65015820011348,0.3490044608276577
NO,44,32,100.04849352165543,4.446224490095574e-05
NO,74,32,100.04853798390033,0.34899586972788654
NO,74,32,100.44953274750577,4.659399093043248e-05
NO,78,32,100.4495793414967,1.1615815083333274
NO,78,32,101.65923490617924,0.7555165388321967
NO,76,32,102.46633099297061,0.35373169654195635
NO,91,32,102.86939355022685,4.446224490095574e-05
NO,79,32,102.86943801247175,0.3489611533446606
NO,79,32,103.27009519875293,4.659399093043248e-05
NO,83,32,103.27014179274386,0.35646978446712296
NO,68,32,103.67692903752844,4.5351473914934104e-05
NO,90,32,103.67697438900235,1.1461118412698568
NO,90,32,104.87340369058967,0.7503330101474006
NO,78,32,105.67311202369625,6.669336734432818e-05
NO,71,32,105.67317871706359,0.34953185204081194
NO,71,32,106.07466286899103,0.3595658280045342
NO,44,32,106.48648385782323,6.989098639564872e-05
NO,74,32,106.48655374880963,0.3528585927437575
NO,77,32,106.88878766451256,4.446224490095574e-05
NO,71,32,106.88883212675746,0.7529010738662123
NO,44,32,107.69342923356018,4.659399093043248e-05
NO,64,32,107.69347582755111,1.1613992908163198
NO,78,32,108.90546185079373,6.848384353475012e-05
NO,71,32,108.90553033463726,0.35246351473924165
NO,71,32,109.30890017307264,0.3515542142857129
NO,44,32,109.7117242286282,4.5351473914934104e-05
NO,74,32,109.71176958010211,0.34641061196145984
NO,89,32,110.10755551502275,6.669336734432818e-05
NO,79,32,110.1076222083901,0.3493431925170114
NO,2,32,110.50891770079373,4.659399093043248e-05
NO,78,32,110.50896429478466,0.3597755009637069
NO,78,32,110.92043582868489,4.659399093043248e-05
NO,74,32,110.92048242267582,0.35361795255100503
NO,77,32,111.32343123594111,4.446224490095574e-05
NO,69,32,111.32347569818602,0.7495039422902465
NO,69,32,112.12493194036287,0.3535888695578251
NO,66,32,112.92869614614519,4.659399093043248e-05
NO,62,32,112.92874274013612,0.3534911136621304
NO,65,32,113.33156471451254,4.446224490095574e-05
NO,57,32,113.33160917675744,0.34929492420634745
NO,57,32,113.73248364892297,0.35324093752834074
NO,54,32,114.53622455770982,6.989098639564872e-05
NO,50,32,114.53629444869621,0.7546578142857072
NO,50,32,115.34434401553294,0.36009325867347286
NO,52,32,115.7538125971656,0.3488279192176833
NO,67,32,116.15456951927445,6.989098639564872e-05
NO,57,32,116.15463941026084,0.15420281298185046
NO,72,64,0.4124844825963719,6.98909863945385e-05
NO,78,64,0.4125543735827664,0.359286264058957
NO,90,64,0.8240026104875283,6.98909863945385e-05
NO,79,64,0.8240725014739229,0.35045507443310664
NO,79,64,1.2252985509637189,6.802721088416952e-05
NO,83,64,1.225366578174603,1.9447312450113379
NO,56,64,3.631429258730159,6.989098639431646e-05
NO,78,64,3.631499149716553,0.3592862640589569
NO,90,64,4.042947386621315,6.989098639476055e-05
NO,79,64,4.04301727760771,0.35061038905895625
NO,88,64,4.8476640450680275,6.848384353741466e-05
NO,86,64,4.847732528911565,1.5364696865079361
NO,74,64,6.846166087755102,6.989098639476055e-05
NO,78,64,6.846235978741497,0.3519373611111112
NO,90,64,7.249787329931973,6.848384353741466e-05
NO,79,64,7.24985581377551,0.351550396825397
NO,79,64,7.653020200680272,6.848384353741466e-05
NO,83,64,7.6530886845238095,0.7589280242630396
NO,83,64,8.464481542573697,4.6593990928656126e-05
NO,81,64,8.464528136564626,0.7512527780045364
NO,44,64,9.26824574835601,4.659399093043248e-05
NO,78,64,9.26829234234694,0.7555149905328786
NO,91,64,10.075215871428572,6.848384353830284e-05
NO,79,64,10.07528435527211,0.34936967148526143
NO,79,64,10.47617330113379,0.7130537087301594
NO,0,64,11.189227009863949,4.4462244897403025e-05
NO,79,64,11.189271472108846,0.016384337244899072
NO,91,64,11.205655809353745,6.669336734610454e-05
NO,79,64,11.205722502721091,0.11535567993197304
NO,0,64,11.321078182653064,4.565589569160977e-05
NO,79,64,11.321123838548756,0.016755713718820786
NO,91,64,11.337879552267577,4.565589569160977e-05
NO,79,64,11.337925208163268,0.11756393140589516
NO,0,64,11.455489139569163,4.565589569160977e-05
NO,79,64,11.455534795464855,0.01728075651927341
NO,91,64,11.472815551984128,6.848384353830284e-05
NO,79,64,11.472884035827667,0.11701606065759584
NO,0,64,11.589900096485263,6.848384353830284e-05
NO,79,64,11.5899685803288,0.016824197562357313
NO,91,64,11.606792777891158,4.565589569160977e-05
NO,79,64,11.60683843378685,0.11747261961451372
NO,0,64,11.724311053401363,6.848384353652648e-05
NO,79,64,11.7243795372449,0.01673288577097587
NO,91,64,11.741112423015876,6.848384353652648e-05
NO,79,64,11.741180906859412,0.11754110345805024
NO,0,64,11.858722010317463,6.848384353652648e-05
NO,79,64,11.858790494161,0.017280756519275187
NO,91,64,11.876071250680274,4.565589569160977e-05
NO,79,64,11.876116906575966,0.11701606065759584
NO,0,64,11.993132967233562,6.848384353830284e-05
NO,79,64,11.9932014510771,0.016732885770974093
NO,91,64,12.009934336848074,6.848384353830284e-05
NO,79,64,12.010002820691613,0.11810677488662158
NO,0,64,12.128109595578234,6.989098639564872e-05
NO,79,64,12.12817948656463,0.017076697675735275
NO,91,64,12.145256184240365,6.989098639564872e-05
NO,79,64,12.14532607522676,0.11995622964852615
NO,0,64,12.265282304875287,6.989098639387237e-05
NO,79,64,12.26535219586168,0.017123291666667484
NO,91,64,12.282475487528348,6.989098639387237e-05
NO,79,64,12.282545378514742,0.11993293265306093
NO,0,64,12.402478311167803,6.989098639564872e-05
NO,79,64,12.402548202154199,0.01716988565759614
NO,91,64,12.419718087811795,6.989098639387237e-05
NO,79,64,12.419787978798189,0.11928564404762021
NO,0,64,12.539073622845809,6.848384353652648e-05
NO,79,64,12.539142106689345,0.01673288577097587
NO,91,64,12.555874992460321,6.848384353652648e-05
NO,79,64,12.555943476303858,0.11756393140589516
NO,0,64,12.673507407709753,4.565589569160977e-05
NO,79,64,12.673553063605445,0.017303584467120103
NO,91,64,12.690856648072565,4.565589569160977e-05
NO,79,64,12.690902303968256,0.11701606065759762
NO,0,64,12.807918364625854,4.565589569160977e-05
NO,79,64,12.807964020521545,0.016847025510204006
NO,91,64,12.82481104603175,4.565589569160977e-05
NO,79,64,12.824856701927441,0.016732885770974093
NO,2,64,13.295637470351478,6.848384353652648e-05
NO,78,64,13.295705954195014,0.35865539501133803
NO,90,64,13.706523322052158,6.989098639387237e-05
NO,79,64,13.706593213038552,0.3592862640589569
NO,79,64,14.118041449943314,6.989098639387237e-05
NO,83,64,14.118111340929708,1.9421925098072563
NO,56,64,16.52208304529479,6.989098639564872e-05
NO,78,64,16.522152936281184,0.35042214773242364
NO,90,64,16.923346059070298,6.80272108830593e-05
NO,79,64,16.92341408628118,0.35831026695011303
NO,88,64,17.738097328061226,6.848384353475012e-05
NO,86,64,17.73816581190476,1.53648703854876
NO,74,64,19.726172124829937,6.80272108830593e-05
NO,78,64,19.72624015204082,0.3581909896825408
NO,90,64,20.13710564846939,6.989098639564872e-05
NO,79,64,20.137175539455786,0.35197957539682534
NO,79,64,20.540769104931975,6.848384353830284e-05
NO,83,64,20.540837588775513,0.752326547052153
NO,83,64,21.34457267437642,4.565589569338613e-05
NO,81,64,21.344618330272112,0.75889644586168
NO,44,64,22.15597960992064,4.659399093043248e-05
NO,78,64,22.15602620391157,0.7512294810090729
NO,91,64,22.95972051870749,6.989098639564872e-05
NO,79,64,22.959790409693884,0.343155492857143
NO,79,64,23.35369955510205,4.4462244897403025e-05
NO,83,64,23.353744017346948,0.7580310762471676
NO,83,64,24.16423992738096,6.989098639564872e-05
NO,81,64,24.164309818367357,0.7509499170634939
NO,44,64,24.967514896258514,4.659399093043248e-05
NO,78,64,24.967561490249444,4.099168314342414
NO,62,40,55.944776837698434,4.535147392203953e-05
NO,64,40,55.944822189172356,1.2036373809523795
NO,64,40,57.14884505765308,4.535147392914496e-05
NO,62,40,57.148890409127006,1.2035245201814035
NO,62,40,59.18657414019276,1.1973375590702986
NO,65,40,60.38440093616782,4.659399093043248e-05
NO,59,40,60.38444753015875,1.1927574425736935
NO,44,40,62.39244127069163,4.6593990923327055e-05
NO,64,40,62.39248786468255,1.2146300178004523
NO,64,40,63.607513931405904,4.659399093043248e-05
NO,62,40,63.607560525396835,0.8012707785147342
NO,65,40,64.40921679143992,4.5351473914934104e-05
NO,57,40,64.40926214291383,1.6077230316893605
NO,31,40,66.01737324971657,4.5655895689833415e-05
NO,62,40,66.01741890561226,2.01094780096372
NO,62,40,68.81505147607712,4.332947845853141e-05
NO,64,40,68.81509480555557,1.2143839192176955
NO,64,40,70.02986421230162,4.5351473914934104e-05
NO,62,40,70.02990956377553,1.197996981235832
NO,62,40,72.05471159251704,1.2070137608276639
NO,77,40,73.26225890028347,6.669336735853904e-05
NO,67,40,73.26232559365083,0.3925491563492045
NO,67,40,73.65523756179141,0.4000147644557899
NO,31,40,74.05564040136058,6.848384353475012e-05
NO,66,40,74.05570888520411,1.235810485714282
NO,66,40,75.29190262261908,1.2174863486394685
NO,64,40,76.50979617619052,4.790646258356901e-05
NO,62,40,76.5098440826531,0.7868547443877532
NO,62,40,77.2970767561225,4.446224490095574e-05
NO,66,40,77.2971212183674,0.8032906525510128
NO,66,40,78.10078980000004,0.41088743667799577
NO,66,40,78.51207328560095,6.989098639564872e-05
NO,57,40,78.51214317658734,0.41133175192743465
NO,57,40,78.92387097743769,4.659399091622163e-05
NO,59,40,78.9239175714286,0.7850003981859572
NO,71,40,79.70937452857147,4.565589570404427e-05
NO,67,40,79.70942018446718,0.35125363350339
NO,78,40,80.5233922359411,6.989098638143787e-05
NO,69,40,80.52346212692748,0.3429117127551109
NO,69,40,80.91710526111116,0.7622782693310768
NO,76,40,82.94348053185948,6.802721088661201e-05
NO,67,40,82.94354855907036,0.34278656224489623
NO,78,40,83.74682445606582,4.659399093043248e-05
NO,69,40,83.74687105005675,0.34317711513605786
NO,69,40,84.14095743560097,0.7606737203514768
NO,76,40,86.16138106439915,4.659399093043248e-05
NO,67,40,86.16142765839008,0.34295373843538357
NO,78,40,86.96507537919507,4.659399093043248e-05
NO,69,40,86.965121973186,0.3520694800453583
NO,69,40,87.36896523894565,0.7521439234693901
NO,55,40,88.1721752817461,6.848384353475012e-05
NO,59,40,88.17224376558964,1.1647253146258691
NO,83,40,89.38769470379827,4.5351473914934104e-05
NO,79,40,89.38774005527219,0.35200357766440504
NO,90,40,90.18388480583909,4.446224490095574e-05
NO,81,40,90.18392926808399,1.1466058765306144
NO,81,40,91.38093309920643,0.3578882937074752
NO,67,40,91.79191524557831,1.1468304689342403
NO,69,40,92.98945490481867,1.5722714788548728
NO,76,40,95.82052002930847,6.669336734432818e-05
NO,67,40,95.82058672267581,0.35101653775510044
NO,78,40,96.62429124795926,4.535147392914496e-05
NO,69,40,96.62433659943319,0.35104740249433064
NO,69,40,97.02756869070303,0.7517558483560265
NO,55,40,97.83039065839013,1.1559205354875246
NO,69,40,99.03751428089579,0.35907598690475595
NO,78,40,99.85284754903638,6.848384353475012e-05
NO,69,40,99.85291603287992,0.34283644387754464
NO,57,40,100.24659505379829,4.446224490095574e-05
NO,59,40,100.24663951604319,1.168945919217677
NO,59,40,101.46812016003412,0.7409188150226669
NO,59,40,102.26115435391166,0.35949593701813853
NO,44,40,102.67318501570304,6.989098639564872e-05
NO,64,40,102.67325490668944,0.3433309052721114
NO,78,40,103.0663168328799,4.446224490095574e-05
NO,67,40,103.0663612951248,0.35805320158729614
NO,67,40,103.47720548843546,4.659399093043248e-05
NO,71,40,103.47725208242639,1.1453568181972855
NO,71,40,104.67408592301597,0.752235235260784
NO,71,40,105.4776840409298,4.5655895689833415e-05
NO,67,40,105.47772969682549,0.34253012636054336
NO,78,40,106.28184304965997,4.659399091622163e-05
NO,69,40,106.28188964365089,0.3583776812358366
NO,69,40,106.69336117755113,0.7443074785714145
NO,76,40,108.70438528304997,4.790646258356901e-05
NO,67,40,108.70443318951256,0.3521268480725581
NO,78,40,109.51190911326539,4.5655895689833415e-05
NO,69,40,109.51195476916108,0.34895313293650077
NO,69,40,109.91258590663273,1.1621692200113358
NO,93,40,111.1272898514173,0.3432447217687127
NO,90,40,111.92032251190483,4.535147392914496e-05
NO,86,40,111.92036786337876,0.3588833749433036
NO,89,40,112.3317859630953,6.989098639564872e-05
NO,81,40,112.3318558540817,0.3431658471655368
NO,81,40,112.7247527221656,0.35826272193877173
NO,78,40,113.5284879971656,4.446224490095574e-05
NO,74,40,113.5285324594105,1.1618483172902359
NO,77,40,114.74237967057829,6.989098639564872e-05
NO,69,40,114.74244956156468,0.7604887983560076
NO,31,40,115.55683313032885,7.185969387535351e-05
NO,62,40,115.55690499002273,0.7521003121882188
TR,42,80,29.358042961734714,0.20047882448979593
TR,40,80,29.55852178622451,1.4132925812925201
TR,42,80,31.43046291655331,6.848384353830284e-05
TR,35,80,31.43053140039685,1.5542283548752884
TR,21,80,33.83322226326534,4.446224490095574e-05
TR,40,80,33.83326672551024,1.5475023229591827
TR,42,80,35.83153150119052,4.5655895689833415e-05
TR,35,80,35.83157715708621,1.576639171598643
TR,21,80,38.261327495975095,6.499421768779712e-05
TR,40,80,38.26139249019278,1.555874667120186
TR,42,80,40.251768758219995,6.802721088661201e-05
TR,35,80,40.25183678543088,1.5624773630385391
TR,21,80,42.69643797182543,4.8940476190750815e-05
TR,40,80,42.69648691230162,1.557310839569162
TR,42,80,44.68705795583904,4.332947845853141e-05
TR,35,80,44.687101285317496,1.576595682199546
TR,21,80,47.11758635192747,6.989098639564872e-05
TR,40,80,47.11765624291387,1.5361721535147268
TR,42,80,49.12602199478461,7.185969387535351e-05
TR,35,80,49.12609385447848,1.5557760053854892
TR,21,80,51.52699738140592,4.535147392203953e-05
TR,40,80,51.52704273287984,1.5455574675737012
TR,40,80,53.541494113151956,6.499421768779712e-05
TR,38,80,53.54155910736964,1.5393971143990939
NO,0,40,0.6178474976190476,4.659399092976635e-05
NO,78,40,0.6178940916099773,0.3563840511904762
NO,90,40,1.0246409545918367,4.535147392292771e-05
NO,79,40,1.0246863060657596,0.3501133786848072
NO,79,40,1.42516249654195,4.535147392292771e-05
NO,83,40,1.425207848015873,1.9487197198412698
NO,56,40,3.8367922737528346,4.6593990929544304e-05
NO,78,40,3.836838867743764,0.3565393658163263
NO,90,40,4.243741045351474,4.535147392292771e-05
NO,79,40,4.243786396825397,0.3509211581632661
NO,7,40,4.645408427154195,4.565589569160977e-05
NO,88,40,4.645454083049887,0.3517202616213151
NO,88,40,5.0477639138322,6.802721088394748e-05
NO,86,40,5.047831941043084,1.5403199219387753
NO,74,40,7.0477828194444445,4.565589569160977e-05
NO,78,40,7.047828475340136,0.3519841278344673
NO,90,40,7.451015690192744,4.565589569160977e-05
NO,79,40,7.451061346088435,0.35107984665532843
NO,79,40,7.852980195011337,6.802721088483565e-05
NO,83,40,7.853048222222222,0.7582931791383221
NO,83,40,8.661205809013605,0.7575695941609997
NO,43,40,9.469978490192744,6.848384353830284e-05
NO,78,40,9.470046974036283,0.7543576196145132
NO,90,40,10.275266271655331,4.535147392203953e-05
NO,79,40,10.275311623129253,0.3504544121315192
NO,79,40,10.677128917913834,2.3661912448979603
NO,90,40,13.911886337074833,4.659399093043248e-05
NO,79,40,13.911932931065763,0.3540639441043094
NO,79,40,14.315372198129255,4.446224489917938e-05
NO,83,40,14.315416660374154,1.9491646940476173
NO,56,40,16.722688462698414,4.535147392203953e-05
NO,78,40,16.722733814172337,0.35325477210884415
NO,90,40,17.12773121320862,4.659399093043248e-05
NO,79,40,17.12777780719955,0.35736303078230947
NO,7,40,17.53584171014739,4.565589569338613e-05
NO,88,40,17.535887366043085,0.3517376136621344
NO,88,40,17.938214548866217,6.80272108830593e-05
NO,86,40,17.9382825760771,1.5367557619047645
NO,74,40,19.93095053560091,4.659399093043248e-05
NO,78,40,19.93099712959184,0.3565643778344665
NO,90,40,20.338764594444445,4.565589569338613e-05
NO,79,40,20.33881025034014,0.3510971986961451
NO,79,40,20.74074645130386,6.80272108830593e-05
NO,83,40,20.740814478514743,0.7528890816326523
NO,83,40,21.544565238151932,0.7583445781746043
NO,43,40,22.352774223979598,6.66933673478809e-05
NO,78,40,22.352840917346946,0.7537819428571453
NO,90,40,23.156487267857152,4.4462244897403025e-05
NO,79,40,23.15653173010205,0.3453808934807263
NO,79,40,23.55309176190477,4.535147392203953e-05
NO,83,40,23.553137113378693,0.757928412641725
NO,83,40,24.36092993367348,0.7538486362244932
NO,43,40,25.164865288775523,6.66933673478809e-05
NO,78,40,25.16493198214287,3.728982715306131
NO,74,40,28.893914697449002,0.1732598999999979
NO,89,80,30.2122817346939,4.659399093043248e-05
NO,79,80,30.21232832868483,0.14613795753968262
NO,90,80,33.44119643129255,4.535147392203953e-05
NO,81,80,33.441241782766475,0.14605980396825657
NO,43,80,34.637569046541984,4.659399093043248e-05
NO,74,80,34.637615640532914,0.14926195402494358
NO,89,80,36.6573077619615,4.790646258356901e-05
NO,79,80,36.65735566842408,0.14643561343537215
NO,90,80,38.645421657766484,4.3329478451425985e-05
NO,81,80,38.645464987244935,0.15550516298186068
NO,43,80,40.25244903032884,4.535147392203953e-05
NO,74,80,40.25249438180276,0.1476417233560099
NO,89,80,43.082161973185976,4.332947845853141e-05
NO,79,80,43.082205302664434,0.14778760793650036
NO,90,80,46.315941865476226,6.802721087950658e-05
NO,81,80,46.316009892687106,0.1453621907029543
NO,43,80,47.50182622721091,6.499421768779712e-05
NO,74,80,47.5018912214286,0.15153049444444378
NO,89,80,49.51063473304992,4.332947845853141e-05
NO,79,80,49.51067806252838,0.15150971780045097
NO,90,80,51.52758695056692,4.535147392203953e-05
NO,81,80,51.52763230204084,0.1476417233560099
NO,43,80,53.123230696031776,4.332947845853141e-05
NO,74,80,53.123274025510234,1.9580474434240358
NO,38,32,55.54362099557826,6.989098639564872e-05
NO,40,32,55.543690886564654,0.7501335701813971
NO,40,32,56.74769802845807,1.9640403194444431
NO,40,32,58.763527568820884,0.7670777150793597
NO,40,32,59.97255999818596,1.957161139512472
NO,40,32,61.980467665759654,0.7710501960317444
NO,40,32,63.19671983492064,1.956056718877548
NO,40,32,65.20219633900228,0.7635172647392352
NO,40,32,66.40975823701815,1.9711404412131515
NO,40,32,68.4320622159864,0.7412538729591915
NO,40,32,69.62869998327666,1.9681776069728016
NO,40,32,71.65012562341273,0.7564331292516897
NO,40,32,72.85776382947849,1.959275111451248
NO,40,32,74.8688281618481,0.7669712799886668
NO,40,32,76.0880854959184,1.962817665306119
NO,40,32,78.10143450255106,0.35759152437641717
NO,52,80,78.51298186842408,4.659399093043248e-05
NO,50,80,78.51302846241501,0.3575156924036236
NO,50,80,78.9244534023243,4.659399093043248e-05
NO,52,80,78.92449999631523,0.7331920583333442
NO,66,80,81.73104317641729,4.5655895689833415e-05
NO,55,80,81.73108883231298,0.3493918832199654
NO,66,80,84.9543522566894,4.659399093043248e-05
NO,57,80,84.95439885068033,0.35209777828798394
NO,19,80,86.16196348928578,6.989098638143787e-05
NO,50,80,86.16203338027216,0.3425036344104342
NO,65,80,88.1727688083901,4.5655895689833415e-05
NO,55,80,88.17281446428579,0.3582479306689237
NO,54,80,90.18444058390031,6.669336734432818e-05
NO,47,80,90.18450727726766,0.3575734049319692
NO,47,80,91.79249767046493,0.35772536536282473
NO,59,80,94.61304157641732,4.5351473914934104e-05
NO,55,80,94.61308692789123,0.3514840218253994
NO,66,80,97.83096135708627,6.848384353475012e-05
NO,57,80,97.8310298409298,0.3582888931972832
NO,19,80,99.03810780753977,4.565589570404427e-05
NO,50,80,99.03815346343548,0.3586231803287916
NO,65,80,101.0565812277212,4.5351473914934104e-05
NO,55,80,101.05662657919511,0.35914523202947635
NO,54,80,103.06687261094113,6.669336734432818e-05
NO,47,80,103.06693930430848,0.3576615683673481
NO,47,80,104.67467944965995,0.34886029535148566
NO,59,80,107.4893283020976,4.5655895689833415e-05
NO,55,80,107.4893739579933,0.3583745735260635
NO,66,80,110.71535237760779,6.989098639564872e-05
NO,57,80,110.71542226859418,0.35951923401360375
NO,19,80,111.92088940532886,6.802721088661201e-05
NO,50,80,111.92095743253975,0.3584801817460317
NO,65,80,113.52906600634927,4.446224490095574e-05
NO,55,80,113.52911046859417,0.3576924782879729
NO,54,80,114.33260120124723,4.446224490095574e-05
NO,50,80,114.33264566349213,0.3579214891723268
NO,50,80,115.13580292930845,6.669336734432818e-05
NO,52,80,115.1358696226758,0.3672603630952409
NO,52,80,115.55745591434247,0.3435711756802675
NO,66,80,115.95080257318601,6.669336734432818e-05
NO,57,80,115.95086926655335,0.35832241162131595
NO,0,32,0.009682539682539683,4.535147392290169e-05
NO,52,32,0.009727891156462585,2.362430037471655
NO,52,32,3.221866530668934,2.3615156676303855
NO,52,32,6.436651195011338,2.3711244043083894
NO,52,32,9.671868860941045,2.3551407808956917
NO,52,32,12.8944591149093,2.361422368424037
NO,52,32,16.112420055668938,2.3615063666666636
NO,52,32,19.327101830045358,2.3669645418934238
NO,52,32,22.549364039795925,6.669336734432818e-05
NO,50,32,22.54943073316327,1.5628103003401392
NO,50,32,25.772117793877566,1.5395450755102082
NO,62,32,55.13694864274379,4.659399093043248e-05
NO,64,32,55.13699523673472,0.7563530295351484
NO,64,32,56.34588794880955,1.56227256927437
NO,64,32,58.35325971196147,0.7794675642857172
NO,64,32,59.58122554971657,1.545027042063495
NO,64,32,61.57806665073698,0.7620029741496595
NO,64,32,62.804565120464865,1.5538126687074723
NO,64,32,64.81050930844671,0.7506058744331199
NO,64,32,66.01828636763041,1.5397095686507782
NO,64,32,68.02939669552156,0.7365191519841261
NO,64,32,69.2268059905329,1.5580924408730255
NO,64,32,71.22875132766443,0.7746430380952347
NO,64,32,72.45853798990933,1.5452256489795957
NO,64,32,74.45853085289119,0.7795488590136017
NO,64,32,75.6864197076531,1.5608148719387742
NO,64,32,77.70823918883224,0.7509732140589591
NO,64,32,78.92505912420638,1.5461711388889086
NO,64,32,80.91808343049892,0.7616653471088455
NO,64,32,82.13154647517013,0.7612537845805036
NO,64,32,83.3374667029479,0.7528260045918387
NO,64,32,84.14162436927444,0.7603795386054344
NO,64,32,85.35790516751707,0.7513139240362676
NO,64,32,86.55609098764178,0.7614428848072663
NO,66,32,87.36994684070301,0.7515275688775631
NO,64,32,88.58352722874157,0.753781987528356
NO,64,32,89.7922250850341,0.7500419731292425
NO,64,32,90.59557058378694,0.7352091031745971
NO,64,32,91.79310339234702,0.752951775226748
NO,64,32,92.99012183849214,0.7595797855442186
NO,64,32,93.80151568299327,0.7605735124716659
NO,64,32,95.01597948826539,0.7546983645124783
NO,64,32,96.22403905663273,0.7515960527210979
NO,64,32,97.02823070119057,6.848384353475012e-05
NO,62,32,97.0282991850341,0.7513677732426487
NO,62,32,98.24178356791393,0.7448700451814148
NO,62,32,99.85353238747176,0.3425757872448969
NO,62,32,100.2475509920636,4.446224490095574e-05
NO,64,32,100.2475954543085,0.7588270432539588
NO,64,32,101.46905203985271,0.7403363901360365
NO,64,32,102.67411689552164,0.7506703531179113
NO,64,32,103.47813736825405,0.7430357028911629
NO,64,32,104.67527297630394,1.5539887545918418
NO,64,32,106.6943629483561,0.7436709549319716
NO,64,32,107.90021336530621,0.7502052876417196
NO,64,32,108.70560689784588,0.754779537131526
NO,64,32,109.91324350300461,4.535147392914496e-05
NO,62,32,109.91328885447854,0.7501345202380918
NO,62,32,111.1282217312359,0.7416699416666717
NO,62,32,112.3327178429139,0.7506470561224461
NO,62,32,113.13664512766447,6.989098639564872e-05
NO,66,32,113.13671501865086,0.7502743041950026
NO,66,32,114.33315697930846,1.9761977778344715
TR,43,25,0.010929705215419501,6.80272108843534e-05
TR,47,25,0.010997732426303855,2.361333514115646
TR,47,25,3.2225241270408165,2.361009724433106
TR,47,25,6.43730879138322,2.3706446569161006
TR,47,25,9.672530871428572,2.3546613939909307
TR,47,25,12.895143953344675,2.360893147845804
TR,47,25,16.113082066156466,2.3610176740929703
TR,47,25,19.327759426417238,2.3664883514172352
TR,47,25,22.550030973469394,1.5623964359977371
TR,45,25,25.77272351575965,1.539117202607713
TR,57,25,55.13762425561227,6.98909863885433e-05
TR,59,25,55.13769414659866,0.7558355255668943
TR,59,25,56.34647751797054,1.5618460790816329
TR,59,25,58.35390441451249,0.7790144875850302
TR,59,25,59.58180355890025,1.5446304387755063
TR,59,25,61.578724247108866,0.7615317537414867
TR,59,25,62.80517084234695,1.553388352721086
TR,59,25,64.81118958055556,0.7501119782879897
TR,59,25,66.01885706632655,1.5393121878684752
TR,59,25,68.03009133922903,0.7359978261904843
TR,59,25,69.22741171241498,1.5576465146258585
TR,59,25,71.22939603021545,0.7741809591269799
TR,59,25,72.45913151655331,1.5448135282313018
TR,59,25,74.45921569132656,0.7790556464285743
TR,59,25,75.68699771683677,1.5604147117347082
TR,59,25,77.70893809869618,0.7504606801587386
TR,59,25,78.92564154909302,1.5457750899659999
TR,44,25,80.91872813304994,4.446224490095574e-05
TR,60,25,80.91877259529484,0.7611359779478448
TR,60,25,82.13211336859416,0.7608682970521556
TR,60,25,83.33804471213159,0.7524258443877443
TR,60,25,84.14218014733567,0.7599868395124645
TR,60,25,85.35847586621321,0.7509296013038522
TR,60,25,86.55664676570301,4.446224490095574e-05
TR,62,25,86.55669122794791,0.7610024401360533
TR,65,25,87.370540367347,4.5655895689833415e-05
TR,59,25,87.3705860232427,0.7510481819728057
TR,59,25,88.58410965362819,0.7533582928004705
TR,59,25,89.79279578373024,0.7496343534013619
TR,59,25,90.59617630566902,0.7347812302721053
TR,59,25,91.79368581723364,0.7525249681972781
TR,59,25,92.99067761655337,0.7592054133786803
TR,44,25,93.8020825764173,4.535147392914496e-05
TR,60,25,93.80212792789123,0.7601199977324313
TR,60,25,95.01655018696154,0.7543055147959166
TR,60,25,96.22460975532888,0.7512079776077201
TR,64,25,97.02882422783456,4.5655895689833415e-05
TR,57,25,97.02886988373025,0.7509568701814118
TR,57,25,98.24236599280056,0.7444702438775437
TR,57,25,99.8541030861679,0.342160706405906
TR,57,25,100.24812900124726,4.446224490095574e-05
TR,59,25,100.24817346349217,0.7584304399659914
TR,59,25,101.4696577617348,0.7399170442176768
TR,59,25,102.67472261740372,0.7502277102040864
TR,59,25,103.47871979314068,0.7426311269841221
TR,59,25,104.6758436750001,1.553581134863947
TR,44,25,106.6949686702382,4.659399093043248e-05
TR,60,25,106.69501526422913,0.7431784346938741
TR,60,25,107.90079579019283,0.7498144886054376
TR,60,25,108.7062296818595,0.7543165487528256
TR,64,25,109.91383307216562,4.5351473914934104e-05
TR,57,25,109.91387842363953,0.7497313270408199
TR,57,25,111.12882745311799,0.7412456256802642
TR,57,25,112.33332356479599,0.7502277102040722
TR,31,25,113.13725084954655,4.659399093043248e-05
TR,62,25,113.13729744353748,0.7498782552721082
TR,62,25,114.33373498849213,1.9758061446145092
