P1,65,101,0.0,1.1333333333333333
P1,65,101,1.15,0.2333333333333334
P1,66,101,1.4,0.3666666666666667
P1,65,101,1.7833333333333332,0.10000000000000009
P1,68,101,1.9,1.2333333333333334
P1,68,101,3.15,0.2333333333333334
P1,70,101,3.4,0.2333333333333334
P1,68,101,3.65,0.2333333333333334
P1,73,101,3.9,1.2333333333333338
P1,73,101,5.15,0.2333333333333334
P1,75,101,5.4,0.2333333333333334
P1,73,101,5.65,0.2333333333333334
P1,72,101,5.9,0.2333333333333334
P1,70,101,6.15,0.2333333333333334
P1,68,101,6.4,1.4833333333333334
P1,66,101,7.9,1.2333333333333343
P1,66,101,9.15,0.23333333333333428
P1,68,101,9.4,0.23333333333333428
P1,66,101,9.65,0.23333333333333428
P1,68,101,9.9,1.2333333333333343
P1,68,101,11.15,0.23333333333333428
P1,70,101,11.4,0.23333333333333428
P1,68,101,11.65,0.23333333333333428
P1,70,101,11.9,1.2333333333333343
P1,70,101,13.15,0.23333333333333428
P1,72,101,13.4,0.23333333333333428
P1,73,101,13.65,0.23333333333333428
P1,74,101,13.9,0.9833333333333343
P1,75,101,14.9,0.9833333333333343
P1,65,101,15.9,1.2333333333333325
P1,65,101,17.15,0.23333333333333428
P1,66,101,17.4,0.36666666666666714
P1,65,101,17.78333333333333,0.10000000000000142
P1,68,101,17.9,1.2333333333333343
P1,68,101,19.15,0.23333333333333428
P1,70,101,19.4,0.23333333333333428
P1,68,101,19.65,0.23333333333333428
P1,73,101,19.9,1.2333333333333343
P1,73,101,21.15,0.23333333333333428
P1,75,101,21.4,0.23333333333333428
P1,73,101,21.65,0.23333333333333428
P1,72,101,21.9,0.23333333333333428
P1,70,101,22.15,0.23333333333333428
P1,68,101,22.4,1.4833333333333343
P1,78,101,23.9,0.9833333333333343
P1,70,101,24.9,0.4833333333333343
P1,78,101,25.4,0.4833333333333343
P1,79,101,25.9,0.9833333333333343
P1,80,101,26.9,0.36666666666666714
P1,73,101,27.4,0.4833333333333343
P1,77,101,27.9,0.9833333333333343
P1,75,101,28.9,0.7333333333333343
P1,73,101,29.65,0.23333333333333428
P1,73,101,29.9,1.987700913333338
P1,71,101,31.904367580000002,1.2333333333333307
P1,71,101,33.15436758,0.23333333333333428
P1,73,101,33.40436758,0.23333333333333428
P1,75,101,33.65436758,0.23333333333333428
P1,77,101,33.90436758,1.2333333333333343
P1,77,101,35.15436758,0.23333333333333428
P1,78,101,35.40436758,0.23333333333333428
P1,80,101,35.65436758,0.23333333333333428
P1,78,101,35.90436758,1.2333333333333343
P1,80,101,37.15436758,0.23333333333333428
P1,78,101,37.40436758,0.23333333333333428
P1,77,101,37.65436758,0.23333333333333428
P1,78,101,37.90436758,0.23333333333333428
P1,77,101,38.15436758,0.23333333333333428
P1,75,101,38.40436758,1.4833333333333343
P1,71,101,39.90436758,1.2333333333333343
P1,71,101,41.15436758,0.23333333333333428
P1,73,101,41.40436758,0.23333333333333428
P1,75,101,41.65436758,0.23333333333333428
P1,77,101,41.90436758,1.2333333333333343
P1,77,101,43.15436758,0.23333333333333428
P1,78,101,43.40436758,0.23333333333333428
P1,79,101,43.65436758,0.23333333333333428
P1,79,101,43.90436758,0.9833333333333343
P1,80,101,44.90436758,0.9833333333333343
P1,65,101,47.90873516,1.2333333333333343
P1,65,101,49.15873516,0.23333333333333428
P1,66,101,49.40873516,0.36666666666666714
P1,65,101,49.79206849333333,0.10000000000000142
P1,68,101,49.90873516,1.2333333333333343
P1,68,101,51.15873516,0.23333333333333428
P1,70,101,51.40873516,0.23333333333333428
P1,68,101,51.65873516,0.23333333333333428
P1,73,101,51.90873516,1.2333333333333343
P1,73,101,53.15873516,0.23333333333333428
P1,75,101,53.40873516,0.23333333333333428
P1,73,101,53.65873516,0.23333333333333428
P1,72,101,53.90873516,0.23333333333333428
P1,70,101,54.15873516,0.23333333333333428
P1,68,101,54.40873516,1.4833333333333343
P1,66,101,55.90873516,1.2333333333333343
P1,66,101,57.15873516,0.23333333333333428
P1,68,101,57.40873516,0.23333333333333428
P1,66,101,57.65873516,0.23333333333333428
P1,68,101,57.90873516,1.2333333333333343
P1,68,101,59.15873516,0.23333333333333428
P1,70,101,59.40873516,0.23333333333333428
P1,68,101,59.65873516,0.23333333333333428
P1,70,101,59.90873516,1.2333333333333343
P1,70,101,61.15873516,0.23333333333333428
P1,72,101,61.40873516,0.23333333333333428
P1,73,101,61.65873516,0.23333333333333428
P1,74,101,61.90873516,0.9833333333333343
P1,75,101,62.90873516,0.9833333333333343
P1,65,101,63.90873516,1.2333333333333414
P1,65,101,65.15873515999999,0.2333333333333485
P1,66,101,65.40873515999999,0.36666666666667425
P1,65,101,65.79206849333333,0.10000000000000853
P1,68,101,65.90873515999999,1.2333333333333485
P1,68,101,67.15873515999999,0.2333333333333485
P1,70,101,67.40873515999999,0.2333333333333485
P1,68,101,67.65873515999999,0.2333333333333485
P1,73,101,67.90873515999999,1.2333333333333485
P1,73,101,69.15873515999999,0.2333333333333485
P1,75,101,69.40873515999999,0.2333333333333485
P1,73,101,69.65873515999999,0.2333333333333485
P1,72,101,69.90873515999999,0.2333333333333485
P1,70,101,70.15873515999999,0.2333333333333485
P1,68,101,70.40873515999999,1.4833333333333485
P1,78,101,71.90873515999999,0.9833333333333485
P1,70,101,72.90873515999999,0.4833333333333485
P1,78,101,73.40873515999999,0.4833333333333485
P1,79,101,73.90873515999999,0.9833333333333485
P1,80,101,74.90873515999999,0.36666666666667425
P1,73,101,75.40873515999999,0.4833333333333485
P1,77,101,75.90873515999999,0.9833333333333485
P1,75,101,76.90873515999999,0.7333333333333485
P1,73,101,77.65873515999999,0.2333333333333485
P1,73,101,77.90873515999999,1.9877009133333416
P1,70,101,79.91310274,1.9833333333333343
P1,68,101,81.91310274,1.9833333333333343
P1,66,101,83.91310274,1.9833333333333343
P1,68,101,85.91310274,1.987974146666673
P1,70,101,87.91747032,1.987974146666673
P1,68,101,89.92183790000001,1.9833333333333343
P1,66,101,91.92183790000001,1.987974146666673
P1,80,101,93.92620548000002,0.36666666666666003
P1,80,101,94.30953881333336,0.09999999999999432
P1,80,101,94.42620548000002,0.36666666666666003
P1,77,101,94.80953881333336,0.09999999999999432
P1,77,101,94.92620548000002,0.36666666666666003
P1,73,101,95.30953881333336,0.09999999999999432
P1,73,101,95.42620548000002,0.36666666666666003
P1,68,101,95.80953881333336,0.09999999999999432
P1,66,101,95.92620548000002,0.9833333333333343
P1,68,101,96.92620548000002,0.7333333333333343
P1,73,101,97.67620548000002,0.23333333333333428
P1,78,101,97.92620548000002,0.9833333333333343
P1,66,101,98.92620548000002,0.9833333333333343
P1,71,101,99.92620548000002,0.9833333333333343
P1,70,101,100.92620548000002,0.7333333333333343
P1,73,101,101.67620548000002,0.23333333333333428
P1,71,101,101.92620548000002,1.7333333333333343
P1,68,101,103.67620548000002,0.23333333333333428
P1,70,101,103.92620548000002,1.4833333333333343
P1,70,101,105.42620548000002,0.15000000000000568
P1,71,101,105.59287214666669,0.14999999999999147
P1,73,101,105.75953881333335,0.15000000000000568
P1,78,101,105.92620548000002,0.9833333333333343
P1,66,101,106.92620548000002,0.9833333333333343
P1,71,101,107.92620548000002,0.9833333333333343
P1,73,101,108.92620548000002,0.4833333333333343
P1,71,101,109.42620548000002,0.4833333333333343
P1,70,101,109.92620548000002,1.9833333333333343
P1,70,101,111.92620548000002,0.9833333333333343
P1,65,101,112.92620548000002,0.7333333333333343
P1,66,101,113.67620548000002,0.23333333333333428
P1,75,101,113.92620548000002,1.9833333333333343
P1,80,101,115.92620548000002,0.9833333333333343
P1,75,101,116.92620548000002,0.7333333333333343
P1,78,101,117.67620548000002,0.23333333333333428
P1,77,101,117.92620548000002,1.9833333333333343
P1,70,101,119.92620548000002,0.7333333333333343
P1,70,101,120.67620548000002,0.23333333333333428
P1,70,101,120.92620548000002,0.7333333333333343
P1,70,101,121.67620548000002,0.23333333333333428
P1,70,101,121.92620548000002,0.7333333333333343
P1,70,101,122.67620548000002,0.23333333333333428
P1,78,101,122.92620548000002,0.9833333333333343
P1,77,101,123.92620548000002,0.9833333333333343
P1,73,101,124.92620548000002,0.9833333333333343
P1,49,64,0.0,0.29333333333333333
P1,49,64,0.30666666666666664,0.32666666666666666
P1,49,64,0.6499999999999999,0.2333333333333334
P1,49,64,1.15,0.2333333333333334
P1,49,64,1.4,0.4833333333333334
P1,48,64,1.9,0.3666666666666667
P1,48,64,2.283333333333333,0.3500000000000001
P1,48,64,2.65,0.2333333333333334
P1,48,64,3.15,0.2333333333333334
P1,48,64,3.4,0.4833333333333334
P1,46,64,3.9,0.3666666666666667
P1,46,64,4.283333333333333,0.35000000000000053
P1,46,64,4.65,0.2333333333333334
P1,46,64,5.15,0.2333333333333334
P1,46,64,5.4,0.4833333333333334
P1,44,64,5.9,0.36666666666666714
P1,44,64,6.283333333333334,0.34999999999999964
P1,44,64,6.65,0.2333333333333334
P1,44,64,7.15,0.2333333333333334
P1,44,64,7.4,0.4833333333333334
P1,42,64,7.9,0.36666666666666714
P1,42,64,8.283333333333333,0.3500000000000014
P1,42,64,8.65,0.23333333333333428
P1,42,64,9.15,0.23333333333333428
P1,42,64,9.4,0.4833333333333343
P1,41,64,9.9,0.36666666666666714
P1,41,64,10.283333333333333,0.3500000000000014
P1,41,64,10.65,0.23333333333333428
P1,41,64,11.15,0.23333333333333428
P1,41,64,11.4,0.4833333333333343
P1,42,64,11.9,0.36666666666666714
P1,42,64,12.283333333333333,0.3500000000000014
P1,42,64,12.65,0.23333333333333428
P1,42,64,13.15,0.23333333333333428
P1,42,64,13.4,0.4833333333333343
P1,44,64,13.9,0.36666666666666714
P1,44,64,14.283333333333333,0.3500000000000014
P1,44,64,14.65,0.23333333333333428
P1,44,64,15.15,0.23333333333333428
P1,44,64,15.4,0.4833333333333343
P1,49,64,15.9,0.36666666666666536
P1,49,64,16.28333333333333,0.3500000000000014
P1,49,64,16.65,0.23333333333333428
P1,49,64,17.15,0.23333333333333428
P1,49,64,17.4,0.4833333333333343
P1,48,64,17.9,0.36666666666666714
P1,48,64,18.28333333333333,0.3500000000000014
P1,48,64,18.65,0.23333333333333428
P1,48,64,19.15,0.23333333333333428
P1,48,64,19.4,0.4833333333333343
P1,46,64,19.9,0.36666666666666714
P1,46,64,20.28333333333333,0.3500000000000014
P1,46,64,20.65,0.23333333333333428
P1,46,64,21.15,0.23333333333333428
P1,46,64,21.4,0.4833333333333343
P1,44,64,21.9,0.36666666666666714
P1,44,64,22.28333333333333,0.3500000000000014
P1,44,64,22.65,0.23333333333333428
P1,44,64,23.15,0.23333333333333428
P1,44,64,23.4,0.4833333333333343
P1,42,64,23.9,0.36666666666666714
P1,42,64,24.28333333333333,0.3500000000000014
P1,42,64,24.65,0.23333333333333428
P1,42,64,25.15,0.23333333333333428
P1,42,64,25.4,0.4833333333333343
P1,41,64,25.9,0.36666666666666714
P1,41,64,26.28333333333333,0.3500000000000014
P1,41,64,26.65,0.23333333333333428
P1,41,64,27.15,0.23333333333333428
P1,41,64,27.4,0.4833333333333343
P1,44,64,27.9,0.36666666666666714
P1,44,64,28.28333333333333,0.3500000000000014
P1,44,64,28.65,0.23333333333333428
P1,44,64,29.15,0.23333333333333428
P1,44,64,29.4,0.4833333333333343
P1,49,64,29.9,0.3758123133333342
P1,49,64,30.292906346666665,0.3491663000000038
P1,49,64,30.65846608,0.2295080666666678
P1,49,64,31.154367580000002,0.23333333333333428
P1,49,64,31.404367580000002,0.4833333333333343
P1,44,64,31.904367580000002,0.3666666666666636
P1,44,64,32.28770091333334,0.3499999999999943
P1,44,64,32.65436758,0.23333333333333428
P1,44,64,33.15436758,0.23333333333333428
P1,44,64,33.40436758,0.4833333333333343
P1,44,64,33.90436758,0.36666666666666714
P1,44,64,34.28770091333334,0.3499999999999943
P1,44,64,34.65436758,0.23333333333333428
P1,44,64,35.15436758,0.23333333333333428
P1,44,64,35.40436758,0.4833333333333343
P1,39,64,35.90436758,0.36666666666667425
P1,39,64,36.28770091333334,0.3499999999999943
P1,39,64,36.65436758,0.23333333333333428
P1,39,64,37.15436758,0.23333333333333428
P1,39,64,37.40436758,0.4833333333333343
P1,39,64,37.90436758,0.36666666666667425
P1,39,64,38.28770091333334,0.3499999999999943
P1,39,64,38.65436758,0.23333333333333428
P1,39,64,39.15436758,0.23333333333333428
P1,39,64,39.40436758,0.4833333333333343
P1,44,64,39.90436758,0.36666666666667425
P1,44,64,40.28770091333334,0.3499999999999943
P1,44,64,40.65436758,0.23333333333333428
P1,44,64,41.15436758,0.23333333333333428
P1,44,64,41.40436758,0.4833333333333343
P1,44,64,41.90436758,0.36666666666667425
P1,44,64,42.28770091333334,0.3499999999999943
P1,44,64,42.65436758,0.23333333333333428
P1,44,64,43.15436758,0.23333333333333428
P1,44,64,43.40436758,0.4833333333333343
P1,44,64,43.90436758,0.36666666666667425
P1,44,64,44.28770091333334,0.3499999999999943
P1,44,64,44.65436758,0.23333333333333428
P1,44,64,45.15436758,0.23333333333333428
P1,44,64,45.40436758,0.4833333333333343
P1,49,64,45.90436758,0.3758123133333413
P1,49,64,46.29727392666667,0.34916630000000026
P1,49,64,46.662833660000004,0.2295080666666678
P1,49,64,47.15873516,0.23333333333333428
P1,49,64,47.40873516,0.4833333333333343
P1,49,64,47.90873516,0.36666666666666714
P1,49,64,48.29206849333333,0.3500000000000014
P1,49,64,48.65873516,0.23333333333333428
P1,49,64,49.15873516,0.23333333333333428
P1,49,64,49.40873516,0.4833333333333343
P1,48,64,49.90873516,0.36666666666666714
P1,48,64,50.29206849333333,0.3500000000000014
P1,48,64,50.65873516,0.23333333333333428
P1,48,64,51.15873516,0.23333333333333428
P1,48,64,51.40873516,0.4833333333333343
P1,46,64,51.90873516,0.36666666666666714
P1,46,64,52.29206849333333,0.3500000000000014
P1,46,64,52.65873516,0.23333333333333428
P1,46,64,53.15873516,0.23333333333333428
P1,46,64,53.40873516,0.4833333333333343
P1,44,64,53.90873516,0.36666666666666714
P1,44,64,54.29206849333333,0.3500000000000014
P1,44,64,54.65873516,0.23333333333333428
P1,44,64,55.15873516,0.23333333333333428
P1,44,64,55.40873516,0.4833333333333343
P1,42,64,55.90873516,0.36666666666666714
P1,42,64,56.29206849333333,0.3500000000000014
P1,42,64,56.65873516,0.23333333333333428
P1,42,64,57.15873516,0.23333333333333428
P1,42,64,57.40873516,0.4833333333333343
P1,41,64,57.90873516,0.36666666666666714
P1,41,64,58.29206849333333,0.3500000000000014
P1,41,64,58.65873516,0.23333333333333428
P1,41,64,59.15873516,0.23333333333333428
P1,41,64,59.40873516,0.4833333333333343
P1,42,64,59.90873516,0.36666666666666714
P1,42,64,60.29206849333333,0.3500000000000014
P1,42,64,60.65873516,0.23333333333333428
P1,42,64,61.15873516,0.23333333333333428
P1,42,64,61.40873516,0.4833333333333343
P1,44,64,61.90873516,0.36666666666666714
P1,44,64,62.29206849333333,0.3500000000000014
P1,44,64,62.65873516,0.23333333333333428
P1,44,64,63.15873516,0.23333333333333428
P1,44,64,63.40873516,0.4833333333333343
P1,49,64,63.90873516,0.36666666666666714
P1,49,64,64.29206849333333,0.3500000000000085
P1,49,64,64.65873515999999,0.2333333333333485
P1,49,64,65.15873515999999,0.2333333333333485
P1,49,64,65.40873515999999,0.4833333333333485
P1,48,64,65.90873515999999,0.36666666666667425
P1,48,64,66.29206849333333,0.3500000000000085
P1,48,64,66.65873515999999,0.2333333333333485
P1,48,64,67.15873515999999,0.2333333333333485
P1,48,64,67.40873515999999,0.4833333333333485
P1,46,64,67.90873515999999,0.36666666666667425
P1,46,64,68.29206849333333,0.3500000000000085
P1,46,64,68.65873515999999,0.2333333333333485
P1,46,64,69.15873515999999,0.2333333333333485
P1,46,64,69.40873515999999,0.4833333333333485
P1,44,64,69.90873515999999,0.36666666666667425
P1,44,64,70.29206849333333,0.3500000000000085
P1,44,64,70.65873515999999,0.2333333333333485
P1,44,64,71.15873515999999,0.2333333333333485
P1,44,64,71.40873515999999,0.4833333333333485
P1,42,64,71.90873515999999,0.36666666666667425
P1,42,64,72.29206849333333,0.3500000000000085
P1,42,64,72.65873515999999,0.2333333333333485
P1,42,64,73.15873515999999,0.2333333333333485
P1,42,64,73.40873515999999,0.4833333333333485
P1,41,64,73.90873515999999,0.36666666666667425
P1,41,64,74.29206849333333,0.3500000000000085
P1,41,64,74.65873515999999,0.2333333333333485
P1,41,64,75.15873515999999,0.2333333333333485
P1,41,64,75.40873515999999,0.4833333333333485
P1,44,64,75.90873515999999,0.36666666666667425
P1,44,64,76.29206849333333,0.3500000000000085
P1,44,64,76.65873515999999,0.2333333333333485
P1,44,64,77.15873515999999,0.2333333333333485
P1,44,64,77.40873515999999,0.4833333333333485
P1,49,64,77.90873515999999,0.3758123133333413
P1,49,64,78.30164150666667,0.34916629999999316
P1,49,64,78.66720124,0.2295080666666678
P1,49,64,79.16310274,0.23333333333333428
P1,49,64,79.41310274,0.4833333333333343
P1,49,64,79.91310274,0.36666666666666003
P1,49,64,80.29643607333334,0.3499999999999943
P1,49,64,80.66310274,0.23333333333333428
P1,49,64,81.16310274,0.23333333333333428
P1,49,64,81.41310274,0.4833333333333343
P1,49,64,81.91310274,0.36666666666666003
P1,49,64,82.29643607333334,0.3499999999999943
P1,49,64,82.66310274,0.23333333333333428
P1,49,64,83.16310274,0.23333333333333428
P1,49,64,83.41310274,0.4833333333333343
P1,49,64,83.91310274,0.36666666666667425
P1,49,64,84.29643607333334,0.3499999999999943
P1,49,64,84.66310274,0.23333333333333428
P1,49,64,85.16310274,0.23333333333333428
P1,49,64,85.41310274,0.4833333333333343
P1,49,64,85.91310274,0.36666666666667425
P1,49,64,86.29643607333334,0.3499999999999943
P1,49,64,86.66310274,0.23333333333333428
P1,49,64,87.16925682,0.23931646666666495
P1,49,64,87.42566732,0.47540956666667
P1,49,64,87.91747032,0.36666666666666003
P1,49,64,88.30080365333335,0.3499999999999943
P1,49,64,88.66747032,0.23333333333333428
P1,49,64,89.17362440000001,0.23931646666666495
P1,49,64,89.43003490000001,0.47540956666667
P1,49,64,89.92183790000001,0.36666666666666003
P1,49,64,90.30517123333335,0.3499999999999943
P1,49,64,90.67183790000001,0.23333333333333428
P1,49,64,91.17183790000001,0.23333333333333428
P1,49,64,91.42183790000001,0.4833333333333343
P1,49,64,91.92183790000001,0.36666666666666003
P1,49,64,92.30517123333335,0.3499999999999943
P1,49,64,92.67183790000001,0.23333333333333428
P1,49,64,93.17799198000002,0.23931646666666495
P1,49,64,93.43440248000002,0.47540956666667
P1,49,64,93.92620548000002,0.36666666666666003
P1,49,64,94.30953881333336,0.3499999999999943
P1,49,64,94.67620548000002,0.23333333333333428
P1,49,64,95.17620548000002,0.23333333333333428
P1,49,64,95.42620548000002,0.4833333333333343
P1,42,64,95.92620548000002,0.36666666666666003
P1,42,64,96.30953881333336,0.09999999999999432
P1,49,64,96.42620548000002,0.23333333333333428
P1,54,64,96.67620548000002,0.23333333333333428
P1,41,64,96.92620548000002,0.36666666666666003
P1,41,64,97.30953881333336,0.09999999999999432
P1,49,64,97.42620548000002,0.23333333333333428
P1,53,64,97.67620548000002,0.23333333333333428
P1,39,64,97.92620548000002,0.36666666666667425
P1,39,64,98.30953881333336,0.09999999999999432
P1,46,64,98.42620548000002,0.23333333333333428
P1,51,64,98.67620548000002,0.23333333333333428
P1,37,64,98.92620548000002,0.36666666666667425
P1,37,64,99.30953881333336,0.09999999999999432
P1,46,64,99.42620548000002,0.23333333333333428
P1,49,64,99.67620548000002,0.23333333333333428
P1,44,64,99.92620548000002,0.36666666666667425
P1,44,64,100.30953881333336,0.09999999999999432
P1,51,64,100.42620548000002,0.23333333333333428
P1,56,64,100.67620548000002,0.23333333333333428
P1,43,64,100.92620548000002,0.36666666666667425
P1,43,64,101.30953881333336,0.09999999999999432
P1,51,64,101.42620548000002,0.23333333333333428
P1,55,64,101.67620548000002,0.23333333333333428
P1,42,64,101.92620548000002,0.36666666666667425
P1,42,64,102.30953881333335,0.10000000000000853
P1,51,64,102.42620548000002,0.23333333333333428
P1,54,64,102.67620548000002,0.23333333333333428
P1,41,64,102.92620548000002,0.36666666666667425
P1,41,64,103.30953881333335,0.10000000000000853
P1,49,64,103.42620548000002,0.23333333333333428
P1,53,64,103.67620548000002,0.23333333333333428
P1,42,64,103.92620548000002,0.36666666666667425
P1,42,64,104.30953881333335,0.10000000000000853
P1,49,64,104.42620548000002,0.23333333333333428
P1,54,64,104.67620548000002,0.23333333333333428
P1,41,64,104.92620548000002,0.36666666666667425
P1,41,64,105.30953881333335,0.10000000000000853
P1,49,64,105.42620548000002,0.23333333333333428
P1,53,64,105.67620548000002,0.23333333333333428
P1,39,64,105.92620548000002,0.36666666666667425
P1,39,64,106.30953881333335,0.10000000000000853
P1,46,64,106.42620548000002,0.23333333333333428
P1,51,64,106.67620548000002,0.23333333333333428
P1,37,64,106.92620548000002,0.36666666666667425
P1,37,64,107.30953881333335,0.10000000000000853
P1,46,64,107.42620548000002,0.23333333333333428
P1,49,64,107.67620548000002,0.23333333333333428
P1,47,64,107.92620548000002,0.36666666666667425
P1,47,64,108.30953881333335,0.10000000000000853
P1,42,64,108.42620548000002,0.23333333333333428
P1,47,64,108.67620548000002,0.23333333333333428
P1,37,64,108.92620548000002,0.36666666666667425
P1,37,64,109.30953881333335,0.10000000000000853
P1,44,64,109.42620548000002,0.23333333333333428
P1,49,64,109.67620548000002,0.23333333333333428
P1,42,64,109.92620548000002,0.36666666666667425
P1,42,64,110.30953881333335,0.10000000000000853
P1,49,64,110.42620548000002,0.23333333333333428
P1,54,64,110.67620548000002,0.23333333333333428
P1,41,64,110.92620548000002,0.36666666666667425
P1,41,64,111.30953881333335,0.10000000000000853
P1,49,64,111.42620548000002,0.23333333333333428
P1,52,64,111.67620548000002,0.23333333333333428
P1,39,64,111.92620548000002,0.36666666666667425
P1,39,64,112.30953881333335,0.10000000000000853
P1,46,64,112.42620548000002,0.23333333333333428
P1,51,64,112.67620548000002,0.23333333333333428
P1,38,64,112.92620548000002,0.36666666666667425
P1,38,64,113.30953881333335,0.10000000000000853
P1,46,64,113.42620548000002,0.23333333333333428
P1,50,64,113.67620548000002,0.23333333333333428
P1,37,64,113.92620548000002,0.36666666666667425
P1,37,64,114.30953881333335,0.10000000000000853
P1,46,64,114.42620548000002,0.23333333333333428
P1,49,64,114.67620548000002,0.23333333333333428
P1,36,64,114.92620548000002,0.36666666666667425
P1,36,64,115.30953881333335,0.10000000000000853
P1,46,64,115.42620548000002,0.23333333333333428
P1,48,64,115.67620548000002,0.23333333333333428
P1,47,64,115.92620548000002,0.36666666666667425
P1,47,64,116.30953881333335,0.10000000000000853
P1,42,64,116.42620548000002,0.23333333333333428
P1,47,64,116.67620548000002,0.23333333333333428
P1,48,64,116.92620548000002,0.36666666666667425
P1,48,64,117.30953881333335,0.10000000000000853
P1,44,64,117.42620548000002,0.23333333333333428
P1,47,64,117.67620548000002,0.23333333333333428
P1,37,64,117.92620548000002,0.36666666666667425
P1,37,64,118.30953881333335,0.10000000000000853
P1,44,64,118.42620548000002,0.23333333333333428
P1,49,64,118.67620548000002,0.23333333333333428
P1,38,64,118.92620548000002,0.36666666666667425
P1,38,64,119.30953881333335,0.10000000000000853
P1,46,64,119.42620548000002,0.23333333333333428
P1,50,64,119.67620548000002,0.23333333333333428
P1,39,64,119.92620548000002,0.36666666666667425
P1,39,64,120.30953881333335,0.10000000000000853
P1,46,64,120.42620548000002,0.23333333333333428
P1,51,64,120.67620548000002,0.23333333333333428
P1,37,64,120.92620548000002,0.36666666666667425
P1,37,64,121.30953881333335,0.10000000000000853
P1,46,64,121.42620548000002,0.23333333333333428
P1,51,64,121.67620548000002,0.23333333333333428
P1,35,64,121.92620548000002,0.36666666666667425
P1,35,64,122.30953881333335,0.10000000000000853
P1,42,64,122.42620548000002,0.23333333333333428
P1,51,64,122.67620548000002,0.23333333333333428
P1,47,64,122.92620548000002,0.36666666666667425
P1,47,64,123.30953881333335,0.10000000000000853
P1,42,64,123.42620548000002,0.23333333333333428
P1,47,64,123.67620548000002,0.23333333333333428
P1,37,64,123.92620548000002,0.36666666666667425
P1,37,64,124.30953881333335,0.10000000000000853
P1,44,64,124.42620548000002,0.23333333333333428
P1,49,64,124.67620548000002,0.23333333333333428
P1,37,64,124.92620548000002,0.36666666666667425
P1,37,64,125.30953881333335,0.10000000000000853
P1,44,64,125.42620548000002,0.23333333333333428
P1,49,64,125.67620548000002,0.23333333333333428
P1,56,64,0.19999999999999998,0.09333333333333335
P1,53,64,0.30666666666666664,0.08000000000000002
P1,56,64,0.5333333333333333,0.09999999999999998
P1,53,64,0.6499999999999999,0.1166666666666667
P1,56,64,0.8999999999999999,0.1166666666666667
P1,53,64,1.0333333333333332,0.10000000000000009
P1,56,64,1.2833333333333332,0.10000000000000009
P1,53,64,1.4,0.1166666666666667
P1,56,64,1.65,0.1166666666666667
P1,56,64,2.15,0.1166666666666667
P1,51,64,2.283333333333333,0.10000000000000009
P1,56,64,2.533333333333333,0.10000000000000009
P1,51,64,2.65,0.1166666666666667
P1,56,64,2.9,0.1166666666666667
P1,51,64,3.033333333333333,0.10000000000000009
P1,56,64,3.283333333333333,0.10000000000000009
P1,51,64,3.4,0.1166666666666667
P1,56,64,3.65,0.1166666666666667
P1,53,64,4.15,0.11666666666666625
P1,49,64,4.283333333333333,0.10000000000000053
P1,53,64,4.533333333333334,0.09999999999999964
P1,49,64,4.65,0.11666666666666714
P1,53,64,4.9,0.11666666666666714
P1,49,64,5.033333333333334,0.09999999999999964
P1,53,64,5.283333333333334,0.09999999999999964
P1,49,64,5.4,0.11666666666666714
P1,53,64,5.65,0.11666666666666714
P1,51,64,6.15,0.11666666666666714
P1,48,64,6.283333333333334,0.09999999999999964
P1,51,64,6.533333333333334,0.09999999999999964
P1,48,64,6.65,0.11666666666666714
P1,51,64,6.9,0.11666666666666714
P1,48,64,7.033333333333334,0.09999999999999964
P1,51,64,7.283333333333334,0.09999999999999964
P1,48,64,7.4,0.11666666666666714
P1,51,64,7.65,0.11666666666666714
P1,58,64,8.15,0.11666666666666714
P1,49,64,8.283333333333333,0.09999999999999964
P1,58,64,8.533333333333333,0.10000000000000142
P1,49,64,8.65,0.11666666666666714
P1,58,64,8.9,0.11666666666666714
P1,49,64,9.033333333333333,0.10000000000000142
P1,58,64,9.283333333333333,0.10000000000000142
P1,49,64,9.4,0.11666666666666714
P1,58,64,9.65,0.11666666666666714
P1,60,64,10.15,0.11666666666666714
P1,53,64,10.283333333333333,0.10000000000000142
P1,60,64,10.533333333333333,0.10000000000000142
P1,53,64,10.65,0.11666666666666714
P1,60,64,10.9,0.11666666666666714
P1,53,64,11.033333333333333,0.10000000000000142
P1,60,64,11.283333333333333,0.10000000000000142
P1,53,64,11.4,0.11666666666666714
P1,60,64,11.65,0.11666666666666714
P1,61,64,12.15,0.11666666666666714
P1,54,64,12.283333333333333,0.10000000000000142
P1,61,64,12.533333333333333,0.10000000000000142
P1,54,64,12.65,0.11666666666666714
P1,61,64,12.9,0.11666666666666714
P1,54,64,13.033333333333333,0.10000000000000142
P1,61,64,13.283333333333333,0.10000000000000142
P1,54,64,13.4,0.11666666666666714
P1,61,64,13.65,0.11666666666666714
P1,60,64,14.15,0.11666666666666714
P1,56,64,14.283333333333333,0.10000000000000142
P1,60,64,14.533333333333333,0.10000000000000142
P1,56,64,14.65,0.11666666666666714
P1,60,64,14.9,0.11666666666666714
P1,56,64,15.033333333333333,0.10000000000000142
P1,60,64,15.283333333333333,0.10000000000000142
P1,56,64,15.4,0.11666666666666714
P1,60,64,15.65,0.11666666666666714
P1,56,64,16.15,0.11666666666666714
P1,53,64,16.28333333333333,0.10000000000000142
P1,56,64,16.53333333333333,0.10000000000000142
P1,53,64,16.65,0.11666666666666714
P1,56,64,16.9,0.11666666666666714
P1,53,64,17.03333333333333,0.10000000000000142
P1,56,64,17.28333333333333,0.10000000000000142
P1,53,64,17.4,0.11666666666666714
P1,56,64,17.65,0.11666666666666714
P1,56,64,18.15,0.11666666666666714
P1,51,64,18.28333333333333,0.10000000000000142
P1,56,64,18.53333333333333,0.10000000000000142
P1,51,64,18.65,0.11666666666666714
P1,56,64,18.9,0.11666666666666714
P1,51,64,19.03333333333333,0.10000000000000142
P1,56,64,19.28333333333333,0.10000000000000142
P1,51,64,19.4,0.11666666666666714
P1,56,64,19.65,0.11666666666666714
P1,53,64,20.15,0.11666666666666714
P1,49,64,20.28333333333333,0.10000000000000142
P1,53,64,20.53333333333333,0.10000000000000142
P1,49,64,20.65,0.11666666666666714
P1,53,64,20.9,0.11666666666666714
P1,49,64,21.03333333333333,0.10000000000000142
P1,53,64,21.28333333333333,0.10000000000000142
P1,49,64,21.4,0.11666666666666714
P1,53,64,21.65,0.11666666666666714
P1,51,64,22.15,0.11666666666666714
P1,48,64,22.28333333333333,0.10000000000000142
P1,51,64,22.53333333333333,0.10000000000000142
P1,48,64,22.65,0.11666666666666714
P1,51,64,22.9,0.11666666666666714
P1,48,64,23.03333333333333,0.10000000000000142
P1,51,64,23.28333333333333,0.10000000000000142
P1,48,64,23.4,0.11666666666666714
P1,51,64,23.65,0.11666666666666714
P1,58,64,24.15,0.11666666666666714
P1,49,64,24.28333333333333,0.10000000000000142
P1,58,64,24.53333333333333,0.10000000000000142
P1,49,64,24.65,0.11666666666666714
P1,58,64,24.9,0.11666666666666714
P1,49,64,25.03333333333333,0.10000000000000142
P1,58,64,25.28333333333333,0.10000000000000142
P1,49,64,25.4,0.11666666666666714
P1,58,64,25.65,0.11666666666666714
P1,61,64,26.15,0.11666666666666714
P1,53,64,26.28333333333333,0.10000000000000142
P1,61,64,26.53333333333333,0.10000000000000142
P1,53,64,26.65,0.11666666666666714
P1,61,64,26.9,0.11666666666666714
P1,53,64,27.03333333333333,0.10000000000000142
P1,61,64,27.28333333333333,0.10000000000000142
P1,53,64,27.4,0.11666666666666714
P1,61,64,27.65,0.11666666666666714
P1,61,64,28.15,0.11666666666666714
P1,53,64,28.28333333333333,0.10000000000000142
P1,61,64,28.53333333333333,0.10000000000000142
P1,53,64,28.65,0.11666666666666714
P1,60,64,28.9,0.11666666666666714
P1,54,64,29.03333333333333,0.10000000000000142
P1,60,64,29.28333333333333,0.10000000000000142
P1,54,64,29.4,0.11666666666666714
P1,60,64,29.65,0.11666666666666714
P1,58,64,30.15615408,0.11965823333333248
P1,54,64,30.292906346666665,0.10256419999999977
P1,58,64,30.54371204666667,0.09836059999999947
P1,54,64,30.65846608,0.1147540333333339
P1,53,64,30.904367580000002,0.9833333333333343
P1,51,64,32.15436758,0.11666666666666714
P1,47,64,32.28770091333334,0.09999999999999432
P1,51,64,32.53770091333334,0.09999999999999432
P1,47,64,32.65436758,0.11666666666666714
P1,51,64,32.90436758,0.11666666666666714
P1,47,64,33.03770091333334,0.09999999999999432
P1,51,64,33.28770091333334,0.09999999999999432
P1,47,64,33.40436758,0.11666666666666714
P1,51,64,33.65436758,0.11666666666666714
P1,58,64,34.15436758,0.11666666666666714
P1,50,64,34.28770091333334,0.09999999999999432
P1,58,64,34.53770091333334,0.09999999999999432
P1,50,64,34.65436758,0.11666666666666714
P1,58,64,34.90436758,0.11666666666667425
P1,50,64,35.03770091333334,0.09999999999999432
P1,58,64,35.28770091333334,0.09999999999999432
P1,50,64,35.40436758,0.11666666666667425
P1,58,64,35.65436758,0.11666666666667425
P1,54,64,36.15436758,0.11666666666667425
P1,46,64,36.28770091333334,0.09999999999999432
P1,54,64,36.53770091333334,0.09999999999999432
P1,46,64,36.65436758,0.11666666666667425
P1,54,64,36.90436758,0.11666666666667425
P1,46,64,37.03770091333334,0.09999999999999432
P1,54,64,37.28770091333334,0.09999999999999432
P1,46,64,37.40436758,0.11666666666667425
P1,54,64,37.65436758,0.11666666666667425
P1,58,64,38.15436758,0.11666666666667425
P1,54,64,38.28770091333334,0.09999999999999432
P1,58,64,38.53770091333334,0.09999999999999432
P1,54,64,38.65436758,0.11666666666667425
P1,58,64,38.90436758,0.11666666666667425
P1,54,64,39.03770091333334,0.09999999999999432
P1,58,64,39.28770091333334,0.09999999999999432
P1,54,64,39.40436758,0.11666666666667425
P1,58,64,39.65436758,0.11666666666667425
P1,51,64,40.15436758,0.11666666666667425
P1,47,64,40.28770091333334,0.09999999999999432
P1,51,64,40.53770091333334,0.09999999999999432
P1,47,64,40.65436758,0.11666666666667425
P1,51,64,40.90436758,0.11666666666667425
P1,47,64,41.03770091333334,0.09999999999999432
P1,51,64,41.28770091333334,0.09999999999999432
P1,47,64,41.40436758,0.11666666666667425
P1,51,64,41.65436758,0.11666666666667425
P1,51,64,42.15436758,0.11666666666667425
P1,47,64,42.28770091333334,0.09999999999999432
P1,51,64,42.53770091333334,0.09999999999999432
P1,47,64,42.65436758,0.11666666666667425
P1,51,64,42.90436758,0.11666666666667425
P1,47,64,43.03770091333334,0.09999999999999432
P1,51,64,43.28770091333334,0.09999999999999432
P1,47,64,43.40436758,0.11666666666667425
P1,51,64,43.65436758,0.11666666666667425
P1,53,64,44.15436758,0.11666666666667425
P1,49,64,44.28770091333334,0.09999999999999432
P1,53,64,44.53770091333334,0.09999999999999432
P1,49,64,44.65436758,0.11666666666667425
P1,53,64,44.90436758,0.11666666666667425
P1,49,64,45.03770091333334,0.09999999999999432
P1,53,64,45.28770091333334,0.09999999999999432
P1,49,64,45.40436758,0.11666666666667425
P1,53,64,45.65436758,0.11666666666667425
P1,61,64,46.29727392666667,0.10256420000000332
P1,61,64,46.41693216,0.3606555333333361
P1,59,64,46.793981126666665,0.09836060000000657
P1,59,64,46.90873516,0.36666666666666714
P1,56,64,47.29206849333333,0.10000000000000142
P1,56,64,47.40873516,0.23333333333333428
P1,49,64,47.65873516,0.23333333333333428
P1,56,64,48.15873516,0.11666666666666714
P1,53,64,48.29206849333333,0.10000000000000142
P1,56,64,48.54206849333333,0.10000000000000142
P1,53,64,48.65873516,0.11666666666666714
P1,56,64,48.90873516,0.11666666666666714
P1,53,64,49.04206849333333,0.10000000000000142
P1,56,64,49.29206849333333,0.10000000000000142
P1,53,64,49.40873516,0.11666666666666714
P1,56,64,49.65873516,0.11666666666666714
P1,56,64,50.15873516,0.11666666666666714
P1,51,64,50.29206849333333,0.10000000000000142
P1,56,64,50.54206849333333,0.10000000000000142
P1,51,64,50.65873516,0.11666666666666714
P1,56,64,50.90873516,0.11666666666666714
P1,51,64,51.04206849333333,0.10000000000000142
P1,56,64,51.29206849333333,0.10000000000000142
P1,51,64,51.40873516,0.11666666666666714
P1,56,64,51.65873516,0.11666666666666714
P1,53,64,52.15873516,0.11666666666666714
P1,49,64,52.29206849333333,0.10000000000000142
P1,53,64,52.54206849333333,0.10000000000000142
P1,49,64,52.65873516,0.11666666666666714
P1,53,64,52.90873516,0.11666666666666714
P1,49,64,53.04206849333333,0.10000000000000142
P1,53,64,53.29206849333333,0.10000000000000142
P1,49,64,53.40873516,0.11666666666666714
P1,53,64,53.65873516,0.11666666666666714
P1,51,64,54.15873516,0.11666666666666714
P1,48,64,54.29206849333333,0.10000000000000142
P1,51,64,54.54206849333333,0.10000000000000142
P1,48,64,54.65873516,0.11666666666666714
P1,51,64,54.90873516,0.11666666666666714
P1,48,64,55.04206849333333,0.10000000000000142
P1,51,64,55.29206849333333,0.10000000000000142
P1,48,64,55.40873516,0.11666666666666714
P1,51,64,55.65873516,0.11666666666666714
P1,58,64,56.15873516,0.11666666666666714
P1,49,64,56.29206849333333,0.10000000000000142
P1,58,64,56.54206849333333,0.10000000000000142
P1,49,64,56.65873516,0.11666666666666714
P1,58,64,56.90873516,0.11666666666666714
P1,49,64,57.04206849333333,0.10000000000000142
P1,58,64,57.29206849333333,0.10000000000000142
P1,49,64,57.40873516,0.11666666666666714
P1,58,64,57.65873516,0.11666666666666714
P1,60,64,58.15873516,0.11666666666666714
P1,53,64,58.29206849333333,0.10000000000000142
P1,60,64,58.54206849333333,0.10000000000000142
P1,53,64,58.65873516,0.11666666666666714
P1,60,64,58.90873516,0.11666666666666714
P1,53,64,59.04206849333333,0.10000000000000142
P1,60,64,59.29206849333333,0.10000000000000142
P1,53,64,59.40873516,0.11666666666666714
P1,60,64,59.65873516,0.11666666666666714
P1,61,64,60.15873516,0.11666666666666714
P1,54,64,60.29206849333333,0.10000000000000142
P1,61,64,60.54206849333333,0.10000000000000142
P1,54,64,60.65873516,0.11666666666666714
P1,61,64,60.90873516,0.11666666666666714
P1,54,64,61.04206849333333,0.10000000000000142
P1,61,64,61.29206849333333,0.10000000000000142
P1,54,64,61.40873516,0.11666666666666714
P1,61,64,61.65873516,0.11666666666666714
P1,60,64,62.15873516,0.11666666666666714
P1,56,64,62.29206849333333,0.10000000000000142
P1,60,64,62.54206849333333,0.10000000000000142
P1,56,64,62.65873516,0.11666666666666714
P1,60,64,62.90873516,0.11666666666666714
P1,56,64,63.04206849333333,0.10000000000000142
P1,60,64,63.29206849333333,0.10000000000000142
P1,56,64,63.40873516,0.11666666666666714
P1,60,64,63.65873516,0.11666666666666714
P1,56,64,64.15873515999999,0.11666666666667425
P1,53,64,64.29206849333333,0.10000000000000853
P1,56,64,64.54206849333333,0.10000000000000853
P1,53,64,64.65873515999999,0.11666666666667425
P1,56,64,64.90873515999999,0.11666666666667425
P1,53,64,65.04206849333333,0.10000000000000853
P1,56,64,65.29206849333333,0.10000000000000853
P1,53,64,65.40873515999999,0.11666666666667425
P1,56,64,65.65873515999999,0.11666666666667425
P1,56,64,66.15873515999999,0.11666666666667425
P1,51,64,66.29206849333333,0.10000000000000853
P1,56,64,66.54206849333333,0.10000000000000853
P1,51,64,66.65873515999999,0.11666666666667425
P1,56,64,66.90873515999999,0.11666666666667425
P1,51,64,67.04206849333333,0.10000000000000853
P1,56,64,67.29206849333333,0.10000000000000853
P1,51,64,67.40873515999999,0.11666666666667425
P1,56,64,67.65873515999999,0.11666666666667425
P1,53,64,68.15873515999999,0.11666666666667425
P1,49,64,68.29206849333333,0.10000000000000853
P1,53,64,68.54206849333333,0.10000000000000853
P1,49,64,68.65873515999999,0.11666666666667425
P1,53,64,68.90873515999999,0.11666666666667425
P1,49,64,69.04206849333333,0.10000000000000853
P1,53,64,69.29206849333333,0.10000000000000853
P1,49,64,69.40873515999999,0.11666666666667425
P1,53,64,69.65873515999999,0.11666666666667425
P1,51,64,70.15873515999999,0.11666666666667425
P1,48,64,70.29206849333333,0.10000000000000853
P1,51,64,70.54206849333333,0.10000000000000853
P1,48,64,70.65873515999999,0.11666666666667425
P1,51,64,70.90873515999999,0.11666666666667425
P1,48,64,71.04206849333333,0.10000000000000853
P1,51,64,71.29206849333333,0.10000000000000853
P1,48,64,71.40873515999999,0.11666666666667425
P1,51,64,71.65873515999999,0.11666666666667425
P1,58,64,72.15873515999999,0.11666666666667425
P1,49,64,72.29206849333333,0.10000000000000853
P1,58,64,72.54206849333333,0.10000000000000853
P1,49,64,72.65873515999999,0.11666666666667425
P1,58,64,72.90873515999999,0.11666666666667425
P1,49,64,73.04206849333333,0.10000000000000853
P1,58,64,73.29206849333333,0.10000000000000853
P1,49,64,73.40873515999999,0.11666666666667425
P1,58,64,73.65873515999999,0.11666666666667425
P1,61,64,74.15873515999999,0.11666666666667425
P1,53,64,74.29206849333333,0.10000000000000853
P1,61,64,74.54206849333333,0.10000000000000853
P1,53,64,74.65873515999999,0.11666666666667425
P1,61,64,74.90873515999999,0.11666666666667425
P1,53,64,75.04206849333333,0.10000000000000853
P1,61,64,75.29206849333333,0.10000000000000853
P1,53,64,75.40873515999999,0.11666666666667425
P1,61,64,75.65873515999999,0.11666666666667425
P1,61,64,76.15873515999999,0.11666666666667425
P1,53,64,76.29206849333333,0.10000000000000853
P1,61,64,76.54206849333333,0.10000000000000853
P1,53,64,76.65873515999999,0.11666666666667425
P1,60,64,76.90873515999999,0.11666666666667425
P1,54,64,77.04206849333333,0.10000000000000853
P1,60,64,77.29206849333333,0.10000000000000853
P1,54,64,77.40873515999999,0.11666666666667425
P1,60,64,77.65873515999999,0.11666666666667425
P1,58,64,78.16488924,0.11965823333333958
P1,54,64,78.30164150666667,0.10256419999998911
P1,58,64,78.55244720666666,0.09836060000000657
P1,54,64,78.66720124,0.11475403333332679
P1,53,64,78.91310274,0.9833333333333343
P1,73,64,79.91310274,0.06666666666666288
P1,78,64,79.99643607333333,0.08333333333334281
P1,80,64,80.11310274,0.0833333333333286
P1,82,64,80.21310274,0.08333333333334281
P1,85,64,80.31310274,0.0833333333333286
P1,73,64,80.41310274,0.06666666666666288
P1,78,64,80.49643607333333,0.08333333333334281
P1,80,64,80.61310274,0.0833333333333286
P1,82,64,80.71310274,0.08333333333334281
P1,85,64,80.81310274,0.0833333333333286
P1,73,64,80.91310274,0.06666666666666288
P1,78,64,80.99643607333333,0.08333333333334281
P1,80,64,81.11310274,0.0833333333333286
P1,82,64,81.21310274,0.08333333333334281
P1,85,64,81.31310274,0.0833333333333286
P1,73,64,81.41310274,0.06666666666666288
P1,78,64,81.49643607333333,0.08333333333334281
P1,80,64,81.61310274,0.0833333333333286
P1,82,64,81.71310274,0.08333333333334281
P1,85,64,81.81310274,0.0833333333333286
P1,72,64,81.91310274,0.06666666666666288
P1,75,64,81.99643607333333,0.08333333333334281
P1,79,64,82.11310274,0.0833333333333286
P1,80,64,82.21310274,0.08333333333334281
P1,84,64,82.31310274,0.0833333333333286
P1,72,64,82.41310274,0.06666666666666288
P1,75,64,82.49643607333333,0.08333333333334281
P1,79,64,82.61310274,0.0833333333333286
P1,80,64,82.71310274,0.08333333333334281
P1,84,64,82.81310274,0.0833333333333286
P1,72,64,82.91310274,0.06666666666666288
P1,75,64,82.99643607333333,0.08333333333334281
P1,79,64,83.11310274,0.0833333333333286
P1,80,64,83.21310274,0.08333333333334281
P1,84,64,83.31310274,0.0833333333333286
P1,72,64,83.41310274,0.06666666666666288
P1,75,64,83.49643607333333,0.08333333333334281
P1,79,64,83.61310274,0.0833333333333286
P1,80,64,83.71310274,0.08333333333334281
P1,84,64,83.81310274,0.0833333333333286
P1,73,64,83.91310274,0.06666666666666288
P1,78,64,83.99643607333333,0.08333333333334281
P1,80,64,84.11310274,0.0833333333333286
P1,82,64,84.21310274,0.08333333333334281
P1,85,64,84.31310274,0.0833333333333286
P1,73,64,84.41310274,0.06666666666666288
P1,78,64,84.49643607333333,0.08333333333334281
P1,80,64,84.61310274,0.0833333333333286
P1,82,64,84.71310274,0.08333333333334281
P1,85,64,84.81310274,0.0833333333333286
P1,73,64,84.91310274,0.06666666666666288
P1,78,64,84.99643607333333,0.08333333333334281
P1,80,64,85.11310274,0.0833333333333286
P1,82,64,85.21310274,0.08333333333334281
P1,85,64,85.31310274,0.0833333333333286
P1,73,64,85.41310274,0.06666666666666288
P1,78,64,85.49643607333333,0.08333333333334281
P1,80,64,85.61310274,0.0833333333333286
P1,82,64,85.71310274,0.08333333333334281
P1,85,64,85.81310274,0.0833333333333286
P1,72,64,85.91310274,0.06666666666666288
P1,75,64,85.99643607333333,0.08333333333334281
P1,79,64,86.11310274,0.0833333333333286
P1,80,64,86.21310274,0.08333333333334281
P1,84,64,86.31310274,0.0833333333333286
P1,72,64,86.41310274,0.06666666666666288
P1,75,64,86.49643607333333,0.08333333333334281
P1,79,64,86.61310274,0.0833333333333286
P1,80,64,86.71310274,0.08333333333334281
P1,84,64,86.81310274,0.0833333333333286
P1,72,64,86.91310274,0.06811971333334554
P1,75,64,86.99831648666667,0.08547016666666707
P1,79,64,87.11797472,0.08547016666666707
P1,80,64,87.22053892000001,0.08547016666666707
P1,84,64,87.32310312,0.08547016666666707
P1,72,64,87.42566732,0.06557373333333771
P1,75,64,87.50763448666667,0.08196716666665793
P1,79,64,87.62238852,0.08196716666667214
P1,80,64,87.72074912000001,0.08196716666665793
P1,84,64,87.81910972,0.08196716666667214
P1,73,64,87.91747032,0.06666666666666288
P1,78,64,88.00080365333334,0.08333333333334281
P1,80,64,88.11747032000001,0.0833333333333286
P1,82,64,88.21747032,0.08333333333334281
P1,85,64,88.31747032000001,0.0833333333333286
P1,73,64,88.41747032,0.06666666666666288
P1,78,64,88.50080365333334,0.08333333333334281
P1,80,64,88.61747032000001,0.0833333333333286
P1,82,64,88.71747032,0.08333333333334281
P1,85,64,88.81747032000001,0.0833333333333286
P1,73,64,88.91747032,0.06811971333334554
P1,78,64,89.00268406666667,0.08547016666666707
P1,80,64,89.12234230000001,0.08547016666666707
P1,82,64,89.22490650000002,0.08547016666666707
P1,85,64,89.3274707,0.08547016666666707
P1,73,64,89.43003490000001,0.06557373333333771
P1,78,64,89.51200206666668,0.08196716666665793
P1,80,64,89.62675610000001,0.08196716666667214
P1,82,64,89.72511670000002,0.08196716666665793
P1,85,64,89.82347730000001,0.08196716666667214
P1,72,64,89.92183790000001,0.06666666666666288
P1,75,64,90.00517123333334,0.08333333333334281
P1,79,64,90.12183790000002,0.0833333333333286
P1,80,64,90.22183790000001,0.08333333333334281
P1,84,64,90.32183790000002,0.0833333333333286
P1,72,64,90.42183790000001,0.06666666666666288
P1,75,64,90.50517123333334,0.08333333333334281
P1,79,64,90.62183790000002,0.0833333333333286
P1,80,64,90.72183790000001,0.08333333333334281
P1,84,64,90.82183790000002,0.0833333333333286
P1,72,64,90.92183790000001,0.06666666666666288
P1,75,64,91.00517123333334,0.08333333333334281
P1,79,64,91.12183790000002,0.0833333333333286
P1,80,64,91.22183790000001,0.08333333333334281
P1,84,64,91.32183790000002,0.0833333333333286
P1,72,64,91.42183790000001,0.06666666666666288
P1,75,64,91.50517123333334,0.08333333333334281
P1,79,64,91.62183790000002,0.0833333333333286
P1,80,64,91.72183790000001,0.08333333333334281
P1,84,64,91.82183790000002,0.0833333333333286
P1,73,64,91.92183790000001,0.06666666666666288
P1,78,64,92.00517123333334,0.08333333333334281
P1,80,64,92.12183790000002,0.0833333333333286
P1,82,64,92.22183790000001,0.08333333333334281
P1,85,64,92.32183790000002,0.0833333333333286
P1,73,64,92.42183790000001,0.06666666666666288
P1,78,64,92.50517123333334,0.08333333333334281
P1,80,64,92.62183790000002,0.0833333333333286
P1,82,64,92.72183790000001,0.08333333333334281
P1,85,64,92.82183790000002,0.0833333333333286
P1,73,64,92.92183790000001,0.06811971333334554
P1,78,64,93.00705164666668,0.08547016666666707
P1,80,64,93.12670988000002,0.08547016666666707
P1,82,64,93.22927408000002,0.08547016666666707
P1,85,64,93.33183828000001,0.08547016666666707
P1,73,64,93.43440248000002,0.06557373333333771
P1,78,64,93.51636964666669,0.08196716666665793
P1,80,64,93.63112368000002,0.08196716666667214
P1,82,64,93.72948428000002,0.08196716666665793
P1,85,64,93.82784488000001,0.08196716666667214
P1,61,64,93.92620548000002,0.4833333333333343
P1,73,64,94.42620548000002,0.4833333333333343
P1,58,80,96.42620548000002,0.4833333333333343
P1,59,80,96.92620548000002,0.4833333333333343
P1,56,80,97.42620548000002,0.4833333333333343
P1,63,80,97.92620548000002,0.4833333333333343
P1,62,80,98.42620548000002,0.4833333333333343
P1,61,80,98.92620548000002,0.4833333333333343
P1,60,80,99.42620548000002,0.4833333333333343
P1,56,80,100.42620548000002,0.4833333333333343
P1,55,80,100.92620548000002,0.4833333333333343
P1,58,80,101.42620548000002,0.4833333333333343
P1,65,80,101.92620548000002,0.4833333333333343
P1,63,80,102.42620548000002,0.4833333333333343
P1,61,80,102.92620548000002,0.4833333333333343
P1,59,80,103.42620548000002,0.4833333333333343
P1,66,80,103.92620548000002,0.4833333333333343
P1,65,80,104.42620548000002,0.4833333333333343
P1,63,80,104.92620548000002,0.4833333333333343
P1,61,80,105.42620548000002,0.4833333333333343
P1,59,80,105.92620548000002,0.4833333333333343
P1,58,80,106.42620548000002,0.4833333333333343
P1,56,80,106.92620548000002,0.4833333333333343
P1,54,80,107.42620548000002,0.4833333333333343
P1,61,80,107.92620548000002,0.9833333333333343
P1,65,80,108.92620548000002,0.4833333333333343
P1,63,80,109.42620548000002,0.4833333333333343
P1,61,80,109.92620548000002,1.9833333333333343
P1,63,80,112.42620548000002,0.4833333333333343
P1,62,80,112.92620548000002,0.4833333333333343
P1,65,80,113.42620548000002,0.4833333333333343
P1,66,80,113.92620548000002,0.9833333333333343
P1,68,80,114.92620548000002,0.4833333333333343
P1,70,80,115.42620548000002,0.4833333333333343
P1,71,80,115.92620548000002,0.9833333333333343
P1,72,80,116.92620548000002,0.9833333333333343
P1,73,80,118.42620548000002,0.4833333333333343
P1,73,80,118.92620548000002,0.4833333333333343
P1,74,80,119.42620548000002,0.4833333333333343
P1,75,80,119.92620548000002,0.4833333333333343
P1,75,80,120.42620548000002,0.9833333333333343
P1,75,80,121.42620548000002,0.9833333333333343
P1,75,80,122.42620548000002,0.9833333333333343
P1,75,80,123.42620548000002,0.4833333333333343
P1,68,80,123.92620548000002,0.9833333333333343
P1,65,80,124.92620548000002,0.9833333333333343
P1,73,51,0.0,1.8833333333333333
P1,72,51,1.9,1.9833333333333334
P1,70,51,3.9,1.9833333333333338
P1,66,51,7.9,1.9833333333333343
P1,65,51,9.9,1.9833333333333343
P1,66,51,11.9,1.9833333333333343
P1,73,51,15.9,1.9833333333333325
P1,72,51,17.9,1.9833333333333343
P1,70,51,19.9,1.9833333333333343
P1,66,51,23.9,1.9833333333333343
P1,65,51,25.9,1.9833333333333343
P1,73,51,27.9,0.9833333333333343
P1,72,51,28.9,0.7333333333333343
P1,73,51,29.65,0.23333333333333428
P1,73,51,29.9,1.987700913333338
P1,68,51,31.904367580000002,1.9833333333333307
P1,68,51,33.90436758,1.9833333333333343
P1,70,51,35.90436758,1.9833333333333343
P1,68,51,39.90436758,1.9833333333333343
P1,68,51,41.90436758,1.9833333333333343
P1,65,51,43.90436758,1.9833333333333343
P1,73,51,47.90873516,1.9833333333333343
P1,72,51,49.90873516,1.9833333333333343
P1,70,51,51.90873516,1.9833333333333343
P1,66,51,55.90873516,1.9833333333333343
P1,65,51,57.90873516,1.9833333333333343
P1,66,51,59.90873516,1.9833333333333343
P1,73,51,63.90873516,1.9833333333333414
P1,72,51,65.90873515999999,1.9833333333333485
P1,70,51,67.90873515999999,1.9833333333333485
P1,66,51,71.90873515999999,1.9833333333333485
P1,65,51,73.90873515999999,1.9833333333333485
P1,73,51,75.90873515999999,0.9833333333333485
P1,72,51,76.90873515999999,0.7333333333333485
P1,73,51,77.65873515999999,0.2333333333333485
P1,73,51,77.90873515999999,1.9877009133333416
P1,66,51,79.91310274,1.9833333333333343
P1,63,51,81.91310274,1.9833333333333343
P1,61,51,83.91310274,1.9833333333333343
P1,63,51,85.91310274,1.987974146666673
P1,66,51,87.91747032,1.987974146666673
P1,63,51,89.92183790000001,1.9833333333333343
P1,61,51,91.92183790000001,1.987974146666673
P1,77,51,93.92620548000002,0.36666666666666003
P1,77,51,94.30953881333336,0.09999999999999432
P1,77,51,94.42620548000002,0.36666666666666003
P1,73,51,94.80953881333336,0.09999999999999432
P1,73,51,94.92620548000002,0.36666666666666003
P1,68,51,95.30953881333336,0.09999999999999432
P1,68,51,95.42620548000002,0.36666666666666003
P1,65,51,95.80953881333336,0.09999999999999432
P1,87,51,6.283333333333334,0.09999999999999964
P1,87,51,6.4,0.36666666666666714
P1,84,51,6.783333333333334,0.09999999999999964
P1,84,51,6.9,0.36666666666666714
P1,80,51,7.283333333333334,0.09999999999999964
P1,80,51,7.4,0.2333333333333334
P1,75,51,7.65,0.2333333333333334
P1,92,51,14.283333333333333,0.10000000000000142
P1,92,51,14.4,0.36666666666666714
P1,87,51,14.783333333333333,0.10000000000000142
P1,87,51,14.9,0.36666666666666714
P1,84,51,15.283333333333333,0.10000000000000142
P1,84,51,15.4,0.23333333333333428
P1,80,51,15.65,0.23333333333333428
P1,87,51,22.28333333333333,0.10000000000000142
P1,87,51,22.4,0.36666666666666714
P1,84,51,22.78333333333333,0.10000000000000142
P1,84,51,22.9,0.36666666666666714
P1,80,51,23.28333333333333,0.10000000000000142
P1,80,51,23.4,0.23333333333333428
P1,75,51,23.65,0.23333333333333428
P1,87,51,38.28770091333334,0.09999999999999432
P1,87,51,38.40436758,0.36666666666667425
P1,82,51,38.78770091333334,0.09999999999999432
P1,82,51,38.90436758,0.36666666666667425
P1,78,51,39.28770091333334,0.09999999999999432
P1,78,51,39.40436758,0.23333333333333428
P1,75,51,39.65436758,0.23333333333333428
P1,85,51,46.29727392666667,0.10256420000000332
P1,85,51,46.41693216,0.3606555333333361
P1,80,51,46.793981126666665,0.09836060000000657
P1,80,51,46.90873516,0.36666666666666714
P1,77,51,47.29206849333333,0.10000000000000142
P1,77,51,47.40873516,0.23333333333333428
P1,73,51,47.65873516,0.23333333333333428
P1,87,51,54.29206849333333,0.10000000000000142
P1,87,51,54.40873516,0.36666666666666714
P1,84,51,54.79206849333333,0.10000000000000142
P1,84,51,54.90873516,0.36666666666666714
P1,80,51,55.29206849333333,0.10000000000000142
P1,80,51,55.40873516,0.23333333333333428
P1,75,51,55.65873516,0.23333333333333428
P1,92,51,62.29206849333333,0.10000000000000142
P1,92,51,62.40873516,0.36666666666666714
P1,87,51,62.79206849333333,0.10000000000000142
P1,87,51,62.90873516,0.36666666666666714
P1,84,51,63.29206849333333,0.10000000000000142
P1,84,51,63.40873516,0.23333333333333428
P1,80,51,63.65873516,0.23333333333333428
P1,87,51,70.29206849333333,0.10000000000000853
P1,87,51,70.40873515999999,0.36666666666667425
P1,84,51,70.79206849333333,0.10000000000000853
P1,84,51,70.90873515999999,0.36666666666667425
P1,80,51,71.29206849333333,0.10000000000000853
P1,80,51,71.40873515999999,0.2333333333333485
P1,75,51,71.65873515999999,0.2333333333333485
P1,61,51,95.92620548000002,0.36666666666666003
P1,61,51,96.30953881333336,0.3499999999999943
P1,61,51,96.67620548000002,0.23333333333333428
P1,61,51,96.92620548000002,0.36666666666666003
P1,61,51,97.30953881333336,0.3499999999999943
P1,61,51,97.67620548000002,0.23333333333333428
P1,63,51,97.92620548000002,0.36666666666667425
P1,63,51,98.30953881333336,0.3499999999999943
P1,63,51,98.67620548000002,0.23333333333333428
P1,63,51,98.92620548000002,0.36666666666667425
P1,63,51,99.30953881333336,0.3499999999999943
P1,63,51,99.67620548000002,0.23333333333333428
P1,63,51,99.92620548000002,0.36666666666667425
P1,63,51,100.30953881333336,0.3499999999999943
P1,63,51,100.67620548000002,0.23333333333333428
P1,63,51,100.92620548000002,0.36666666666667425
P1,63,51,101.30953881333336,0.3499999999999943
P1,63,51,101.67620548000002,0.23333333333333428
P1,66,51,101.92620548000002,0.36666666666667425
P1,66,51,102.30953881333335,0.3500000000000085
P1,66,51,102.67620548000002,0.23333333333333428
P1,61,51,102.92620548000002,0.36666666666667425
P1,61,51,103.30953881333335,0.3500000000000085
P1,61,51,103.67620548000002,0.23333333333333428
P1,61,51,103.92620548000002,0.36666666666667425
P1,61,51,104.30953881333335,0.3500000000000085
P1,61,51,104.67620548000002,0.23333333333333428
P1,61,51,104.92620548000002,0.36666666666667425
P1,61,51,105.30953881333335,0.3500000000000085
P1,61,51,105.67620548000002,0.23333333333333428
P1,63,51,105.92620548000002,0.36666666666667425
P1,63,51,106.30953881333335,0.3500000000000085
P1,63,51,106.67620548000002,0.23333333333333428
P1,63,51,106.92620548000002,0.36666666666667425
P1,63,51,107.30953881333335,0.3500000000000085
P1,63,51,107.67620548000002,0.23333333333333428
P1,61,51,107.92620548000002,0.36666666666667425
P1,61,51,108.30953881333335,0.3500000000000085
P1,61,51,108.67620548000002,0.23333333333333428
P1,61,51,108.92620548000002,0.36666666666667425
P1,61,51,109.30953881333335,0.3500000000000085
P1,61,51,109.67620548000002,0.23333333333333428
P1,61,51,109.92620548000002,0.36666666666667425
P1,61,51,110.30953881333335,0.3500000000000085
P1,61,51,110.67620548000002,0.23333333333333428
P1,61,51,110.92620548000002,0.36666666666667425
P1,61,51,111.30953881333335,0.3500000000000085
P1,61,51,111.67620548000002,0.23333333333333428
P1,63,51,111.92620548000002,0.36666666666667425
P1,63,51,112.30953881333335,0.3500000000000085
P1,63,51,112.67620548000002,0.23333333333333428
P1,63,51,112.92620548000002,0.36666666666667425
P1,63,51,113.30953881333335,0.3500000000000085
P1,63,51,113.67620548000002,0.23333333333333428
P1,63,51,113.92620548000002,0.36666666666667425
P1,63,51,114.30953881333335,0.3500000000000085
P1,63,51,114.67620548000002,0.23333333333333428
P1,63,51,114.92620548000002,0.36666666666667425
P1,63,51,115.30953881333335,0.3500000000000085
P1,63,51,115.67620548000002,0.23333333333333428
P1,63,51,115.92620548000002,0.36666666666667425
P1,63,51,116.30953881333335,0.3500000000000085
P1,63,51,116.67620548000002,0.23333333333333428
P1,63,51,116.92620548000002,0.36666666666667425
P1,63,51,117.30953881333335,0.3500000000000085
P1,63,51,117.67620548000002,0.23333333333333428
P1,61,51,117.92620548000002,0.36666666666667425
P1,61,51,118.30953881333335,0.3500000000000085
P1,61,51,118.67620548000002,0.23333333333333428
P1,61,51,118.92620548000002,0.36666666666667425
P1,61,51,119.30953881333335,0.3500000000000085
P1,61,51,119.67620548000002,0.23333333333333428
P1,63,51,119.92620548000002,0.36666666666667425
P1,63,51,120.30953881333335,0.3500000000000085
P1,63,51,120.67620548000002,0.23333333333333428
P1,63,51,120.92620548000002,0.36666666666667425
P1,63,51,121.30953881333335,0.3500000000000085
P1,63,51,121.67620548000002,0.23333333333333428
P1,63,51,121.92620548000002,0.36666666666667425
P1,63,51,122.30953881333335,0.3500000000000085
P1,63,51,122.67620548000002,0.23333333333333428
P1,63,51,122.92620548000002,0.36666666666667425
P1,63,51,123.30953881333335,0.3500000000000085
P1,63,51,123.67620548000002,0.23333333333333428
P1,59,51,123.92620548000002,0.36666666666667425
P1,59,51,124.30953881333335,0.3500000000000085
P1,59,51,124.67620548000002,0.23333333333333428
P1,59,51,124.92620548000002,0.36666666666667425
P1,59,51,125.30953881333335,0.3500000000000085
P1,59,51,125.67620548000002,0.23333333333333428
P1,65,51,0.0,1.8833333333333333
P1,75,51,1.9,1.9833333333333334
P1,73,51,3.9,1.9833333333333338
P1,58,51,7.9,1.9833333333333343
P1,56,51,9.9,1.9833333333333343
P1,58,51,11.9,1.9833333333333343
P1,65,51,15.9,1.9833333333333325
P1,75,51,17.9,1.9833333333333343
P1,73,51,19.9,1.9833333333333343
P1,58,51,23.9,1.9833333333333343
P1,56,51,25.9,1.9833333333333343
P1,65,51,27.9,0.9833333333333343
P1,63,51,28.9,0.7333333333333343
P1,65,51,29.65,0.23333333333333428
P1,65,51,29.9,1.987700913333338
P1,63,51,31.904367580000002,1.9833333333333307
P1,62,51,33.90436758,1.9833333333333343
P1,63,51,35.90436758,1.9833333333333343
P1,63,51,39.90436758,1.9833333333333343
P1,63,51,41.90436758,1.9833333333333343
P1,61,51,43.90436758,1.9833333333333343
P1,65,51,47.90873516,1.9833333333333343
P1,75,51,49.90873516,1.9833333333333343
P1,73,51,51.90873516,1.9833333333333343
P1,58,51,55.90873516,1.9833333333333343
P1,56,51,57.90873516,1.9833333333333343
P1,58,51,59.90873516,1.9833333333333343
P1,65,51,63.90873516,1.9833333333333414
P1,75,51,65.90873515999999,1.9833333333333485
P1,73,51,67.90873515999999,1.9833333333333485
P1,58,51,71.90873515999999,1.9833333333333485
P1,56,51,73.90873515999999,1.9833333333333485
P1,65,51,75.90873515999999,0.9833333333333485
P1,63,51,76.90873515999999,0.7333333333333485
P1,65,51,77.65873515999999,0.2333333333333485
P1,65,51,77.90873515999999,1.9877009133333416
P1,61,51,79.91310274,1.9833333333333343
P1,60,51,81.91310274,1.9833333333333343
P1,58,51,83.91310274,1.9833333333333343
P1,60,51,85.91310274,1.987974146666673
P1,61,51,87.91747032,1.987974146666673
P1,60,51,89.92183790000001,1.9833333333333343
P1,58,51,91.92183790000001,1.987974146666673
P1,68,51,93.92620548000002,0.36666666666666003
P1,68,51,94.30953881333336,0.09999999999999432
P1,68,51,94.42620548000002,0.36666666666666003
P1,65,51,94.80953881333336,0.09999999999999432
P1,65,51,94.92620548000002,0.36666666666666003
P1,61,51,95.30953881333336,0.09999999999999432
P1,61,51,95.42620548000002,0.36666666666666003
P1,56,51,95.80953881333336,0.09999999999999432
P1,80,51,6.283333333333334,0.09999999999999964
P1,80,51,6.4,0.36666666666666714
P1,75,51,6.783333333333334,0.09999999999999964
P1,75,51,6.9,0.36666666666666714
P1,72,51,7.283333333333334,0.09999999999999964
P1,72,51,7.4,0.2333333333333334
P1,68,51,7.65,0.2333333333333334
P1,84,51,14.283333333333333,0.10000000000000142
P1,84,51,14.4,0.36666666666666714
P1,80,51,14.783333333333333,0.10000000000000142
P1,80,51,14.9,0.36666666666666714
P1,75,51,15.283333333333333,0.10000000000000142
P1,75,51,15.4,0.23333333333333428
P1,72,51,15.65,0.23333333333333428
P1,80,51,22.28333333333333,0.10000000000000142
P1,80,51,22.4,0.36666666666666714
P1,75,51,22.78333333333333,0.10000000000000142
P1,75,51,22.9,0.36666666666666714
P1,72,51,23.28333333333333,0.10000000000000142
P1,72,51,23.4,0.23333333333333428
P1,68,51,23.65,0.23333333333333428
P1,78,51,38.28770091333334,0.09999999999999432
P1,78,51,38.40436758,0.36666666666667425
P1,75,51,38.78770091333334,0.09999999999999432
P1,75,51,38.90436758,0.36666666666667425
P1,70,51,39.28770091333334,0.09999999999999432
P1,70,51,39.40436758,0.23333333333333428
P1,66,51,39.65436758,0.23333333333333428
P1,77,51,46.29727392666667,0.10256420000000332
P1,77,51,46.41693216,0.3606555333333361
P1,73,51,46.793981126666665,0.09836060000000657
P1,73,51,46.90873516,0.36666666666666714
P1,68,51,47.29206849333333,0.10000000000000142
P1,68,51,47.40873516,0.23333333333333428
P1,65,51,47.65873516,0.23333333333333428
P1,80,51,54.29206849333333,0.10000000000000142
P1,80,51,54.40873516,0.36666666666666714
P1,75,51,54.79206849333333,0.10000000000000142
P1,75,51,54.90873516,0.36666666666666714
P1,72,51,55.29206849333333,0.10000000000000142
P1,72,51,55.40873516,0.23333333333333428
P1,68,51,55.65873516,0.23333333333333428
P1,84,51,62.29206849333333,0.10000000000000142
P1,84,51,62.40873516,0.36666666666666714
P1,80,51,62.79206849333333,0.10000000000000142
P1,80,51,62.90873516,0.36666666666666714
P1,75,51,63.29206849333333,0.10000000000000142
P1,75,51,63.40873516,0.23333333333333428
P1,72,51,63.65873516,0.23333333333333428
P1,80,51,70.29206849333333,0.10000000000000853
P1,80,51,70.40873515999999,0.36666666666667425
P1,75,51,70.79206849333333,0.10000000000000853
P1,75,51,70.90873515999999,0.36666666666667425
P1,72,51,71.29206849333333,0.10000000000000853
P1,72,51,71.40873515999999,0.2333333333333485
P1,68,51,71.65873515999999,0.2333333333333485
P1,58,51,95.92620548000002,0.36666666666666003
P1,58,51,96.30953881333336,0.3499999999999943
P1,58,51,96.67620548000002,0.23333333333333428
P1,56,51,96.92620548000002,0.36666666666666003
P1,56,51,97.30953881333336,0.3499999999999943
P1,56,51,97.67620548000002,0.23333333333333428
P1,58,51,97.92620548000002,0.36666666666667425
P1,58,51,98.30953881333336,0.3499999999999943
P1,58,51,98.67620548000002,0.23333333333333428
P1,58,51,98.92620548000002,0.36666666666667425
P1,58,51,99.30953881333336,0.3499999999999943
P1,58,51,99.67620548000002,0.23333333333333428
P1,59,51,99.92620548000002,0.36666666666667425
P1,59,51,100.30953881333336,0.3499999999999943
P1,59,51,100.67620548000002,0.23333333333333428
P1,61,51,100.92620548000002,0.36666666666667425
P1,61,51,101.30953881333336,0.3499999999999943
P1,61,51,101.67620548000002,0.23333333333333428
P1,63,51,101.92620548000002,0.36666666666667425
P1,63,51,102.30953881333335,0.3500000000000085
P1,63,51,102.67620548000002,0.23333333333333428
P1,56,51,102.92620548000002,0.36666666666667425
P1,56,51,103.30953881333335,0.3500000000000085
P1,56,51,103.67620548000002,0.23333333333333428
P1,58,51,103.92620548000002,0.36666666666667425
P1,58,51,104.30953881333335,0.3500000000000085
P1,58,51,104.67620548000002,0.23333333333333428
P1,56,51,104.92620548000002,0.36666666666667425
P1,56,51,105.30953881333335,0.3500000000000085
P1,56,51,105.67620548000002,0.23333333333333428
P1,58,51,105.92620548000002,0.36666666666667425
P1,58,51,106.30953881333335,0.3500000000000085
P1,58,51,106.67620548000002,0.23333333333333428
P1,58,51,106.92620548000002,0.36666666666667425
P1,58,51,107.30953881333335,0.3500000000000085
P1,58,51,107.67620548000002,0.23333333333333428
P1,59,51,107.92620548000002,0.36666666666667425
P1,59,51,108.30953881333335,0.3500000000000085
P1,59,51,108.67620548000002,0.23333333333333428
P1,53,51,108.92620548000002,0.36666666666667425
P1,53,51,109.30953881333335,0.3500000000000085
P1,53,51,109.67620548000002,0.23333333333333428
P1,58,51,109.92620548000002,0.36666666666667425
P1,58,51,110.30953881333335,0.3500000000000085
P1,58,51,110.67620548000002,0.23333333333333428
P1,58,51,110.92620548000002,0.36666666666667425
P1,58,51,111.30953881333335,0.3500000000000085
P1,58,51,111.67620548000002,0.23333333333333428
P1,58,51,111.92620548000002,0.36666666666667425
P1,58,51,112.30953881333335,0.3500000000000085
P1,58,51,112.67620548000002,0.23333333333333428
P1,58,51,112.92620548000002,0.36666666666667425
P1,58,51,113.30953881333335,0.3500000000000085
P1,58,51,113.67620548000002,0.23333333333333428
P1,58,51,113.92620548000002,0.36666666666667425
P1,58,51,114.30953881333335,0.3500000000000085
P1,58,51,114.67620548000002,0.23333333333333428
P1,58,51,114.92620548000002,0.36666666666667425
P1,58,51,115.30953881333335,0.3500000000000085
P1,58,51,115.67620548000002,0.23333333333333428
P1,58,51,115.92620548000002,0.36666666666667425
P1,58,51,116.30953881333335,0.3500000000000085
P1,58,51,116.67620548000002,0.23333333333333428
P1,58,51,116.92620548000002,0.36666666666667425
P1,58,51,117.30953881333335,0.3500000000000085
P1,58,51,117.67620548000002,0.23333333333333428
P1,56,51,117.92620548000002,0.36666666666667425
P1,56,51,118.30953881333335,0.3500000000000085
P1,56,51,118.67620548000002,0.23333333333333428
P1,56,51,118.92620548000002,0.36666666666667425
P1,56,51,119.30953881333335,0.3500000000000085
P1,56,51,119.67620548000002,0.23333333333333428
P1,54,51,119.92620548000002,0.36666666666667425
P1,54,51,120.30953881333335,0.3500000000000085
P1,54,51,120.67620548000002,0.23333333333333428
P1,54,51,120.92620548000002,0.36666666666667425
P1,54,51,121.30953881333335,0.3500000000000085
P1,54,51,121.67620548000002,0.23333333333333428
P1,54,51,121.92620548000002,0.36666666666667425
P1,54,51,122.30953881333335,0.3500000000000085
P1,54,51,122.67620548000002,0.23333333333333428
P1,54,51,122.92620548000002,0.36666666666667425
P1,54,51,123.30953881333335,0.3500000000000085
P1,54,51,123.67620548000002,0.23333333333333428
P1,53,51,123.92620548000002,0.36666666666667425
P1,53,51,124.30953881333335,0.3500000000000085
P1,53,51,124.67620548000002,0.23333333333333428
P1,53,51,124.92620548000002,0.36666666666667425
P1,53,51,125.30953881333335,0.3500000000000085
P1,53,51,125.67620548000002,0.23333333333333428
P1,61,64,0.19999999999999998,0.09333333333333335
P1,56,64,0.30666666666666664,0.08000000000000002
P1,61,64,0.5333333333333333,0.09999999999999998
P1,56,64,0.6499999999999999,0.1166666666666667
P1,61,64,0.8999999999999999,0.1166666666666667
P1,56,64,1.0333333333333332,0.10000000000000009
P1,61,64,1.2833333333333332,0.10000000000000009
P1,56,64,1.4,0.1166666666666667
P1,61,64,1.65,0.1166666666666667
P1,60,64,2.15,0.1166666666666667
P1,56,64,2.283333333333333,0.10000000000000009
P1,60,64,2.533333333333333,0.10000000000000009
P1,56,64,2.65,0.1166666666666667
P1,60,64,2.9,0.1166666666666667
P1,56,64,3.033333333333333,0.10000000000000009
P1,60,64,3.283333333333333,0.10000000000000009
P1,56,64,3.4,0.1166666666666667
P1,60,64,3.65,0.1166666666666667
P1,58,64,4.15,0.11666666666666625
P1,53,64,4.283333333333333,0.10000000000000053
P1,58,64,4.533333333333334,0.09999999999999964
P1,53,64,4.65,0.11666666666666714
P1,58,64,4.9,0.11666666666666714
P1,53,64,5.033333333333334,0.09999999999999964
P1,58,64,5.283333333333334,0.09999999999999964
P1,53,64,5.4,0.11666666666666714
P1,58,64,5.65,0.11666666666666714
P1,56,64,6.15,0.11666666666666714
P1,51,64,6.283333333333334,0.09999999999999964
P1,56,64,6.533333333333334,0.09999999999999964
P1,51,64,6.65,0.11666666666666714
P1,56,64,6.9,0.11666666666666714
P1,51,64,7.033333333333334,0.09999999999999964
P1,56,64,7.283333333333334,0.09999999999999964
P1,51,64,7.4,0.11666666666666714
P1,56,64,7.65,0.11666666666666714
P1,54,64,8.15,0.11666666666666714
P1,49,64,8.283333333333333,0.09999999999999964
P1,54,64,8.533333333333333,0.10000000000000142
P1,49,64,8.65,0.11666666666666714
P1,54,64,8.9,0.11666666666666714
P1,49,64,9.033333333333333,0.10000000000000142
P1,54,64,9.283333333333333,0.10000000000000142
P1,49,64,9.4,0.11666666666666714
P1,54,64,9.65,0.11666666666666714
P1,56,64,10.15,0.11666666666666714
P1,56,64,10.283333333333333,0.10000000000000142
P1,56,64,10.533333333333333,0.10000000000000142
P1,56,64,10.65,0.11666666666666714
P1,56,64,10.9,0.11666666666666714
P1,56,64,11.033333333333333,0.10000000000000142
P1,56,64,11.283333333333333,0.10000000000000142
P1,56,64,11.4,0.11666666666666714
P1,56,64,11.65,0.11666666666666714
P1,58,64,12.15,0.11666666666666714
P1,58,64,12.283333333333333,0.10000000000000142
P1,58,64,12.533333333333333,0.10000000000000142
P1,58,64,12.65,0.11666666666666714
P1,58,64,12.9,0.11666666666666714
P1,58,64,13.033333333333333,0.10000000000000142
P1,58,64,13.283333333333333,0.10000000000000142
P1,58,64,13.4,0.11666666666666714
P1,58,64,13.65,0.11666666666666714
P1,63,64,14.15,0.11666666666666714
P1,60,64,14.283333333333333,0.10000000000000142
P1,63,64,14.533333333333333,0.10000000000000142
P1,60,64,14.65,0.11666666666666714
P1,63,64,14.9,0.11666666666666714
P1,60,64,15.033333333333333,0.10000000000000142
P1,63,64,15.283333333333333,0.10000000000000142
P1,60,64,15.4,0.11666666666666714
P1,63,64,15.65,0.11666666666666714
P1,61,64,16.15,0.11666666666666714
P1,56,64,16.28333333333333,0.10000000000000142
P1,61,64,16.53333333333333,0.10000000000000142
P1,56,64,16.65,0.11666666666666714
P1,61,64,16.9,0.11666666666666714
P1,56,64,17.03333333333333,0.10000000000000142
P1,61,64,17.28333333333333,0.10000000000000142
P1,56,64,17.4,0.11666666666666714
P1,61,64,17.65,0.11666666666666714
P1,60,64,18.15,0.11666666666666714
P1,56,64,18.28333333333333,0.10000000000000142
P1,60,64,18.53333333333333,0.10000000000000142
P1,56,64,18.65,0.11666666666666714
P1,60,64,18.9,0.11666666666666714
P1,56,64,19.03333333333333,0.10000000000000142
P1,60,64,19.28333333333333,0.10000000000000142
P1,56,64,19.4,0.11666666666666714
P1,60,64,19.65,0.11666666666666714
P1,58,64,20.15,0.11666666666666714
P1,53,64,20.28333333333333,0.10000000000000142
P1,58,64,20.53333333333333,0.10000000000000142
P1,53,64,20.65,0.11666666666666714
P1,58,64,20.9,0.11666666666666714
P1,53,64,21.03333333333333,0.10000000000000142
P1,58,64,21.28333333333333,0.10000000000000142
P1,53,64,21.4,0.11666666666666714
P1,58,64,21.65,0.11666666666666714
P1,56,64,22.15,0.11666666666666714
P1,51,64,22.28333333333333,0.10000000000000142
P1,56,64,22.53333333333333,0.10000000000000142
P1,51,64,22.65,0.11666666666666714
P1,56,64,22.9,0.11666666666666714
P1,51,64,23.03333333333333,0.10000000000000142
P1,56,64,23.28333333333333,0.10000000000000142
P1,51,64,23.4,0.11666666666666714
P1,56,64,23.65,0.11666666666666714
P1,54,64,24.15,0.11666666666666714
P1,54,64,24.28333333333333,0.10000000000000142
P1,54,64,24.53333333333333,0.10000000000000142
P1,54,64,24.65,0.11666666666666714
P1,54,64,24.9,0.11666666666666714
P1,54,64,25.03333333333333,0.10000000000000142
P1,54,64,25.28333333333333,0.10000000000000142
P1,54,64,25.4,0.11666666666666714
P1,54,64,25.65,0.11666666666666714
P1,56,64,26.15,0.11666666666666714
P1,56,64,26.28333333333333,0.10000000000000142
P1,56,64,26.53333333333333,0.10000000000000142
P1,56,64,26.65,0.11666666666666714
P1,56,64,26.9,0.11666666666666714
P1,56,64,27.03333333333333,0.10000000000000142
P1,56,64,27.28333333333333,0.10000000000000142
P1,56,64,27.4,0.11666666666666714
P1,56,64,27.65,0.11666666666666714
P1,56,64,28.15,0.11666666666666714
P1,56,64,28.28333333333333,0.10000000000000142
P1,56,64,28.53333333333333,0.10000000000000142
P1,56,64,28.65,0.11666666666666714
P1,56,64,28.9,0.11666666666666714
P1,56,64,29.03333333333333,0.10000000000000142
P1,56,64,29.28333333333333,0.10000000000000142
P1,56,64,29.4,0.11666666666666714
P1,56,64,29.65,0.11666666666666714
P1,61,64,30.15615408,0.11965823333333248
P1,58,64,30.292906346666665,0.10256419999999977
P1,61,64,30.54371204666667,0.09836059999999947
P1,58,64,30.65846608,0.1147540333333339
P1,56,64,30.904367580000002,0.9833333333333343
P1,56,64,32.15436758,0.11666666666666714
P1,51,64,32.28770091333334,0.09999999999999432
P1,56,64,32.53770091333334,0.09999999999999432
P1,51,64,32.65436758,0.11666666666666714
P1,56,64,32.90436758,0.11666666666666714
P1,51,64,33.03770091333334,0.09999999999999432
P1,56,64,33.28770091333334,0.09999999999999432
P1,51,64,33.40436758,0.11666666666666714
P1,56,64,33.65436758,0.11666666666666714
P1,53,64,34.15436758,0.11666666666666714
P1,53,64,34.28770091333334,0.09999999999999432
P1,53,64,34.53770091333334,0.09999999999999432
P1,53,64,34.65436758,0.11666666666666714
P1,53,64,34.90436758,0.11666666666667425
P1,53,64,35.03770091333334,0.09999999999999432
P1,53,64,35.28770091333334,0.09999999999999432
P1,53,64,35.40436758,0.11666666666667425
P1,53,64,35.65436758,0.11666666666667425
P1,51,64,36.15436758,0.11666666666667425
P1,51,64,36.28770091333334,0.09999999999999432
P1,51,64,36.53770091333334,0.09999999999999432
P1,51,64,36.65436758,0.11666666666667425
P1,51,64,36.90436758,0.11666666666667425
P1,51,64,37.03770091333334,0.09999999999999432
P1,51,64,37.28770091333334,0.09999999999999432
P1,51,64,37.40436758,0.11666666666667425
P1,51,64,37.65436758,0.11666666666667425
P1,63,64,38.15436758,0.11666666666667425
P1,58,64,38.28770091333334,0.09999999999999432
P1,63,64,38.53770091333334,0.09999999999999432
P1,58,64,38.65436758,0.11666666666667425
P1,63,64,38.90436758,0.11666666666667425
P1,58,64,39.03770091333334,0.09999999999999432
P1,63,64,39.28770091333334,0.09999999999999432
P1,58,64,39.40436758,0.11666666666667425
P1,63,64,39.65436758,0.11666666666667425
P1,56,64,40.15436758,0.11666666666667425
P1,51,64,40.28770091333334,0.09999999999999432
P1,56,64,40.53770091333334,0.09999999999999432
P1,51,64,40.65436758,0.11666666666667425
P1,56,64,40.90436758,0.11666666666667425
P1,51,64,41.03770091333334,0.09999999999999432
P1,56,64,41.28770091333334,0.09999999999999432
P1,51,64,41.40436758,0.11666666666667425
P1,56,64,41.65436758,0.11666666666667425
P1,56,64,42.15436758,0.11666666666667425
P1,51,64,42.28770091333334,0.09999999999999432
P1,56,64,42.53770091333334,0.09999999999999432
P1,51,64,42.65436758,0.11666666666667425
P1,56,64,42.90436758,0.11666666666667425
P1,51,64,43.03770091333334,0.09999999999999432
P1,56,64,43.28770091333334,0.09999999999999432
P1,51,64,43.40436758,0.11666666666667425
P1,56,64,43.65436758,0.11666666666667425
P1,56,64,44.15436758,0.11666666666667425
P1,53,64,44.28770091333334,0.09999999999999432
P1,56,64,44.53770091333334,0.09999999999999432
P1,53,64,44.65436758,0.11666666666667425
P1,56,64,44.90436758,0.11666666666667425
P1,53,64,45.03770091333334,0.09999999999999432
P1,56,64,45.28770091333334,0.09999999999999432
P1,53,64,45.40436758,0.11666666666667425
P1,56,64,45.65436758,0.11666666666667425
P1,61,64,46.29727392666667,0.10256420000000332
P1,61,64,46.41693216,0.3606555333333361
P1,56,64,46.793981126666665,0.09836060000000657
P1,56,64,46.90873516,0.36666666666666714
P1,53,64,47.29206849333333,0.10000000000000142
P1,53,64,47.40873516,0.23333333333333428
P1,49,64,47.65873516,0.23333333333333428
P1,61,64,48.15873516,0.11666666666666714
P1,56,64,48.29206849333333,0.10000000000000142
P1,61,64,48.54206849333333,0.10000000000000142
P1,56,64,48.65873516,0.11666666666666714
P1,61,64,48.90873516,0.11666666666666714
P1,56,64,49.04206849333333,0.10000000000000142
P1,61,64,49.29206849333333,0.10000000000000142
P1,56,64,49.40873516,0.11666666666666714
P1,61,64,49.65873516,0.11666666666666714
P1,60,64,50.15873516,0.11666666666666714
P1,56,64,50.29206849333333,0.10000000000000142
P1,60,64,50.54206849333333,0.10000000000000142
P1,56,64,50.65873516,0.11666666666666714
P1,60,64,50.90873516,0.11666666666666714
P1,56,64,51.04206849333333,0.10000000000000142
P1,60,64,51.29206849333333,0.10000000000000142
P1,56,64,51.40873516,0.11666666666666714
P1,60,64,51.65873516,0.11666666666666714
P1,58,64,52.15873516,0.11666666666666714
P1,53,64,52.29206849333333,0.10000000000000142
P1,58,64,52.54206849333333,0.10000000000000142
P1,53,64,52.65873516,0.11666666666666714
P1,58,64,52.90873516,0.11666666666666714
P1,53,64,53.04206849333333,0.10000000000000142
P1,58,64,53.29206849333333,0.10000000000000142
P1,53,64,53.40873516,0.11666666666666714
P1,58,64,53.65873516,0.11666666666666714
P1,56,64,54.15873516,0.11666666666666714
P1,51,64,54.29206849333333,0.10000000000000142
P1,56,64,54.54206849333333,0.10000000000000142
P1,51,64,54.65873516,0.11666666666666714
P1,56,64,54.90873516,0.11666666666666714
P1,51,64,55.04206849333333,0.10000000000000142
P1,56,64,55.29206849333333,0.10000000000000142
P1,51,64,55.40873516,0.11666666666666714
P1,56,64,55.65873516,0.11666666666666714
P1,54,64,56.15873516,0.11666666666666714
P1,49,64,56.29206849333333,0.10000000000000142
P1,54,64,56.54206849333333,0.10000000000000142
P1,49,64,56.65873516,0.11666666666666714
P1,54,64,56.90873516,0.11666666666666714
P1,49,64,57.04206849333333,0.10000000000000142
P1,54,64,57.29206849333333,0.10000000000000142
P1,49,64,57.40873516,0.11666666666666714
P1,54,64,57.65873516,0.11666666666666714
P1,56,64,58.15873516,0.11666666666666714
P1,56,64,58.29206849333333,0.10000000000000142
P1,56,64,58.54206849333333,0.10000000000000142
P1,56,64,58.65873516,0.11666666666666714
P1,56,64,58.90873516,0.11666666666666714
P1,56,64,59.04206849333333,0.10000000000000142
P1,56,64,59.29206849333333,0.10000000000000142
P1,56,64,59.40873516,0.11666666666666714
P1,56,64,59.65873516,0.11666666666666714
P1,58,64,60.15873516,0.11666666666666714
P1,58,64,60.29206849333333,0.10000000000000142
P1,58,64,60.54206849333333,0.10000000000000142
P1,58,64,60.65873516,0.11666666666666714
P1,58,64,60.90873516,0.11666666666666714
P1,58,64,61.04206849333333,0.10000000000000142
P1,58,64,61.29206849333333,0.10000000000000142
P1,58,64,61.40873516,0.11666666666666714
P1,58,64,61.65873516,0.11666666666666714
P1,63,64,62.15873516,0.11666666666666714
P1,60,64,62.29206849333333,0.10000000000000142
P1,63,64,62.54206849333333,0.10000000000000142
P1,60,64,62.65873516,0.11666666666666714
P1,63,64,62.90873516,0.11666666666666714
P1,60,64,63.04206849333333,0.10000000000000142
P1,63,64,63.29206849333333,0.10000000000000142
P1,60,64,63.40873516,0.11666666666666714
P1,63,64,63.65873516,0.11666666666666714
P1,61,64,64.15873515999999,0.11666666666667425
P1,56,64,64.29206849333333,0.10000000000000853
P1,61,64,64.54206849333333,0.10000000000000853
P1,56,64,64.65873515999999,0.11666666666667425
P1,61,64,64.90873515999999,0.11666666666667425
P1,56,64,65.04206849333333,0.10000000000000853
P1,61,64,65.29206849333333,0.10000000000000853
P1,56,64,65.40873515999999,0.11666666666667425
P1,61,64,65.65873515999999,0.11666666666667425
P1,60,64,66.15873515999999,0.11666666666667425
P1,56,64,66.29206849333333,0.10000000000000853
P1,60,64,66.54206849333333,0.10000000000000853
P1,56,64,66.65873515999999,0.11666666666667425
P1,60,64,66.90873515999999,0.11666666666667425
P1,56,64,67.04206849333333,0.10000000000000853
P1,60,64,67.29206849333333,0.10000000000000853
P1,56,64,67.40873515999999,0.11666666666667425
P1,60,64,67.65873515999999,0.11666666666667425
P1,58,64,68.15873515999999,0.11666666666667425
P1,53,64,68.29206849333333,0.10000000000000853
P1,58,64,68.54206849333333,0.10000000000000853
P1,53,64,68.65873515999999,0.11666666666667425
P1,58,64,68.90873515999999,0.11666666666667425
P1,53,64,69.04206849333333,0.10000000000000853
P1,58,64,69.29206849333333,0.10000000000000853
P1,53,64,69.40873515999999,0.11666666666667425
P1,58,64,69.65873515999999,0.11666666666667425
P1,56,64,70.15873515999999,0.11666666666667425
P1,51,64,70.29206849333333,0.10000000000000853
P1,56,64,70.54206849333333,0.10000000000000853
P1,51,64,70.65873515999999,0.11666666666667425
P1,56,64,70.90873515999999,0.11666666666667425
P1,51,64,71.04206849333333,0.10000000000000853
P1,56,64,71.29206849333333,0.10000000000000853
P1,51,64,71.40873515999999,0.11666666666667425
P1,56,64,71.65873515999999,0.11666666666667425
P1,54,64,72.15873515999999,0.11666666666667425
P1,54,64,72.29206849333333,0.10000000000000853
P1,54,64,72.54206849333333,0.10000000000000853
P1,54,64,72.65873515999999,0.11666666666667425
P1,54,64,72.90873515999999,0.11666666666667425
P1,54,64,73.04206849333333,0.10000000000000853
P1,54,64,73.29206849333333,0.10000000000000853
P1,54,64,73.40873515999999,0.11666666666667425
P1,54,64,73.65873515999999,0.11666666666667425
P1,56,64,74.15873515999999,0.11666666666667425
P1,56,64,74.29206849333333,0.10000000000000853
P1,56,64,74.54206849333333,0.10000000000000853
P1,56,64,74.65873515999999,0.11666666666667425
P1,56,64,74.90873515999999,0.11666666666667425
P1,56,64,75.04206849333333,0.10000000000000853
P1,56,64,75.29206849333333,0.10000000000000853
P1,56,64,75.40873515999999,0.11666666666667425
P1,56,64,75.65873515999999,0.11666666666667425
P1,56,64,76.15873515999999,0.11666666666667425
P1,56,64,76.29206849333333,0.10000000000000853
P1,56,64,76.54206849333333,0.10000000000000853
P1,56,64,76.65873515999999,0.11666666666667425
P1,56,64,76.90873515999999,0.11666666666667425
P1,56,64,77.04206849333333,0.10000000000000853
P1,56,64,77.29206849333333,0.10000000000000853
P1,56,64,77.40873515999999,0.11666666666667425
P1,56,64,77.65873515999999,0.11666666666667425
P1,61,64,78.16488924,0.11965823333333958
P1,58,64,78.30164150666667,0.10256419999998911
P1,61,64,78.55244720666666,0.09836060000000657
P1,58,64,78.66720124,0.11475403333332679
P1,56,64,78.91310274,0.9833333333333343
P1,58,64,79.91310274,1.9833333333333343
P1,56,64,81.91310274,1.9833333333333343
P1,54,64,83.91310274,1.9833333333333343
P1,56,64,85.91310274,1.987974146666673
P1,58,64,87.91747032,1.987974146666673
P1,56,64,89.92183790000001,1.9833333333333343
P1,54,64,91.92183790000001,1.987974146666673
P1,56,64,93.92620548000002,0.36666666666666003
P1,56,64,94.30953881333336,0.09999999999999432
P1,56,64,94.42620548000002,0.36666666666666003
P1,53,64,94.80953881333336,0.09999999999999432
P1,53,64,94.92620548000002,0.36666666666666003
P1,49,64,95.30953881333336,0.09999999999999432
P1,49,64,95.42620548000002,0.36666666666666003
P1,44,64,95.80953881333336,0.09999999999999432
P1,78,64,95.92620548000002,0.9833333333333343
P1,80,64,96.92620548000002,0.7333333333333343
P1,85,64,97.67620548000002,0.23333333333333428
P1,90,64,97.92620548000002,0.9833333333333343
P1,78,64,98.92620548000002,0.9833333333333343
P1,83,64,99.92620548000002,0.9833333333333343
P1,82,64,100.92620548000002,0.7333333333333343
P1,85,64,101.67620548000002,0.23333333333333428
P1,83,64,101.92620548000002,1.7333333333333343
P1,80,64,103.67620548000002,0.23333333333333428
P1,82,64,103.92620548000002,1.4833333333333343
P1,82,64,105.42620548000002,0.15000000000000568
P1,83,64,105.59287214666669,0.14999999999999147
P1,85,64,105.75953881333335,0.15000000000000568
P1,90,64,105.92620548000002,0.9833333333333343
P1,78,64,106.92620548000002,0.9833333333333343
P1,83,64,107.92620548000002,0.9833333333333343
P1,85,64,108.92620548000002,0.4833333333333343
P1,83,64,109.42620548000002,0.4833333333333343
P1,82,64,109.92620548000002,1.9833333333333343
P1,82,64,111.92620548000002,0.9833333333333343
P1,77,64,112.92620548000002,0.7333333333333343
P1,78,64,113.67620548000002,0.23333333333333428
P1,87,64,113.92620548000002,1.9833333333333343
P1,92,64,115.92620548000002,0.9833333333333343
P1,87,64,116.92620548000002,0.7333333333333343
P1,90,64,117.67620548000002,0.23333333333333428
P1,89,64,117.92620548000002,1.9833333333333343
P1,82,64,119.92620548000002,0.7333333333333343
P1,82,64,120.67620548000002,0.23333333333333428
P1,82,64,120.92620548000002,0.7333333333333343
P1,82,64,121.67620548000002,0.23333333333333428
P1,82,64,121.92620548000002,0.7333333333333343
P1,82,64,122.67620548000002,0.23333333333333428
P1,90,64,122.92620548000002,0.9833333333333343
P1,89,64,123.92620548000002,0.9833333333333343
P1,85,64,124.92620548000002,0.9833333333333343
