TR,31,80,0.03643990929705215,0.19668934240362812
TR,31,80,0.23392290249433106,0.19997732426303855
TR,31,80,0.4346938775510204,0.19895691609977328
TR,31,80,0.6344444444444445,0.20004535147392288
TR,31,80,0.8352834467120182,0.198888888888889
TR,31,80,1.034965986394558,0.19995464852607703
TR,31,80,1.2357142857142858,0.19897959183673475
TR,31,80,1.4354875283446713,0.2002721088435373
TR,31,80,1.6365532879818594,0.19867431207483
TR,31,80,1.8360265782312926,0.20136532794784578
TR,31,80,2.0381908843537415,0.2002084013605443
TR,31,80,2.2391929365079366,0.1999773242630387
TR,31,80,2.439963911564626,0.19895691609977284
TR,31,80,2.6397144784580497,0.20544470912698465
TR,31,80,2.845974582426304,0.2043379472222222
TR,31,80,3.051104627494331,0.20045320470521544
TR,35,80,3.2523514829931974,0.19857142857142884
TR,35,80,3.451716562358277,0.1999546485260768
TR,35,80,3.6524648616780047,0.19895691609977328
TR,35,80,3.8522154285714287,0.1999773242630387
TR,35,80,4.052986403628118,0.19895691609977284
TR,35,80,4.252736970521543,0.20131358361677965
TR,35,80,4.454849532312926,0.20029241439909296
TR,35,80,4.655940924886622,0.20036539937641695
TR,35,80,4.8570999750566894,0.1985714285714284
TR,35,80,5.056465967687076,0.20134249999999998
TR,35,80,5.258607445861679,0.20026958645124715
TR,35,80,5.459653182539683,0.2013881558956916
TR,35,80,5.661840316609978,0.20022149518140608
TR,35,80,5.862855462585035,0.19997732426303827
TR,35,80,6.063626437641724,0.19896285232426347
TR,35,80,6.263388268140591,0.20161643537414964
TR,36,80,6.465894993480727,0.19989490221088424
TR,36,80,6.666583546485262,0.20000000000000018
TR,36,80,6.867399873015874,0.19892450255102112
TR,36,80,7.067123353741498,0.20129684410430837
TR,36,80,7.2692191760204095,0.20029241439909296
TR,36,80,7.470333396541951,0.20129684410430837
TR,36,80,7.672429218820863,0.20027262698412684
TR,36,80,7.873495496598641,0.2003628117913836
TR,36,80,8.074651959183674,0.19859471683673569
TR,36,80,8.274045654195012,0.20131967205215417
TR,36,80,8.47616430442177,0.20029241439909207
TR,36,80,8.677255696995466,0.20129684410430748
TR,36,80,8.879351519274378,0.20026212443310598
TR,36,80,9.080429970238097,0.19995464852607725
TR,36,80,9.281178269557824,0.1989905547052171
TR,36,80,9.480967802437643,0.20163926332199544
TR,33,80,9.68347452777778,0.19990433928571427
TR,33,80,9.884177845238098,0.2053802172902497
TR,33,80,10.090350160374152,0.20414654710884328
TR,33,80,10.295274796768709,0.19603403775510309
TR,33,80,10.492086923809525,0.19505586836734778
TR,33,80,10.687920881462587,0.2053314958616781
TR,33,80,10.894067772165533,0.20440783820861697
TR,33,80,11.09929100521542,0.2019344612244911
TR,29,80,11.302092928458052,0.19965323185940953
TR,29,80,11.502522310544219,0.20003348270975074
TR,29,80,11.703349444047621,0.1989115646258508
TR,29,80,11.903054659467122,0.2013122137188219
TR,26,80,12.105143023412701,0.20031524234693876
TR,26,80,12.306257243934242,0.20131967205215417
TR,26,80,12.508353066213154,0.20031524234693876
TR,26,80,12.70944445878685,0.20202733843537501
TR,31,80,12.91236208718821,0.19951626417233648
TR,31,80,13.112654501587304,0.20131967205215417
TR,31,80,13.31477315181406,0.200291348922903
TR,31,80,13.515858151530614,0.2000453514739231
TR,31,80,13.716697153798188,0.19889345521541912
TR,31,80,13.916389587188212,0.20131967205215417
TR,31,80,14.118508237414968,0.20029241439909384
TR,31,80,14.319599629988664,0.20161643537415053
TR,31,80,14.522015043537417,0.1999956510770975
TR,31,80,14.722809672789118,0.2013424999999991
TR,31,80,14.924951150963722,0.20024675850340046
TR,31,80,15.125996887641726,0.20131967205215417
TR,31,80,15.328115537868483,0.20027399688208547
TR,31,80,15.52918318554422,0.2000453514739231
TR,31,80,15.730022187811793,0.19891080725623667
TR,31,80,15.929731973242633,0.20170774716553375
TR,35,80,16.132238698582768,0.19990433928571605
TR,35,80,16.332942016043088,0.20131967205215417
TR,35,80,16.535037838321998,0.20028617006802563
TR,35,80,16.736117659183673,0.19995464852607725
TR,35,80,16.936865958503404,0.1990120127551016
TR,35,80,17.136654121485265,0.20131967205215417
TR,35,80,17.338772771712023,0.20025664484127148
TR,35,80,17.539823067346944,0.2003628117913827
TR,35,80,17.740979529931977,0.19857142857143018
TR,35,80,17.940344609297057,0.20541085073696053
TR,35,80,18.14657085487529,0.2040617339002253
TR,35,80,18.35141067806123,0.19612296224489612
TR,35,80,18.548311729591845,0.1949891749999999
TR,35,80,18.744056762755108,0.2053464180839022
TR,35,80,18.950218575680278,0.20440783820861697
TR,35,80,19.155441808730167,0.20034448526076787
TR,36,80,19.356670647732432,0.1985487528344656
TR,36,80,19.556013051360548,0.201356651927437
TR,36,80,19.75816868146259,0.20024675850340046
TR,36,80,19.959214418140593,0.1999598236961475
TR,36,80,20.159990568367352,0.19895691609977462
TR,36,80,20.359741135260776,0.2012951697845793
TR,36,80,20.56183528321996,0.20029241439909384
TR,36,80,20.76294767721089,0.2003401360544217
TR,36,80,20.964104139795925,0.1985487528344656
TR,36,80,21.163446543424044,0.19997732426303827
TR,36,80,21.364217518480732,0.198960264739231
TR,36,80,21.563976761394564,0.20129684410430926
TR,36,80,21.766095411621322,0.20028556490929716
TR,36,80,21.967174627324273,0.19995464852607725
TR,36,80,22.16794560238096,0.19896726643990803
TR,36,80,22.367711846995473,0.20161643537414875
TR,33,80,22.570195744387764,0.1998906403061227
TR,33,80,22.770880035487536,0.19997732426303827
TR,33,80,22.971651010544228,0.19895691609977106
TR,33,80,23.17140157743765,0.19997732426303827
TR,33,80,23.37214987675738,0.19900029251700602
TR,33,80,23.571926319501145,0.20131967205215417
TR,33,80,23.7740449697279,0.20026836507936707
TR,33,80,23.975106985600917,0.20058956916100001
TR,29,80,24.176580908503414,0.1982815184240323
TR,29,80,24.37566140510205,0.20129684410430926
TR,29,80,24.577757227380964,0.2002615155895704
TR,29,80,24.778812393764184,0.1999999999999993
TR,31,80,24.979606044557833,0.1989342403628136
TR,31,80,25.179333935714297,0.20534437647392423
TR,31,80,25.38549370702949,0.20414243582766645
TR,31,80,25.59041423214287,0.19678989591836782
TR,34,80,25.78798221734695,0.19367753877551053
TR,34,80,25.982437845408178,0.20474663480725397
TR,34,80,26.187999875056704,0.20492037210884106
TR,34,80,26.393735642006817,0.20001957023809425
TR,34,80,26.59454886303856,0.19900226757369666
TR,34,80,26.794344781405908,0.20125605527210766
TR,34,80,26.99639981485262,0.20033807029478368
TR,34,80,27.197536863322007,0.20101219246031832
TR,37,80,27.399433409523823,0.19784580498865978
TR,37,80,27.598072865306136,0.19945578231292416
TR,37,80,27.79832229841271,0.19945578231292416
TR,37,80,27.99859440725625,0.2012437298752836
TR,37,80,28.200637115306137,0.20033807029478368
TR,37,80,28.401774163775524,0.19993608248299566
TR,37,80,28.60250389705217,0.19900226757369666
TR,37,80,28.802299815419516,0.20230066496598553
TR,36,80,29.005399458560106,0.19931081264172334
TR,36,80,29.20550635736963,0.1999092970521552
TR,36,80,29.406209305215434,0.19900226757369666
TR,36,80,29.60602789931974,0.1999092970521552
TR,36,80,29.806730847165547,0.19900668168934388
TR,36,80,30.006536507029494,0.20131967205215417
TR,36,80,30.208655157256253,0.20028449943310633
TR,36,80,30.409733307483013,0.20095238095237988
TR,33,80,30.611547366439925,0.1979252480158742
TR,33,80,30.810271592630404,0.2012968441043057
TR,33,80,31.012367414909313,0.2002776499433132
TR,33,80,31.213438715646276,0.20065759637188307
TR,26,80,31.41486728707485,0.19829931972789083
TR,26,80,31.61396025759639,0.19997732426303827
TR,26,80,31.814708556916116,0.19900135799319685
TR,26,80,32.014508893083914,0.20236975765306653
TR,34,80,32.21767762891158,0.19924232879818504
TR,34,80,32.417718935884366,0.20079462925170333
TR,34,80,32.61931254331067,0.20076601360544544
TR,34,80,32.82087220770977,0.19993197278911623
TR,34,80,33.02159783129254,0.19902494331065412
TR,34,80,33.221416425396846,0.19990929705215166
TR,34,80,33.42211937324265,0.19902494331065412
TR,34,80,33.62193796734696,0.2063989538548725
TR,30,80,33.8291523160431,0.20333617641723833
TR,30,80,34.03328059030614,0.20134437329932098
TR,30,80,34.23542394178006,0.2003608982426286
TR,30,80,34.43656099024945,0.19995130357143154
TR,30,80,34.637305944614525,0.19902494331066123
TR,30,80,34.83712453871883,0.19993197278911623
TR,30,80,35.03782748656464,0.19902494331066123
TR,30,80,35.23762340493199,0.20104308390022396
TR,32,80,35.4394374638889,0.1979138321995464
TR,32,80,35.6381449468821,0.19990929705215166
TR,32,80,35.838847894727905,0.19900226757369666
TR,32,80,36.038643813095256,0.2012685365646263
TR,32,80,36.24071132783448,0.2003608982426286
TR,32,80,36.44187120425172,0.199933799319723
TR,32,80,36.642598654365095,0.19900226757369666
TR,32,80,36.84239457273244,0.2010884353741531
TR,29,80,37.04425398316328,0.19784580498865978
TR,29,80,37.24287076320863,0.19993197278911623
TR,29,80,37.4435963867914,0.19900226757369666
TR,29,80,37.64339230515874,0.2006349206349256
TR,26,80,37.84482087658731,0.19832869274377174
TR,26,80,38.043948547505686,0.2012740161564608
TR,26,80,38.2459987138889,0.20035070011338263
TR,26,80,38.44712038905897,0.19943310657595958
P1,59,64,0.03505668934240363,0.19714285714285715
P1,59,64,0.233015873015873,0.09934240362811791
P1,59,64,0.3331519274376417,0.0997732426303855
P1,59,64,0.43378684807256235,0.19893424036281177
P1,59,64,0.6335374149659864,0.0993197278911565
P1,59,64,0.7336734693877551,0.09984126984126984
P1,59,64,0.8343764172335602,0.19886621315192743
P1,59,64,1.0340589569160998,0.0993197278911564
P1,59,64,1.1341950113378685,0.09975056689342399
P1,59,64,1.2348072562358277,0.19895691609977328
P1,59,64,1.4345578231292517,0.09934240362811786
P1,59,64,1.5347165532879818,0.10006802721088448
P1,59,64,1.6356462585034013,0.1986453956916101
P1,59,64,1.8351134603174604,0.10000923951247165
P1,59,64,1.9359216780045352,0.10048862641723355
P1,59,64,2.0372777664399093,0.20019181405895692
P1,59,64,2.2382859070294785,0.09931972789115662
P1,59,64,2.338399285714286,0.09979591836734691
P1,59,64,2.4390342063492065,0.19895691609977328
P1,59,64,2.638807448979592,0.10193460493197293
P1,59,64,2.7415807457482995,0.10257667103174617
P1,59,64,2.845019405612245,0.2043379472222222
P1,59,64,3.050172747675737,0.09943497114512478
P1,59,64,3.1504240453514742,0.10006802721088448
P1,62,64,3.2514444535147393,0.19852607709750592
P1,62,64,3.4507868571428575,0.09934240362811764
P1,62,64,3.5509455873015874,0.09975056689342399
P1,62,64,3.651557832199547,0.19893424036281182
P1,62,64,3.8513083990929706,0.09931972789115662
P1,62,64,3.951467129251701,0.09975056689342399
P1,62,64,4.05207937414966,0.19893424036281182
P1,62,64,4.251829941043084,0.09997423469387812
P1,62,64,4.352625981859411,0.10042014257369569
P1,62,64,4.453936414399093,0.20026958645124715
P1,62,64,4.6550278069727895,0.0993284039115645
P1,62,64,4.755172537414967,0.10015873015872945
P1,62,64,4.856192945578232,0.19852607709750547
P1,62,64,5.055558024943311,0.09998123639455869
P1,62,64,5.156361067460319,0.1004657984693873
P1,62,64,5.2576943279478465,0.20022393055555554
P1,62,64,5.458740064625851,0.09998641156462629
P1,62,64,5.559548282312926,0.10051145436507891
P1,62,64,5.660927198696146,0.20020110260770974
P1,62,64,5.861948433106576,0.09931972789115662
P1,62,64,5.962084487528346,0.09975056689342399
P1,62,64,6.062719408163266,0.19893424036281182
P1,62,64,6.262475150226758,0.09998641156462629
P1,62,64,6.363283367913834,0.10073973384353696
P1,64,64,6.464890563775511,0.19994695096371906
P1,64,64,6.665676517006804,0.09931972789115662
P1,64,64,6.765812571428572,0.09979591836734691
P1,64,64,6.866470167800454,0.1988954339569169
P1,64,64,7.06618740787982,0.09998641156462629
P1,64,64,7.166995625566895,0.1004429705215415
P1,64,64,7.268306058106577,0.20026958645124715
P1,64,64,7.469397450680273,0.09998641156462629
P1,64,64,7.570205668367349,0.10042014257369569
P1,64,64,7.671516100907031,0.20025603968253947
P1,64,64,7.872588467120183,0.09931972789115662
P1,64,64,7.972724521541951,0.10015873015872945
P1,64,64,8.073744929705217,0.19854297250566866
P1,64,64,8.27313253628118,0.0999864115646254
P1,64,64,8.373940753968254,0.10042014257369658
P1,64,64,8.475228358560091,0.20026958645124715
P1,64,64,8.676319751133788,0.10000923951247209
P1,64,64,8.777150796768709,0.10042014257369658
P1,64,64,8.878438401360546,0.2002455371315186
P1,64,64,9.079500265022677,0.09931972789115662
P1,64,64,9.179636319444446,0.0997732426303859
P1,64,64,9.280271240079367,0.19896163832199498
P1,64,64,9.480054684523811,0.0999864115646254
P1,64,64,9.580862902210885,0.10073973384353785
P1,60,64,9.682470098072564,0.19994999518140588
P1,60,64,9.883264727324265,0.10194609251700726
P1,60,64,9.986049511678006,0.10248348304988752
P1,60,64,10.089418280555558,0.20414471978457982
P1,60,64,10.294363320748301,0.0973945474489799
P1,60,64,10.392558188605443,0.09779470765306186
P1,60,64,10.491197678911567,0.1950336372448973
P1,60,64,10.687031636564628,0.10187349807256219
P1,60,64,10.789743826473924,0.10250678004535096
P1,60,64,10.89313589234694,0.20438454121315175
P1,60,64,11.098359125396826,0.10004926394557856
P1,60,64,11.199230195464853,0.10083104563492107
P1,57,64,11.301088498752836,0.19972171570294783
P1,57,64,11.501609192630387,0.09935929903628171
P1,57,64,11.601784818197281,0.09979591836734691
P1,57,64,11.702442414569163,0.19888888888888978
P1,57,64,11.902147629988663,0.09997286479591949
P1,57,64,12.002942300907032,0.1004429705215415
P1,54,64,12.104252733446714,0.20026958645124715
P1,54,64,12.30534412602041,0.0999864115646254
P1,54,64,12.406152343707484,0.10044297052154327
P1,54,64,12.507439948299321,0.20029241439909384
P1,54,64,12.708554168820864,0.0999864115646254
P1,54,64,12.809362386507939,0.10101366921768751
P1,59,64,12.911357657482995,0.199584748015873
P1,59,64,13.111741383673472,0.10000923951247032
P1,59,64,13.212572429308391,0.10042014257369658
P1,59,64,13.313860033900228,0.20026958645124715
P1,59,64,13.514951122052155,0.09934240362811941
P1,59,64,13.615087176473924,0.09984126984127073
P1,59,64,13.71579012431973,0.19886621315192698
P1,59,64,13.91547646927438,0.0999864115646254
P1,59,64,14.016284686961454,0.1004429705215415
P1,59,64,14.117595119501136,0.20026958645124715
P1,59,64,14.318686512074832,0.0999864115646254
P1,59,64,14.419494729761906,0.10073973384353785
P1,59,64,14.521101925623585,0.19997282312925257
P1,59,64,14.72187372692744,0.10000923951247209
P1,59,64,14.82270477256236,0.10046579846938819
P1,59,64,14.92403803304989,0.20022393055555554
P1,59,64,15.125083769727894,0.0999864115646254
P1,59,64,15.225891987414968,0.1004429705215415
P1,59,64,15.32720241995465,0.2002574095804981
P1,59,64,15.528276156065761,0.09931972789115662
P1,59,64,15.62841221048753,0.09984126984126895
P1,59,64,15.729115158333336,0.19888189087301633
P1,59,64,15.928818855328801,0.09998641156462362
P1,59,64,16.029627073015874,0.10073973384353963
P1,62,64,16.131325580668936,0.19988151133787113
P1,62,64,16.332028898129256,0.0999864115646254
P1,62,64,16.43283711581633,0.10042014257369658
P1,62,64,16.534124720408165,0.20024690702947723
P1,62,64,16.735210629705218,0.09931972789115662
P1,62,64,16.835346684126986,0.0997505668934231
P1,62,64,16.935958929024945,0.19896026842403813
P1,62,64,17.135741003571432,0.10000923951247032
P1,62,64,17.23657204920635,0.10042014257369658
P1,62,64,17.33785965379819,0.2002400575396841
P1,62,64,17.538916037868486,0.09931972789115662
P1,62,64,17.639052092290253,0.10015873015873211
P1,62,64,17.74007250045352,0.19854875283446916
P1,62,64,17.9394375798186,0.1019240435374158
P1,62,64,18.042200315192748,0.10253007704081796
P1,62,64,18.14561567806123,0.20408320357142884
P1,62,64,18.350521433163273,0.09735008520408073
P1,62,64,18.448671838775518,0.09788363214285667
P1,62,64,18.547400253571436,0.19496694387754943
P1,62,64,18.74316751785715,0.10188842029478451
P1,62,64,18.845917926984136,0.10248348304988397
P1,62,64,18.949286695861684,0.20438454121315175
P1,62,64,19.154509928911573,0.09939427891156072
P1,62,64,19.25474321009071,0.10004535147392346
P1,64,64,19.355650239569165,0.19863945578231323
P1,64,64,19.555106021882093,0.09997164710884121
P1,64,64,19.655899475113383,0.10046579846938641
P1,64,64,19.757232735600912,0.20022393055555554
P1,64,64,19.95830130022676,0.0993083157596395
P1,64,64,20.05842594251701,0.09977324263038767
P1,64,64,20.159060863151932,0.1989342403628136
P1,64,64,20.358811430045357,0.09997849659863789
P1,64,64,20.45963456071429,0.10042014257369658
P1,64,64,20.560922165306128,0.20026958645124537
P1,64,64,20.762013557879822,0.09932414200680384
P1,64,64,20.86215402641724,0.10015873015872856
P1,64,64,20.963174434580505,0.1985487528344656
P1,64,64,21.162539513945585,0.09931972789115662
P1,64,64,21.262675568367353,0.0997505668934231
P1,64,64,21.363310489002274,0.19891156462584902
P1,64,64,21.56306364348073,0.0999864115646254
P1,64,64,21.663871861167806,0.10042014257369658
P1,64,64,21.765159465759645,0.20026912981859368
P1,64,64,21.966244922108853,0.09934240362811764
P1,64,64,22.06640365226758,0.0997505668934231
P1,64,64,22.16701589716554,0.19893819784580558
P1,64,64,22.366775901133796,0.0999864115646254
P1,64,64,22.467606946768715,0.10071690589569116
P1,60,64,22.569214142630393,0.19994253684807362
P1,60,64,22.769973006009078,0.09931972789115662
P1,60,64,22.87010906043085,0.0997505668934231
P1,60,64,22.97074398106577,0.19891156462584902
P1,60,64,23.170494547959194,0.09931972789115306
P1,60,64,23.27063060238096,0.0997505668934231
P1,60,64,23.37124284727892,0.19894854818594254
P1,60,64,23.571013201587313,0.10000923951247032
P1,60,64,23.671844247222232,0.10042014257369658
P1,60,64,23.773131851814068,0.2002517777777797
P1,60,64,23.97419995612246,0.09931972789115662
P1,60,64,24.07435868628119,0.10015873015872856
P1,57,64,24.175560500340147,0.1983659807256224
P1,57,64,24.37474828718822,0.0999864115646254
P1,57,64,24.475556504875293,0.10042014257369658
P1,57,64,24.57684410946713,0.20024492828798302
P1,57,64,24.777905364285726,0.09934240362811764
P1,57,64,24.878064094444454,0.09977324263038767
P1,59,64,24.97869901507938,0.19891156462584902
P1,59,64,25.17842690623584,0.1019274602607716
P1,59,64,25.281169761337882,0.10250678004534919
P1,59,64,25.384561827210895,0.2041628396258517
P1,59,64,25.58952498724491,0.0973723163265312
P1,59,64,25.687697623979606,0.09826156122448992
P1,61,101,25.787092972448992,1.610481026643992
P1,64,101,27.398435677097517,1.6051832015306147
P1,63,101,29.004486340646274,1.605201615362816
P1,60,101,30.610572309750584,0.8025262698412696
P1,66,101,31.41396025759639,0.8019367913832163
P1,61,101,32.21676451099775,1.610477451417232
P1,58,101,33.828220436224505,1.6093802929705205
P1,60,101,35.438530434410445,1.60388681405896
P1,57,101,37.043346953684825,0.7997052154195003
P1,54,101,37.84391384710886,0.8022541609977338
P1,59,80,0.033582766439909296,0.1311791383219955
P1,60,80,0.16564625850340137,0.1326077097505669
P1,62,80,0.2990702947845805,0.13292517006802718
P1,64,80,0.43281179138321996,0.13297052154195016
P1,62,80,0.5665759637188209,0.13219954648526078
P1,60,80,0.6995918367346939,0.13292517006802718
P1,59,80,0.8334013605442177,0.1329251700680273
P1,62,80,0.9672108843537415,0.13208616780045346
P1,64,80,1.1000907029478457,0.13294784580498886
P1,66,80,1.2338321995464854,0.13301587301587303
P1,67,80,1.3676417233560092,0.1321768707482993
P1,66,80,1.5006122448979593,0.13324263038548745
P1,67,80,1.634671201814059,0.13215419501133785
P1,66,80,1.7676190476190476,0.1331704186507936
P1,64,80,1.9016112723922904,0.13381743027210868
P1,62,80,2.0362961646825397,0.40096933418367353
P1,64,80,2.438059149659864,0.13247165532879812
P1,62,80,2.5713471315192744,0.1343795382086168
P1,60,80,2.7065420645691614,0.13659028441043075
P1,57,80,2.8440176348072566,0.136031156519274
P1,59,80,2.9808641861678007,0.13468457573696124
P1,60,80,3.1164331156462586,0.13312925170068057
P1,62,80,3.2503786938775514,0.13215419501133763
P1,59,80,3.3834172426303857,0.1326077097505669
P1,60,80,3.5169319818594107,0.13283446712018154
P1,62,80,3.6505827755102045,0.13247165532879812
P1,64,80,3.7838480816326534,0.13269841269841276
P1,66,80,3.9173628208616784,0.13292517006802695
P1,64,80,4.051081641723356,0.13247165532879812
P1,66,80,4.184369623582767,0.1331241465419497
P1,67,80,4.318315576247166,0.13381743027210913
P1,66,80,4.452931984693878,0.13336087131519303
P1,62,80,4.58711466213152,0.13315991609977296
P1,59,80,4.721136256235828,0.13317460317460394
P1,60,80,4.855195213151928,0.1320861678004528
P1,64,80,4.988075031746032,0.13313099603174638
P1,66,80,5.122027833900227,0.13381743027210913
P1,62,80,5.256712726190477,0.4023425807823129
P1,59,80,5.659945596938776,0.1332695595238098
P1,60,80,5.794105446428572,0.13308108191609946
P1,62,80,5.927980179138323,0.13294784580498842
P1,64,80,6.061721675736962,0.13247165532879812
P1,66,80,6.195009657596373,0.13314149858276636
P1,67,80,6.328950134353742,0.1341370215419504
P1,64,80,6.463908962018142,0.13304128004535176
P1,66,80,6.5977492202380965,0.1331427162698411
P1,67,80,6.731708263038549,0.1329251700680274
P1,64,80,6.865495111111112,0.40100753911564624
P1,60,80,7.267301628401362,0.13336087131519303
P1,62,80,7.401484305839004,0.1335891507936502
P1,64,80,7.535895262755103,0.13381743027210913
P1,60,80,7.670511671201815,0.13336087131519303
P1,57,80,7.804762832482995,0.1330637298752828
P1,59,80,7.938620213151928,0.13324263038548878
P1,60,80,8.072747197278913,0.13208616780045368
P1,62,80,8.205627015873016,0.13318152636054492
P1,64,80,8.339607520408164,0.13381743027211002
P1,67,80,8.474246756802723,0.13336087131519214
P1,66,80,8.608406606292517,0.13358915079365197
P1,64,80,8.742817563208618,0.13381743027210824
P1,60,80,8.87743397165533,0.13336087131519214
P1,64,80,9.011616649092971,0.13312171116780114
P1,66,80,9.145554686791385,0.1329251700680274
P1,67,80,9.279273507653063,0.13247165532879812
P1,69,80,9.412561489512473,0.1331692009637191
P1,71,80,9.546529668650795,0.13413702154195128
P1,69,80,9.681488496315195,0.13304128004535087
P1,64,80,9.815328754535148,0.1348666811224497
P1,60,80,9.951010830498868,0.13656698741496598
P1,67,80,10.08841650975057,0.13610104750566876
P1,66,80,10.225332952097508,0.13298930793650676
P1,64,80,10.359122580442179,0.13031883979591896
P1,69,80,10.49024174064626,0.1298519862244909
P1,64,80,10.620894047278913,0.1329957031746023
P1,66,80,10.75472844229025,0.13656698741496598
P1,67,80,10.892110824546487,0.13610104750566876
P1,69,80,11.02905056388889,0.13504741984127122
P1,67,80,11.164896961904763,0.13413702154195128
P1,65,80,11.299947101360546,0.13294996825396765
P1,67,80,11.433718875736963,0.13316798327664436
P1,65,80,11.567680509807259,0.1329251700680274
P1,62,80,11.701467357879821,0.40098196768707517
P1,65,80,12.103271131689345,0.13336087131519214
P1,64,80,12.23743098117914,0.13358915079365197
P1,62,80,12.37184193809524,0.13381743027210824
P1,60,80,12.506458346541953,0.13336087131519214
P1,59,80,12.64070950782313,0.13352066695011366
P1,57,80,12.775029152947848,0.13434247307256264
P1,59,80,12.910261915986396,0.13276734467120122
P1,60,80,13.043919550623585,0.13352066695011366
P1,62,80,13.1782391957483,0.13381743027211002
P1,64,80,13.31287843214286,0.13336087131519214
P1,62,80,13.447038281632654,0.1331509356575964
P1,60,80,13.581005543820863,0.1329251700680274
P1,59,80,13.714815067630386,0.13240362811791506
P1,62,80,13.848103049489797,0.13304942573696188
P1,64,80,13.981974281349208,0.13381743027211002
P1,66,80,14.11659068979592,0.13336087131519214
P1,67,80,14.250773367233561,0.13358915079365197
P1,66,80,14.385161496201816,0.13413702154195128
P1,67,80,14.520120323866216,0.13304128004535087
P1,66,80,14.653983410034016,0.1335891507936502
P1,64,80,14.78837153900227,0.13381743027210824
P1,62,80,14.923056431292519,0.4023425807823138
P1,64,80,15.326220818197282,0.13336087131519214
P1,62,80,15.460380667687076,0.13313358361678063
P1,60,80,15.59433057783447,0.1329251700680274
P1,57,80,15.728140101643993,0.13238095238095227
P1,59,80,15.861314704818597,0.13318015646258452
P1,60,80,15.995385151247168,0.13404570975056807
P1,62,80,16.130252667120185,0.13304128004535087
P1,59,80,16.26418423713152,0.13352066695011544
P1,60,80,16.398595194047623,0.13372611848072324
P1,62,80,16.533143118650795,0.13336087131519392
P1,64,80,16.667302968140593,0.133123081065758
P1,66,80,16.80124237573696,0.1329251700680274
P1,64,80,16.934983872335604,0.13247165532879634
P1,66,80,17.06824917845805,0.13316783106576224
P1,67,80,17.20223881564626,0.13381743027211002
P1,66,80,17.336855224092975,0.13336087131519037
P1,62,80,17.471037901530615,0.13311623157596486
P1,59,80,17.605038486848077,0.13315192743764115
P1,60,80,17.739097443764177,0.13206349206349088
P1,64,80,17.871977262358282,0.13436897681405924
P1,66,80,18.00716163401361,0.13656698741496598
P1,62,80,18.14461390725624,0.40096339427437755
P1,59,80,18.54644431530613,0.12980752397958994
P1,60,80,18.67711885306123,0.13292170090702982
P1,62,80,18.810879245804994,0.13656698741496598
P1,64,80,18.948261628061232,0.13610104750566876
P1,66,80,19.085201367403634,0.1346212077664397
P1,67,80,19.220638901700685,0.13324263038548878
P1,64,80,19.354675182879824,0.13215419501133852
P1,66,80,19.487645704421773,0.13312155895691546
P1,67,80,19.621566241553293,0.13381743027211002
P1,64,80,19.75625113384354,0.40101834608843845
P1,60,80,20.15808580646259,0.1324716553287999
P1,62,80,20.29135111258504,0.1331284084467086
P1,64,80,20.425301327154198,0.13381743027211002
P1,60,80,20.559940563548757,0.13333804336734545
P1,57,80,20.69416889688209,0.13308717035147666
P1,59,80,20.828049718027216,0.1332653061224498
P1,60,80,20.962199377891164,0.13206349206349088
P1,62,80,21.095079196485266,0.13269841269841365
P1,64,80,21.22857125997733,0.13294784580498842
P1,67,80,21.36231275657597,0.13247165532879634
P1,66,80,21.495578062698417,0.13316158673469758
P1,64,80,21.629538627607715,0.13381743027211002
P1,60,80,21.764177864002274,0.13336087131519392
P1,64,80,21.89833771349207,0.133145303854878
P1,66,80,22.03229934387756,0.13292517006802385
P1,67,80,22.1660408404762,0.13247165532879634
P1,69,80,22.29930614659865,0.13314576048752613
P1,71,80,22.433273713208624,0.1341370215419495
P1,69,80,22.568209712925178,0.13304128004535087
P1,64,80,22.702072799092978,0.13313830215419742
P1,60,80,22.836004752040825,0.13294784580498842
P1,67,80,22.969746248639463,0.1324716553287999
P1,66,80,23.103011554761913,0.13272108843537467
P1,64,80,23.236526293990938,0.1329251700680274
P1,69,80,23.37026779058958,0.13247165532879634
P1,64,80,23.503533096712026,0.13315611082766665
P1,66,80,23.63751101366214,0.13381743027211002
P1,67,80,23.7721502500567,0.13336087131519037
P1,69,80,23.906310099546495,0.13312795181406045
P1,67,80,24.040254377891166,0.13324263038548878
P1,65,80,24.174404037755114,0.13204081632652986
P1,67,80,24.307261180612254,0.13316311252834367
P1,65,80,24.441223271315202,0.13384025821995493
P1,62,80,24.57586250770976,0.13336087131519037
P1,64,80,24.710022357199556,0.13314377806122835
P1,65,80,24.843959786054434,0.13294784580498842
P1,67,80,24.977723958390033,0.13244897959183888
P1,62,80,25.110966588775522,0.13434909654194982
P1,64,80,25.246154377154205,0.13656698741496598
P1,65,80,25.38356005640591,0.13610104750566876
P1,67,80,25.520476498752846,0.1330074277777804
P1,69,80,25.65428424693879,0.13071899999999914
P1,69,80,25.78584802959185,0.6729865477324246
P1,67,80,26.459650903854886,0.13290249433106638
P1,70,80,26.593369724716567,0.13247165532879634
P1,72,80,26.72672573378686,0.13302598526076892
P1,70,80,26.860664836961462,0.1337261184807268
P1,69,80,26.995212761564638,0.13336087131519037
P1,70,80,27.129372611054432,0.13316737443311055
P1,69,80,27.263356312018153,0.13324263038548878
P1,68,80,27.397437944671214,0.6665739027777775
P1,65,80,28.06483365357144,0.1337946023242651
P1,70,80,28.199450062018155,0.13336087131519037
P1,72,80,28.333701223299332,0.1330883880385514
P1,70,80,28.46767396507938,0.13283446712017977
P1,68,80,28.601324758730172,0.1324716553287999
P1,70,80,28.734590064852622,0.133156868197279
P1,68,80,28.86856873917235,0.1341141935941046
P1,67,80,29.00348191094106,0.1330641079931958
P1,64,80,29.13734499710886,0.13317269812925403
P1,65,80,29.271334021768723,0.13290249433106638
P1,67,80,29.40503016689344,0.13247165532879634
P1,70,80,29.53831814875285,0.13269841269841365
P1,64,80,29.671810212244914,0.1329251700680274
P1,67,80,29.805551708843552,0.1324716553287999
P1,65,80,29.938817014966002,0.13316721853741598
P1,64,80,30.072783211678022,0.13381743027210646
P1,67,80,30.20746810396827,0.40131282256236034
P1,60,80,30.60957457732428,0.13215419501133852
P1,67,80,30.74254509886623,0.13315139229024808
P1,65,80,30.876495469331083,0.13384025821995493
P1,64,80,31.01118036162133,0.4009885127551023
P1,62,80,31.41298520090705,0.13247165532879634
P1,65,80,31.546250507029498,0.13272108843537112
P1,64,80,31.679765246258523,0.1329251700680274
P1,62,80,31.813552094331083,0.4013633528911562
P1,69,80,32.21578290924038,0.8038194571995447
P1,67,80,33.02041869297054,0.1324716553287999
P1,69,80,33.15370667482995,0.1326984126984172
P1,70,80,33.28719873832201,0.1329251700680274
P1,65,80,33.42094023492066,0.1324716553287928
P1,67,80,33.5542055410431,0.1343727043650773
P1,68,80,33.689416937244914,0.136893145351479
P1,66,80,33.82712547743766,0.13579818656462095
P1,68,80,33.96373905884356,0.1350824430272084
P1,66,80,34.09964330799321,0.1337946023242651
P1,65,80,34.23423688849208,0.13336087131519747
P1,66,80,34.36841956592972,0.13317209297051846
P1,66,80,34.50238530969389,0.13294784580499197
P1,63,80,34.63612680629253,0.13249433106575736
P1,65,80,34.769437463888906,0.13267573696144552
P1,63,80,34.902906851644005,0.13294784580499197
P1,61,80,35.03667102397961,0.13244897959183533
P1,63,80,35.1699136543651,0.13272108843537467
P1,61,80,35.30345106933108,0.1332199546485242
P1,60,80,35.43746467477326,0.13217687074829598
P1,65,80,35.57043519631521,0.13272108843537467
P1,64,80,35.703972611281195,0.13290249433106283
P1,62,80,35.83766875640591,0.13249433106575736
P1,65,80,35.97095673826532,0.13312932171201908
P1,63,80,36.10488503815194,0.13384025821995493
P1,60,80,36.239524274546504,0.13338369926303528
P1,65,80,36.37372977993199,0.13313191298185245
P1,63,80,36.5076553437075,0.13294784580498487
P1,62,80,36.6414195160431,0.13244897959183533
P1,65,80,36.77466214642858,0.13272108843537467
P1,63,80,36.908199561394575,0.1332199546485242
P1,59,80,37.0423038697846,0.1320861678004519
P1,65,80,37.175274391326546,0.13263038548752348
P1,63,80,37.30869842760772,0.1329251700680274
P1,62,80,37.442417248469404,0.13249433106575736
P1,65,80,37.575705230328815,0.1326984126984101
P1,63,80,37.70919729382088,0.13294784580498487
P1,60,80,37.84293879041952,0.13249433106575736
P1,66,80,37.976249448015885,0.1331239980158756
P1,63,80,38.11017242420637,0.13384025821995493
P1,60,80,38.24483448854877,0.13333804336734545
P1,57,80,38.3790628218821,0.13306890504534863
P1,54,80,38.5129253777211,0.13283446712018332
P1,59,80,38.651610184977336,0.0025850340136059913
