NO,0,101,0.0011609977324263038,5.4421768707482894e-05
NO,60,101,0.0012154195011337867,0.11388208616780045
NO,60,101,0.16546031746031747,4.5351473922899954e-05
NO,64,101,0.16550566893424037,0.11648526077097507
NO,78,101,0.33235374149659863,4.535147392292771e-05
NO,67,101,0.33239909297052156,0.11648526077097504
NO,76,101,1.500607709750567,4.535147392292771e-05
NO,71,101,1.50065306122449,0.4613731760544215
NO,44,101,2.0136804522902496,4.651437641722822e-05
NO,64,101,2.013726966666667,0.45069947551020384
NO,78,101,2.514789253968254,4.535147392292771e-05
NO,69,101,2.514834605442177,1.4516326530612247
NO,31,101,4.016830070294785,4.535147392292771e-05
NO,64,101,4.016875421768708,0.11648526077097543
NO,64,101,4.1837234943310655,0.11653061224489836
NO,78,101,4.350616918367347,4.535147392292771e-05
NO,67,101,4.35066226984127,0.11648526077097454
NO,67,101,4.517510342403629,0.5672789115646255
NO,69,101,5.084789253968254,0.2168253968253966
NO,31,101,5.351977462585034,4.535147392292771e-05
NO,60,101,5.352022814058957,0.11648526077097543
NO,60,101,5.518870886621315,0.45031746031746067
NO,60,101,6.019551158730159,4.535147392292771e-05
NO,62,101,6.019596510204082,0.4612737478911555
NO,77,101,6.532524473106576,4.651437641722822e-05
NO,67,101,6.532570987482993,0.6816965431292514
NO,79,101,7.214267530612244,4.460798185945691e-05
NO,67,101,7.214312138594104,0.13128129061224492
NO,79,101,7.345593429206349,4.460798185945691e-05
NO,67,101,7.345638037188208,0.13128129061224492
NO,79,101,7.476919327800453,4.460798185945691e-05
NO,67,101,7.4769639357823126,0.1324946696598639
NO,79,101,7.6094586054421764,4.535147392292771e-05
NO,67,101,7.609503956916099,0.13346938775510164
NO,79,101,7.742973344671201,4.535147392292771e-05
NO,67,101,7.743018696145124,0.13346938775510164
NO,79,101,7.876488083900226,4.535147392381589e-05
NO,67,101,7.876533435374149,0.09999999999999964
NO,64,101,8.193789671201813,0.11653061224489747
NO,78,101,8.360683095238095,4.535147392203953e-05
NO,67,101,8.360728446712017,0.11648526077097543
NO,67,101,8.527576519274376,0.5788695169614506
NO,69,101,9.106446036235827,0.21327076126984146
NO,31,101,9.369253961360544,4.460798185945691e-05
NO,62,101,9.369298569342403,0.11457560140589429
NO,62,101,9.533411334603173,0.46117057301587394
NO,74,101,10.046236122630384,4.65143764181164e-05
NO,72,101,10.046282637006803,0.4506767989115641
NO,76,101,10.54732224770975,4.535147392203953e-05
NO,71,101,10.547367599183673,1.4625703324716568
NO,71,101,12.061592146666667,4.651437641634004e-05
NO,67,101,12.061638661043084,0.11512464303854841
NO,67,101,12.226300467936507,0.11462020938775552
NO,69,101,12.390457841179138,0.5738668333333337
NO,71,101,12.964324674512472,0.38213788226757295
NO,45,101,13.39599972063492,4.460798185945691e-05
NO,64,101,13.39604432861678,0.11457560140589607
NO,64,101,13.560157093877551,0.46097898036281215
NO,76,101,14.072790289251701,4.65143764181164e-05
NO,74,101,14.07283680362812,0.4433250058503386
NO,74,101,14.565698973333333,4.460798185945691e-05
NO,72,101,14.565743581315193,1.4641313492517014
NO,76,101,16.08023774235828,4.535147392203953e-05
NO,69,101,16.0802830938322,0.11648526077097543
NO,69,101,16.24713116639456,0.11653061224489747
NO,56,101,16.41402459043084,4.535147392203953e-05
NO,72,101,16.414069941904764,0.9509523809523799
NO,60,101,17.415385134648528,4.535147392203953e-05
NO,65,101,17.41543048612245,0.11648526077097543
NO,65,101,17.58227855868481,0.45031746031746067
NO,77,101,18.08295883079365,0.45031746031746067
NO,76,101,18.583639102902495,4.535147392203953e-05
NO,74,101,18.583684454376417,0.7840589569161018
NO,77,101,19.418106223083903,4.535147392203953e-05
NO,68,101,19.418151574557825,0.11648526077097543
NO,68,101,19.584999647120185,0.4612772348752827
NO,31,101,20.097931097006803,4.65143764181164e-05
NO,77,101,20.09797761138322,0.44340221482993414
NO,77,101,20.59091699006803,3.4710705742403576
NO,76,101,24.112350376099773,0.46117780671201913
NO,76,101,24.62518239782313,0.9432135628117919
NO,76,101,25.618758772426308,4.535147392203953e-05
NO,72,101,25.61880412390023,0.9509523809523834
NO,72,101,27.112646826530614,4.460798185945691e-05
NO,74,101,27.112691434512474,0.9695304844897947
NO,74,101,28.13477440512472,0.4512451881632664
NO,74,101,28.636382405079367,4.5351473925592245e-05
NO,72,101,28.636427756553292,1.965854925170067
NO,68,101,62.81704746258506,0.11452777401360237
NO,31,101,62.98111240045354,4.46079818559042e-05
NO,64,101,62.981157008435396,0.11457560140589607
NO,78,101,63.14526977369617,4.46079818559042e-05
NO,71,101,63.14531438167803,0.11457560140589607
NO,44,101,63.3094271469388,4.46079818559042e-05
NO,62,101,63.30947175492066,0.11626109791382788
NO,77,101,63.47609566462587,4.535147392203953e-05
NO,67,101,63.476141016099795,0.11648526077097188
NO,64,101,63.80988251269844,0.11653061224489392
NO,78,101,63.97677593673472,4.535147392203953e-05
NO,67,101,63.97682128820864,0.11648526077097188
NO,67,101,64.143669360771,0.11653061224490102
NO,69,101,64.31056278480727,0.11894537927437909
NO,56,101,64.48116237909299,4.651437642166911e-05
NO,72,101,64.48120889346941,0.11947217582766712
NO,72,101,64.65233528430842,4.651437640745826e-05
NO,74,101,64.65238179868483,0.11947217582766712
NO,74,101,64.82350818952384,4.651437642166911e-05
NO,76,101,64.82355470390026,0.19714232503400808
NO,76,101,65.07023419278914,4.460798186300963e-05
NO,74,101,65.070278800771,0.19665428802720442
NO,77,101,65.31647025265309,4.460798186300963e-05
NO,69,101,65.31651486063495,2.7206815641270055
NO,44,101,68.0888506397733,4.651437640745826e-05
NO,76,101,68.0888971541497,0.20505862843538125
NO,76,101,68.59255714263043,0.45023835342404084
NO,76,101,69.0944497110658,4.651437642166911e-05
NO,74,101,69.09449622544223,0.45734546326531245
NO,77,101,69.60220450049891,4.535147392914496e-05
NO,69,101,69.60224985197284,0.44723754598638266
NO,43,101,70.0990245618141,4.460798186300963e-05
NO,72,101,70.09906916979597,0.19665428802720442
NO,76,101,70.34526062167805,4.460798186300963e-05
NO,71,101,70.34530522965991,0.19970000326530624
NO,71,101,70.59536804471661,4.5351473914934104e-05
NO,67,101,70.59541339619052,0.6840136054421748
NO,79,101,71.2794270016327,4.535147392914496e-05
NO,67,101,71.27947235310663,0.1345904257596402
NO,79,101,71.41406277886627,4.651437642166911e-05
NO,67,101,71.41410929324269,0.13689180979591242
NO,79,101,71.5510011030386,4.651437642166911e-05
NO,67,101,71.55104761741502,0.13689180979591242
NO,79,101,71.68793942721094,4.651437642166911e-05
NO,67,101,71.68798594158736,0.13689180979591242
NO,79,101,71.82487775138327,4.651437642166911e-05
NO,67,101,71.82492426575969,0.13489743201814974
NO,79,101,71.95982169777784,4.5351473914934104e-05
NO,67,101,71.95986704925176,0.13346938775509898
NO,79,101,72.09333643700685,4.535147392914496e-05
NO,67,101,72.09338178848078,0.13346938775509898
NO,79,101,72.22685117623588,4.535147392914496e-05
NO,67,101,72.22689652770981,0.08331065759637113
NO,67,101,72.36147702657603,4.5351473914934104e-05
NO,60,101,72.36152237804994,0.11385593192743215
NO,60,101,72.52491547383225,4.460798186300963e-05
NO,64,101,72.52496008181411,0.11457560140588896
NO,78,101,72.68907284707488,4.460798186300963e-05
NO,67,101,72.68911745505675,0.11457560140588896
TR,71,80,32.63991785405896,4.535147392203953e-05
TR,76,80,32.63996320553288,0.7294423151927489
TR,90,80,33.403078990113386,4.535147392203953e-05
TR,79,80,33.40312434158731,0.21662131519274652
TR,74,80,34.410264512925174,0.2222224333333358
TR,76,80,34.6670238707483,4.651437642166911e-05
TR,72,80,34.667070385124724,1.2152104102494405
TR,60,80,35.91681771986396,4.6514376414563685e-05
TR,64,80,35.91686423424037,0.22217591895692124
TR,78,80,36.173577077687085,4.651437642166911e-05
TR,69,80,36.17362359206351,0.21350754290249085
TR,43,80,36.42025256149661,4.46079818559042e-05
TR,72,80,36.42029716947847,1.4821124846712053
TR,60,80,37.93559799265307,6.691197278740901e-05
TR,64,80,37.93566490462586,0.21298080938775854
TR,78,80,38.181767140544224,4.460798186300963e-05
TR,69,80,38.18181174852609,0.21633135328797692
TR,43,80,38.43181657120182,4.535147392203953e-05
TR,72,80,38.43186192267574,0.9676417233560102
TR,72,80,39.43317711541951,0.21666666666666146
TR,77,80,39.68351725147393,4.535147392203953e-05
TR,71,80,39.68356260294785,0.9789753710657578
TR,57,80,40.69716792725624,4.651437642166911e-05
TR,76,80,40.69721444163266,0.7093778728344589
TR,90,80,41.440265783854876,4.535147392203953e-05
TR,79,80,41.4403111353288,0.21662131519274652
TR,74,80,42.447473983265304,0.2222224333333358
TR,76,80,42.70423334108843,4.6514376414563685e-05
TR,72,80,42.70427985546485,1.2152104102494405
TR,60,80,43.95402719020409,4.6514376414563685e-05
TR,64,80,43.9540737045805,0.22217591895692124
TR,78,80,44.210786548027215,4.6514376414563685e-05
TR,69,80,44.21083306240363,0.21712194471655977
TR,43,80,44.46162847650795,4.535147392203953e-05
TR,72,80,44.46167382798187,1.4683219954648479
TR,72,80,45.963828022993205,4.535147392203953e-05
TR,74,80,45.96387337446713,0.21646258503401583
TR,74,80,46.21400942888889,4.535147392203953e-05
TR,72,80,46.214054780362815,0.21662131519274652
TR,72,80,46.46434956494332,4.535147392203953e-05
TR,74,80,46.46439491641724,0.21662131519274652
TR,74,80,46.71468970099774,4.535147392203953e-05
TR,72,80,46.71473505247166,1.9803585918820872
TR,76,64,48.72990965510205,6.977156462539824e-05
TR,69,64,48.729979426666674,1.2274726468027168
TR,32,64,49.99198899795919,4.6514376414563685e-05
TR,64,64,49.992035512335605,0.22217591895691413
TR,78,64,50.24874835578232,4.6514376414563685e-05
TR,69,64,50.24879487015873,0.21396793718820817
TR,43,64,50.495884233877554,4.46079818559042e-05
TR,72,64,50.49592884185941,0.21307002535147745
TR,72,64,50.7421202937415,4.46079818559042e-05
TR,74,64,50.742164901723356,0.7246416964625908
TR,77,64,51.50194412267574,4.7323265306431495e-05
TR,69,64,51.501991445941044,0.2260395767346992
TR,31,64,51.763168547165535,4.7323265306431495e-05
TR,65,64,51.76321587043084,0.4533614076644028
TR,65,64,52.249230341496606,6.58327891116528e-05
TR,62,64,52.24929617428572,0.4662724026303877
TR,77,64,52.74924204630386,4.535147392203953e-05
TR,67,64,52.749287397777785,0.6903637595918397
TR,79,64,53.439651157369624,4.7323265306431495e-05
TR,67,64,53.43969848063493,0.1392723697959184
TR,79,64,53.57897085043085,4.7323265306431495e-05
TR,67,64,53.579018173696156,0.1392723697959184
TR,79,64,53.718290543492074,4.7323265306431495e-05
TR,67,64,53.71833786675738,0.13588369605442097
TR,79,64,53.8542215628118,4.46079818559042e-05
TR,67,64,53.85426617079366,0.13119207464853133
TR,77,64,54.26481573183674,4.460798186300963e-05
TR,67,64,54.264860339818604,0.21307002535147035
TR,67,64,54.51105179170069,4.460798186300963e-05
TR,71,64,54.51109639968255,0.21307002535147035
TR,56,64,54.757287851564634,4.460798186300963e-05
TR,72,64,54.7573324595465,0.9861919549659817
TR,76,64,55.778661939002276,4.7323265306431495e-05
TR,71,64,55.77870926226758,0.4529492389569185
TR,44,64,56.264245731836745,4.388852607917215e-05
TR,64,64,56.264289620362824,0.4665357334240383
TR,78,64,56.764589526122464,4.535147392203953e-05
TR,69,64,56.764634877596386,1.2485452662131493
TR,32,64,58.04771706829933,4.651437642166911e-05
TR,64,64,58.04776358267575,0.22217591895691413
TR,78,64,58.304476426122456,4.651437642166911e-05
TR,69,64,58.30452294049888,0.21081911623582528
TR,43,64,58.547929287346946,4.388852607917215e-05
TR,72,64,58.547973175873025,0.2096335448072537
TR,72,64,58.79019395129253,4.3888526072066725e-05
TR,74,64,58.7902378398186,0.7243806020408243
TR,77,64,59.54975596634922,4.7323265306431495e-05
TR,69,64,59.54980328961452,0.2260395767346992
TR,31,64,59.81098039083901,4.7323265306431495e-05
TR,65,64,59.81102771410432,0.4532944302494357
TR,78,64,60.29706298480727,4.388852607917215e-05
TR,69,64,60.29710687333335,0.46623509732426527
TR,69,64,60.79701544004537,0.6382499993650796
TR,67,64,61.43526543941045,0.05219756163265288
TR,79,64,61.4874630010431,4.7323265306431495e-05
TR,67,64,61.48751032430841,0.1392723697959184
TR,79,64,61.62678269410433,4.7323265306431495e-05
TR,67,64,61.626830017369635,0.1392723697959184
TR,79,64,61.76610238716555,4.7323265306431495e-05
TR,67,64,61.76614971043086,0.01727299183673381
TR,67,64,61.81856022675739,0.963252595691614
NO,60,51,0.16611791383219957,0.11605442176870748
NO,60,51,0.33294331065759636,4.535147392292771e-05
NO,64,51,0.3329886621315193,0.11607709750566891
NO,77,51,0.49983673469387757,4.53514739228722e-05
NO,67,51,0.49988208616780044,0.11598639455782317
NO,0,51,0.6662312925170069,4.535147392281669e-05
NO,72,51,0.6662766439909297,0.9534968116099775
NO,76,51,1.6714276706122448,4.651437641722822e-05
NO,71,51,1.671474184988662,0.45925611206349215
NO,43,51,2.1810931088435375,4.535147392292771e-05
NO,64,51,2.1811384603174604,0.4502721088435373
NO,77,51,2.681773380952381,4.535147392292771e-05
NO,69,51,2.681818732426304,1.45172335600907
NO,30,51,4.1843130634920636,4.535147392292771e-05
NO,64,51,4.1843584149659865,0.11607709750566908
NO,64,51,4.351206487528344,0.11612244897959201
NO,78,51,4.518099911564626,4.535147392292771e-05
NO,67,51,4.518145263038549,0.11598639455782322
NO,67,51,4.684494469387755,0.5674829931972782
NO,69,51,5.2519774625850335,0.2167120181405906
NO,30,51,5.519460455782313,4.535147392292771e-05
NO,60,51,5.519505807256236,0.11598639455782322
NO,60,51,5.685855013605442,0.45276246281179056
NO,60,51,6.1902716914285705,4.651437641722822e-05
NO,62,51,6.190318205804988,0.45935554022675706
NO,77,51,6.700036557823128,4.535147392292771e-05
NO,67,51,6.700081909297051,0.629385734467121
NO,0,51,7.329467643764172,4.460798185945691e-05
NO,67,51,7.329512251746031,0.04924721197278892
NO,79,51,7.37875946371882,4.460798185945691e-05
NO,67,51,7.37880407170068,0.08198947065759654
NO,0,51,7.460793542358276,4.460798185945691e-05
NO,67,51,7.460838150340136,0.04924721197278892
NO,79,51,7.510085362312925,4.460798185945691e-05
NO,67,51,7.510129970294784,0.08293407732426239
NO,0,51,7.5930640476190465,4.535147392292771e-05
NO,67,51,7.5931093990929694,0.05006802721088466
NO,79,51,7.643177426303854,4.535147392292771e-05
NO,67,51,7.643222777777777,0.08335600907029495
NO,0,51,7.726578786848072,4.535147392292771e-05
NO,67,51,7.726624138321995,0.05006802721088377
NO,79,51,7.776692165532879,4.535147392292771e-05
NO,67,51,7.776737517006802,0.08335600907029495
NO,0,51,7.8600935260770965,4.535147392292771e-05
NO,67,51,7.8601388775510195,0.05006802721088466
NO,79,51,7.910206904761904,4.535147392292771e-05
NO,67,51,7.910252256235827,0.08335600907029495
NO,0,51,7.993608265306122,4.535147392292771e-05
NO,67,51,7.993653616780045,0.04981859410430811
NO,79,51,8.043472210884353,4.535147392203953e-05
NO,67,51,8.043517562358275,0.08340136054421876
NO,0,51,8.126918922902494,4.535147392203953e-05
NO,67,51,8.126964274376416,0.016643990929706476
NO,0,51,8.19437924036281,4.535147392381589e-05
NO,64,51,8.194424591836734,0.11607709750566819
NO,64,51,8.361272664399092,0.11612244897959201
NO,78,51,8.528166088435373,4.535147392203953e-05
NO,67,51,8.528211439909295,0.11851861473923009
NO,67,51,8.698384269659863,0.5725090917006792
NO,69,51,9.270893361360542,0.21315924131519282
NO,30,51,9.533991238367346,4.460798185945691e-05
NO,62,51,9.534035846349205,0.11829327959183722
NO,62,51,9.70398334095238,0.45927994984127096
NO,74,51,10.213626102585033,4.535147392381589e-05
NO,72,51,10.213671454058957,0.45027210884353686
NO,76,51,10.714306374693876,4.535147392381589e-05
NO,71,51,10.7143517261678,1.4625900098412696
NO,71,51,12.22688037170068,4.460798185945691e-05
NO,67,51,12.22692497968254,0.11417412956916095
NO,67,51,12.391037744943311,0.1141295215873015
NO,69,51,12.554704430385488,4.460798185945691e-05
NO,71,51,12.554749038367348,0.9560493235827661
NO,44,51,13.560736997641724,4.460798185945691e-05
NO,64,51,13.560781605623584,0.11810168693877543
NO,64,51,13.730537507573697,0.45739877138321994
NO,76,51,14.237473442811792,4.460798185945691e-05
NO,74,51,14.237518050793652,0.4469643130612244
NO,74,51,14.736136578866214,4.65143764181164e-05
NO,72,51,14.736183093242632,1.4607666672562356
NO,76,51,16.247720735555557,4.535147392203953e-05
NO,69,51,16.24776608702948,0.11607709750566997
NO,69,51,16.41461415959184,4.535147392203953e-05
NO,71,51,16.41465951106576,0.11598639455782234
NO,55,51,16.581008717414967,4.535147392203953e-05
NO,72,51,16.58105406888889,0.9510430839002275
NO,60,51,17.582868127845806,4.535147392203953e-05
NO,65,51,17.58291347931973,0.11598639455782234
NO,65,51,17.749262685668935,0.45031746031746067
NO,77,51,18.24994295777778,0.45031746031746067
NO,76,51,18.75062322988662,4.5351473925592245e-05
NO,74,51,18.750668581360546,0.7841496598639459
NO,77,51,19.58558921628118,4.5351473925592245e-05
NO,68,51,19.585634567755104,0.1183895325623574
NO,68,51,19.7556783153288,0.4574759803628119
NO,30,51,20.262691459546488,4.460798185945691e-05
NO,77,51,20.262736067528348,0.4468638468934216
NO,77,51,20.76125412943311,3.4700212717006806
NO,76,51,24.282929616145125,0.4576389770975098
NO,76,51,24.790105757097507,0.9452743305215456
NO,76,51,25.785742899410433,4.5351473925592245e-05
NO,72,51,25.78578825088436,0.9493412251700661
NO,72,51,27.279586715736965,4.535147392203953e-05
NO,74,51,27.279632067210887,0.9726913809523801
NO,74,51,28.30268625995465,0.4485579871201786
NO,74,51,28.800781410929705,6.691197279096173e-05
NO,72,51,28.800848322902496,1.8017971706122466
NO,78,51,62.98169230421771,4.460798186300963e-05
NO,69,51,62.98173691219957,0.1141741295691574
NO,30,51,63.14584967746034,4.460798186300963e-05
NO,64,51,63.1458942854422,0.1141741295691574
NO,77,51,63.31000705070297,4.460798186300963e-05
NO,71,51,63.310051658684834,0.11586260004534665
NO,43,51,63.47668523378687,4.535147392203953e-05
NO,62,51,63.47673058526079,0.11607709750567352
NO,77,51,63.64357865782315,4.535147392203953e-05
NO,67,51,63.64362400929707,0.11607709750567352
NO,0,51,63.81047208185943,4.535147392203953e-05
NO,64,51,63.81051743333335,0.11607709750567352
NO,64,51,63.97736550589571,0.11612244897958846
NO,78,51,64.144258929932,4.535147392914496e-05
NO,67,51,64.14430428140592,0.11607709750566642
NO,67,51,64.31115235396827,0.11854186761905794
NO,69,51,64.48176706598642,4.651437642166911e-05
NO,71,51,64.48181358036284,0.11905354643991473
NO,55,51,64.65293997120185,4.651437640745826e-05
NO,72,51,64.65298648557825,0.11905354643991473
NO,72,51,64.82411287641726,4.651437642166911e-05
NO,74,51,64.82415939079368,0.11454816748299379
NO,74,51,64.98824472213155,4.460798184879877e-05
NO,76,51,64.9882893301134,0.19665428802721863
NO,76,51,65.23448078199549,4.460798186300963e-05
NO,74,51,65.23452538997735,0.198363577052163
NO,77,51,65.4832517788209,6.802721087240116e-05
NO,69,51,65.48331980603177,2.725142552698429
NO,43,51,68.26011657374154,4.651437642166911e-05
NO,76,51,68.26016308811796,0.20086741999999447
NO,76,51,68.75680373183678,0.4572576981859413
NO,76,51,69.26571564503406,4.651437642166911e-05
NO,74,51,69.26576215941049,0.4530636562811736
NO,77,51,69.76918862748305,4.5351473914934104e-05
NO,69,51,69.76923397895696,0.444500008208621
NO,42,51,70.26327115102045,4.460798186300963e-05
NO,72,51,70.26331575900231,0.1983334648526096
NO,76,51,70.51201203564631,4.535147392914496e-05
NO,71,51,70.51205738712024,0.19993197278911623
NO,71,51,70.76235217170073,4.535147392914496e-05
NO,67,51,70.76239752317466,0.6348503086167767
NO,0,51,71.39724783179143,4.651437642166911e-05
NO,67,51,71.39729434616785,0.051351871564634166
NO,79,51,71.44864621773249,4.651437640745826e-05
NO,67,51,71.4486927321089,0.08549342385488501
NO,0,51,71.53418615596378,4.651437640745826e-05
NO,67,51,71.53423267034019,0.051351871564634166
NO,79,51,71.58558454190482,4.651437640745826e-05
NO,67,51,71.58563105628123,0.08549342385488501
NO,0,51,71.67112448013611,4.651437640745826e-05
NO,67,51,71.67117099451252,0.051351871564634166
NO,79,51,71.72252286607716,4.651437640745826e-05
NO,67,51,71.72256938045356,0.08549342385488501
NO,0,51,71.80806280430845,4.651437640745826e-05
NO,67,51,71.80810931868486,0.051351871564634166
NO,79,51,71.85946119024949,4.651437642166911e-05
NO,67,51,71.85950770462591,0.08391943532879509
NO,0,51,71.94342713995471,4.535147392914496e-05
NO,67,51,71.94347249142864,0.05006802721088377
NO,79,51,71.99354051863952,4.5351473914934104e-05
NO,67,51,71.99358587011344,0.08335600907030027
NO,0,51,72.07694187918374,4.5351473914934104e-05
NO,67,51,72.07698723065765,0.05006802721088377
NO,79,51,72.12705525786853,4.535147392914496e-05
NO,67,51,72.12710060934246,0.08335600907028606
NO,0,51,72.21045661841275,4.535147392914496e-05
NO,67,51,72.21050196988668,0.05006802721088377
NO,79,51,72.26056999709756,4.535147392914496e-05
NO,67,51,72.26061534857149,0.04995464852606801
NO,0,51,72.52556228956921,4.460798186300963e-05
NO,60,51,72.52560689755107,0.11410721759636999
NO,60,51,72.68965275083906,4.460798184879877e-05
NO,64,51,72.68969735882091,0.1141741295691645
NO,76,64,32.641233046802725,4.535147392203953e-05
NO,67,64,32.64127839827665,0.6951339251700688
NO,79,64,33.336412323446716,4.535147392914496e-05
NO,67,64,33.336457674920645,0.033356009070288906
NO,67,64,33.40366855927439,4.535147392203953e-05
NO,71,64,33.40371391074831,0.21621315192743396
NO,71,64,33.654008695328805,4.535147392203953e-05
NO,67,64,33.65405404680273,0.6878343327891159
NO,79,64,34.34188837959184,4.6514376414563685e-05
NO,67,64,34.34193489396826,0.03421132385487624
NO,67,64,34.4108691998186,4.6514376414563685e-05
NO,71,64,34.41091571419501,0.22175728956916174
NO,44,64,34.66762855764173,4.651437642166911e-05
NO,64,64,34.66767507201815,1.2149778383673535
NO,64,64,35.91742240675738,4.6514376414563685e-05
NO,60,64,35.917468921133796,0.22175728956916174
NO,60,64,36.17418176458051,4.6514376414563685e-05
NO,64,64,36.174228278956924,0.21308128793651093
NO,78,64,36.42083246526078,4.460798186300963e-05
NO,69,64,36.42087707324264,1.4818894447619044
NO,31,64,37.93617789641724,6.691197278740901e-05
NO,60,64,37.93624480839003,0.21257933755102698
NO,60,64,38.1823470443084,4.46079818559042e-05
NO,66,64,38.182391652290256,0.2159328554195028
NO,66,64,38.43240614036282,0.6337414965986383
NO,64,64,39.06614763696146,0.3337188208616766
NO,64,64,39.433766684580505,0.2162585034013631
NO,65,64,39.68410682063493,4.535147392203953e-05
NO,62,64,39.68415217210885,0.9787579169160949
NO,77,64,40.69777261414966,4.651437642166911e-05
NO,67,64,40.697819128526085,0.6757799886621214
NO,79,64,41.373599117188206,4.535147392203953e-05
NO,67,64,41.37364446866213,0.03335600907029601
NO,67,64,41.44085535301587,4.535147392914496e-05
NO,71,64,41.4409007044898,0.21621315192743396
NO,71,64,41.691195489070296,4.535147392203953e-05
NO,68,64,41.69124084054422,0.7221148476190464
NO,68,64,42.44807867015873,0.2218038039455763
NO,68,64,42.70483802798186,0.46704694181406126
NO,38,64,43.205558439183676,4.535147392203953e-05
NO,65,64,43.2056037906576,0.459683772244901
NO,78,64,43.69840898943311,4.46079818559042e-05
NO,69,64,43.69845359741497,0.2214087833106575
NO,31,64,43.95463187709751,4.6514376414563685e-05
NO,60,64,43.95467839147393,0.22175728956916174
NO,60,64,44.21139123492064,4.6514376414563685e-05
NO,64,64,44.211437749297055,0.21669866371882307
NO,78,64,44.46221804566894,4.535147392203953e-05
NO,69,64,44.46226339714286,0.21612244897958988
NO,31,64,44.71205931551021,4.535147392203953e-05
NO,63,64,44.71210466698413,0.7175056689342441
NO,77,64,45.463283805306126,4.535147392914496e-05
NO,68,64,45.463329156780055,0.4670294784580449
NO,68,64,45.9644175921542,0.2160997732426324
NO,70,64,46.214598998049894,0.2162585034013631
NO,68,64,46.46493913410431,0.2162585034013631
NO,38,64,46.71527927015874,4.535147392203953e-05
NO,64,64,46.71532462163266,1.9801411377324243
NO,77,40,48.986482955419504,4.651437642166911e-05
NO,69,40,48.986529469795926,1.2278680190022655
NO,31,40,50.24935304267574,4.6514376414563685e-05
NO,64,40,50.24939955705216,0.21354168222222114
NO,77,40,50.49646413764172,4.460798186300963e-05
NO,69,40,50.496508745623586,0.2126685535147388
NO,42,40,50.74270019750567,4.460798186300963e-05
NO,72,40,50.74274480548753,0.21579308199545721
NO,72,40,50.99221135687075,4.535147392203953e-05
NO,74,40,50.99225670834467,0.7359636073922928
NO,77,40,51.76378374961452,4.7323265306431495e-05
NO,69,40,51.763831072879825,0.2105693183219941
NO,30,40,52.00698762181406,4.388852607917215e-05
NO,65,40,52.00703151034014,0.4582876334693893
NO,65,40,52.49899261319729,4.535147392203953e-05
NO,62,40,52.49903796467121,0.46696145124716537
NO,77,40,52.999672885306126,4.535147392914496e-05
NO,67,40,52.999718236780055,0.6492200614058987
NO,0,40,53.64893829818595,4.7323265306431495e-05
NO,67,40,53.64898562145126,0.05219756163265288
NO,79,40,53.70118318308391,4.7323265306431495e-05
NO,67,40,53.70123050634922,0.08702748489795908
NO,0,40,53.78825799124718,4.732326529932607e-05
NO,67,40,53.78830531451248,0.04979046285714617
NO,79,40,53.838095777369624,4.46079818559042e-05
NO,67,40,53.83814038535148,0.08203407863945955
NO,0,40,53.92017446399094,4.46079818559042e-05
NO,67,40,53.920219071972795,0.04920260399093479
NO,79,40,53.96942167596373,4.46079818559042e-05
NO,67,40,53.969466283945586,0.08183334272109022
NO,0,40,54.051299626666676,4.46079818559042e-05
NO,67,40,54.05134423464853,0.04920260399093479
NO,79,40,54.10054683863947,4.46079818559042e-05
NO,67,40,54.10059144662132,0.08203407863945955
NO,0,40,54.18262552526078,4.46079818559042e-05
NO,67,40,54.18267013324264,0.049202603990927685
NO,77,40,54.511631695464864,4.46079818559042e-05
NO,67,40,54.51167630344672,0.2126685535147388
NO,67,40,54.75786775532881,4.46079818559042e-05
NO,71,40,54.757912363310666,0.21588230104308082
NO,55,40,55.007468133741504,4.535147392203953e-05
NO,72,40,55.007513485215426,0.9819681291156499
NO,76,40,56.02206884494332,4.388852607917215e-05
NO,71,40,56.0221127334694,0.45846318721088863
NO,43,40,56.51424939006804,4.535147392203953e-05
NO,64,40,56.51429474154196,0.2167120181405906
NO,64,64,56.76551923133788,1.2480330274829896
NO,64,64,58.04832175519275,4.651437642166911e-05
NO,60,64,58.048368269569174,0.22175728956915464
NO,60,64,58.30508111301588,4.651437642166911e-05
NO,64,64,58.3051276273923,0.21038998344671
NO,78,64,58.548499838185954,4.3888526072066725e-05
NO,69,64,58.548543726712026,0.20923854807256248
NO,69,64,58.79076450213153,0.7242798491156464
NO,32,64,59.5503711687982,4.7323265306431495e-05
NO,65,64,59.55041849206351,0.22561366734693422
NO,65,64,59.811595593288,4.7323265306431495e-05
NO,62,64,59.8116429165533,0.4528547819047617
NO,62,64,60.29763353564628,4.3888526072066725e-05
NO,65,64,60.29767742417235,0.4658459523809526
NO,77,64,60.797605009206364,4.535147392203953e-05
NO,74,64,60.79765036068029,0.9861509277097582
NO,74,64,61.81917542920637,0.9630095082539754
NO,0,64,0.5004263038548753,4.535147392292771e-05
NO,36,64,0.5004716553287982,0.4826530612244898
NO,36,64,1.000108843537415,0.4841269841269842
NO,40,64,1.5014920634920634,4.535147392292771e-05
NO,35,64,1.5015374149659864,0.494909460861678
NO,35,64,2.014378167936508,0.4836083649433105
NO,35,64,2.5154695260770974,4.535147392292771e-05
NO,33,64,2.5155148775510203,0.4831519274376417
NO,33,64,3.015650931972789,0.4841269841269842
NO,33,64,3.516716691609977,0.48374149659863974
NO,31,64,4.017714424036281,0.4829931972789119
NO,0,64,4.518689480725623,4.535147392381589e-05
NO,29,64,4.518734832199547,0.4826530612244895
NO,29,64,5.018372020408163,0.48390022675736954
NO,29,64,5.520050024943311,0.4826984126984124
NO,30,64,6.020231430839003,0.49505946580498783
NO,42,64,6.533222188752834,4.651437641722822e-05
NO,31,64,6.533268703129251,0.48366127873015774
NO,31,64,7.033914108843536,0.4763496853968263
NO,31,64,7.526924875464852,0.4835994896145124
NO,31,64,8.027780600907029,0.4829931972789119
NO,0,64,8.528823684807255,6.802721088483565e-05
NO,38,64,8.52889171201814,0.49451176285714205
NO,38,64,9.040823108843536,0.4762617043990929
NO,38,64,9.534571142131519,0.4944314040362805
NO,38,64,10.046933838276644,0.48358568834467164
NO,41,64,10.548002519818594,4.535147392381589e-05
NO,31,64,10.548047871292518,0.4831519274376408
NO,31,64,11.048183925714286,0.4841269841269842
NO,0,64,11.549249685351473,6.802721088483565e-05
NO,29,64,11.549317712562358,0.49548274421768745
NO,29,64,12.062499177006803,0.47558878013605366
NO,29,64,12.55528433414966,0.4949291364172339
NO,28,64,13.067586590158731,0.4762885903401344
NO,28,64,13.561316901405895,0.4942398113832205
NO,28,64,14.07348800489796,0.4756837111564618
NO,42,64,14.566368093061225,4.460798185945691e-05
NO,33,64,14.566412701043085,0.4947430830385482
NO,33,64,15.078575418049887,0.48461017011337937
NO,33,64,15.580124363673471,0.48374149659863797
NO,31,64,16.081122096099776,0.4829931972789119
NO,0,64,16.581598286575964,4.535147392203953e-05
NO,29,64,16.581643638049886,0.48340136054421734
NO,29,64,17.08198377410431,0.48374149659863974
NO,29,64,17.583457697006803,0.48269841269841507
NO,29,64,18.083639102902495,0.4831972789115646
NO,42,64,18.58431937501134,4.535147392203953e-05
NO,31,64,18.584364726485262,0.48315192743764257
NO,31,64,19.08450078090703,0.4839002267573669
NO,0,64,19.58617878544218,4.535147392203953e-05
NO,28,64,19.5862241369161,0.49447338362811877
NO,28,64,20.09862881265306,0.4757609201360573
NO,42,64,20.59158610979592,4.460798185945691e-05
NO,33,64,20.59163071777778,0.49464261687074895
NO,33,64,21.10369296861678,0.4766401154648534
NO,33,64,21.596994165306125,0.4953201272108849
NO,32,64,22.109687412108844,0.4842502655782326
NO,32,64,22.610876453197278,0.48374149659863974
NO,31,64,23.111556725306123,0.48374149659863974
NO,0,64,23.612236997414968,6.80272108830593e-05
NO,30,64,23.61230502462585,0.48367346938775313
NO,30,64,24.11323472984127,0.49471409151927404
NO,30,64,24.62588011346939,0.47592391687075164
NO,29,64,25.118509719546488,0.4838771707936509
NO,29,64,25.619643126167805,0.4829931972789119
NO,29,64,26.119620450430844,0.4841269841269842
NO,42,64,27.113516682176872,4.460798185945691e-05
NO,31,64,27.11356129015873,1.0041294161904766
NO,31,64,28.135697208798188,0.4838824751927433
NO,0,64,28.63706267718821,4.535147392203953e-05
NO,36,64,28.637108028662134,0.2291578996371868
NO,36,64,29.129207677369617,0.48396638984127094
NO,40,64,29.63011284272109,4.535147392203953e-05
NO,31,64,29.630158194195012,0.5034791280725628
NO,0,64,30.151312561859413,4.7323265306431495e-05
NO,28,64,30.15135988512472,0.484913726303855
NO,40,64,30.653688577414968,6.80272108830593e-05
NO,36,64,30.65375660462585,0.4831972789115646
NO,40,64,32.13912420326531,6.802721087950658e-05
NO,31,64,32.13919223047619,0.48367346938776024
NO,0,64,32.64191331891157,4.535147392203953e-05
NO,36,64,32.64195867038549,0.4931738969614514
NO,36,64,33.152552201315196,0.48406420376417714
NO,40,64,33.654598264489806,4.535147392203953e-05
NO,35,64,33.65464361596373,0.4826530612244895
NO,35,64,34.154280804172345,0.49550949011337764
NO,35,64,34.66823324453515,4.6514376414563685e-05
NO,33,64,34.66827975891157,0.48319846249433596
NO,33,64,35.16846234839003,0.4764255200453533
NO,33,64,35.66150434167801,0.49483915954648694
NO,31,64,36.174786451473935,0.47517491260770583
NO,0,64,36.666667053287995,6.691197278740901e-05
NO,29,64,36.66673396526078,0.4838574721088378
NO,29,64,37.16757556435375,0.5034860293424046
NO,29,64,37.68887880308391,0.4763610801814053
NO,30,64,38.18292694807257,0.48242703809523846
NO,42,64,38.682338113151935,6.802721087950658e-05
NO,31,64,38.682406140362815,0.4840136054421791
NO,31,64,39.18340387278912,0.4833106575963697
NO,31,64,39.684696389795924,0.4826984126984115
NO,31,64,40.18437892947846,0.49595079351473714
NO,0,64,40.69854010136055,4.6514376414563685e-05
NO,36,64,40.698586615736964,0.47503556589569484
NO,36,64,41.190327870839006,0.4834753279818571
NO,40,64,41.69178505823129,4.535147392914496e-05
NO,35,64,41.69183040970522,0.4826530612244895
NO,35,64,42.191467597913835,0.4955321667120103
NO,35,64,42.70544271487528,0.48322230027211077
NO,34,64,43.20614800834467,0.47568911582767015
NO,34,64,43.69898889319728,0.49456407836734684
NO,33,64,44.211995921814065,0.4831699696598619
NO,33,64,44.71264888467121,0.4834013605442138
NO,32,64,45.21303437219955,0.4836961451247177
NO,32,64,45.71375999578232,4.535147392203953e-05
NO,34,64,45.71380534725624,0.4834013605442209
NO,34,64,46.215188567210895,0.4826984126984115
NO,14,64,46.71586883931973,4.535147392203953e-05
NO,36,64,46.715914190793654,0.482630385487532
NO,36,64,47.21552870326531,0.4841723356009098
NO,36,64,47.7165944629025,0.4836961451247177
NO,40,64,48.217274735011344,6.802721088661201e-05
NO,35,64,48.21734276222223,0.49554263111110686
NO,35,64,48.7313981151474,6.977156462539824e-05
NO,33,64,48.731467886712025,1.2437294213605412
NO,42,64,50.24995772956917,4.6514376414563685e-05
NO,33,64,50.25000424394558,0.22935273265306222
NO,7,64,50.4970440414059,4.46079818559042e-05
NO,36,64,50.497088649387756,0.22850438707483534
NO,36,64,50.743280101269846,4.46079818559042e-05
NO,38,64,50.7433247092517,0.7412990983219956
NO,41,64,51.502653971655334,4.7323265306431495e-05
NO,33,64,51.50270129492064,0.2431469371428534
NO,42,64,52.2499106136508,4.388852607917215e-05
NO,33,64,52.24995450217688,0.482484823038547
NO,33,64,52.75001302136055,1.2524631691609969
NO,31,64,54.01944952761906,0.47507500680271875
NO,31,64,54.51221159922903,4.460798186300963e-05
NO,35,64,54.512256207210896,0.22850438707482823
NO,19,64,54.75844765909298,4.46079818559042e-05
NO,36,64,54.758492267074836,1.0030859731519328
NO,40,64,55.779584742675745,4.7323265306431495e-05
NO,35,64,55.77963206594105,0.46835296698412776
NO,7,64,56.264904059727904,4.3888526072066725e-05
NO,28,64,56.264947948253976,0.4827481538322047
NO,42,64,56.76619950344672,4.535147392914496e-05
NO,33,64,56.76624485492065,1.264634009115639
NO,42,64,58.305685799909305,4.651437642166911e-05
NO,33,64,58.30573231428573,0.22593627414966022
NO,7,64,58.549070389024955,4.388852607917215e-05
NO,36,64,58.549114277551034,0.22481897482992963
NO,36,64,58.79133505297053,4.388852607917215e-05
NO,38,64,58.79137894149661,0.741246002811792
NO,41,64,59.55098637124718,4.7323265306431495e-05
NO,33,64,59.55103369451248,0.24241342653061082
NO,42,64,60.29820408648528,4.388852607917215e-05
NO,33,64,60.29824797501136,0.481964743945575
NO,33,64,60.798353308526096,1.0031705427210866
NO,31,64,61.81979063165535,0.9798139397732442
NO,32,64,62.81893129482996,0.9741484967800389
NO,33,64,63.81106165102043,0.3158049886621299
NO,32,64,64.14484849909299,0.3190803035374188
NO,0,64,64.48237175287984,4.651437642166911e-05
NO,30,64,64.48241826725626,0.3238563458049839
NO,30,64,64.82471756331068,0.4752254320634961
NO,29,64,65.3172285883447,0.4829166145124759
NO,29,64,65.81722003278915,0.48403628117912945
NO,29,64,66.31828579242634,0.5034180022675798
NO,29,64,66.83947368081637,0.4768411010430782
NO,29,64,67.33306507904766,0.4833619469841324
NO,29,64,67.83345650448985,0.49491991664399393
NO,29,64,68.34614491292521,0.4761210322902514
NO,42,64,68.83906085038554,4.460798186300963e-05
NO,31,64,68.8391054583674,0.49487003405894825
NO,31,64,69.35148815514744,0.4842537603174719
NO,31,64,69.85281674539688,0.47591661900226256
NO,31,64,70.34601895736967,0.4828865023129225
NO,31,64,70.84598028961456,0.4839909297052145
NO,31,64,71.34709140072567,0.49539204213152743
NO,31,64,71.8600426199547,0.48411014358278237
NO,0,80,0.004208616780045351,3.628117913832222e-05
NO,52,80,0.0042448979591836735,0.1278140589569161
NO,66,80,0.16677551020408166,6.802721088433605e-05
NO,55,80,0.166843537414966,0.13210884353741498
NO,55,80,0.33362358276643994,4.53514739228722e-05
NO,59,80,0.3336689342403628,0.1321768707482993
NO,44,80,0.5009931972789116,6.802721088439156e-05
NO,64,80,0.501061224489796,0.9665306122448979
NO,64,80,1.5020589569160998,0.4773636571428572
NO,65,80,2.014982854829932,4.651437641722822e-05
NO,59,80,2.0150293692063492,0.4663585242176871
NO,44,80,2.516059095238095,4.535147392292771e-05
NO,60,80,2.516104446712018,1.4677097505668937
NO,60,80,4.018281317460318,0.13224489795918348
NO,60,80,4.1849933356009075,4.535147392203953e-05
NO,62,80,4.1850386870748295,0.13217687074829954
NO,62,80,4.351886759637188,4.535147392292771e-05
NO,64,80,4.351932111111111,0.13217687074829954
NO,64,80,4.51925637414966,6.802721088394748e-05
NO,60,80,4.519324401360544,0.7996371882086173
NO,48,80,5.3529298435374155,6.802721088394748e-05
NO,52,80,5.3529978707482995,0.13267573696145174
NO,66,80,5.520616918367347,6.802721088483565e-05
NO,57,80,5.520684945578232,0.46546485260770964
NO,31,80,6.020821,4.535147392381589e-05
NO,66,80,6.020866351473924,0.47740028340135954
NO,66,80,6.533826875646258,4.651437641722822e-05
NO,59,80,6.533873390022675,0.466457952380952
NO,64,80,8.529730714285714,0.8070486362811788
NO,66,80,9.37019072897959,6.691197278918537e-05
NO,57,80,9.37025764095238,0.13050065092970442
NO,57,80,9.53512874190476,0.47684954249433176
NO,31,80,10.047538525170067,4.65143764181164e-05
NO,65,80,10.047585039546485,0.4663358476190478
NO,65,80,10.548592088979591,4.535147392381589e-05
NO,62,80,10.548637440453515,0.46596371882086096
NO,62,80,11.048773494875283,4.535147392381589e-05
NO,64,80,11.048818846349207,0.4668480725623585
NO,64,80,11.549839254512472,0.4778904261224479
NO,65,80,12.063080606712019,4.651437641634004e-05
NO,62,80,12.063127121088435,0.1305203041269838
NO,62,80,12.227549491428572,4.460798185945691e-05
NO,64,80,12.227594099410432,0.1300099631292504
NO,64,80,12.391706864671201,0.13005457111111163
NO,78,80,12.555864237913832,4.460798185945691e-05
NO,67,80,12.555908845895692,0.6271769773242628
NO,79,80,13.183085823219955,6.691197278918537e-05
NO,67,80,13.183152735192744,0.1312589866213152
NO,79,80,13.314411721814059,6.691197278918537e-05
NO,67,80,13.314478633786848,0.04904647605442136
NO,62,80,13.561874501179139,0.47665794984126997
NO,77,80,14.074092691791384,4.65143764181164e-05
NO,68,80,14.074139206167802,0.45870598852607536
NO,68,80,14.566947996825396,0.4771835254875292
NO,31,80,15.079180104943312,4.651437641634004e-05
NO,64,80,15.079226619319728,0.13334672394557856
NO,64,80,15.246246812653062,0.1334013605442177
NO,78,80,15.413321642585036,6.80272108830593e-05
NO,67,80,15.413389669795919,0.13315192743764293
NO,67,80,15.580713932834469,0.13272108843537467
NO,69,80,15.747108490657597,0.13321995464852598
NO,56,80,15.914001914693879,6.802721088483565e-05
NO,72,80,15.914069941904764,0.13315192743764115
NO,60,80,16.081688989523812,0.1322448979591826
NO,60,80,16.248401007664402,4.535147392203953e-05
NO,62,80,16.248446359138324,0.13217687074829954
NO,62,80,16.41529443170068,4.5351473925592245e-05
NO,64,80,16.415339783174606,0.13217687074829954
NO,78,80,16.58218785573696,4.5351473925592245e-05
NO,69,80,16.582233207210887,0.8001360544217668
NO,31,80,17.416337515600908,6.80272108830593e-05
NO,60,80,17.41640554281179,0.13267573696145263
NO,60,80,17.58402459043084,0.46553287981859626
NO,76,80,18.084228672063492,4.5351473925592245e-05
NO,69,80,18.084274023537418,0.4659637188208592
NO,31,80,18.584908944172337,4.535147392203953e-05
NO,65,80,18.58495429564626,0.8001360544217704
NO,66,80,19.419058604036284,6.80272108830593e-05
NO,59,80,19.419126631247167,0.13267573696145263
NO,59,80,19.586745678866215,0.47692757990929735
NO,71,80,20.099233499546486,4.65143764181164e-05
NO,68,80,20.099280013922904,0.45878319750567087
NO,68,80,20.592166013560092,0.6432804587755108
NO,45,101,21.268880154739232,4.460798185945691e-05
NO,72,101,21.268924762721092,0.13087981877550803
NO,72,101,21.432926008027213,4.460798185945691e-05
NO,74,101,21.432970616009072,0.13099133873015845
NO,74,101,21.597574069070298,4.460798185945691e-05
NO,76,101,21.597618677052157,0.13527902888888832
NO,78,101,21.76743463043084,4.6514376414563685e-05
NO,71,101,21.767481144807256,0.1365894663492071
NO,56,101,21.93860753564626,4.65143764181164e-05
NO,72,101,21.938654050022677,0.1365894663492071
NO,72,101,22.11029209900227,4.65143764181164e-05
NO,74,101,22.110338613378687,0.13314554956915714
NO,77,101,22.2771576323356,4.535147392203953e-05
NO,68,101,22.277202983809524,0.13317460317460217
NO,68,101,22.444051056371883,4.535147392203953e-05
NO,71,101,22.444096407845805,0.1331972789115632
NO,56,101,22.611443346621314,6.802721088661201e-05
NO,72,101,22.6115113738322,0.13267573696144908
NO,76,101,22.777860580181407,6.80272108830593e-05
NO,71,101,22.77792860739229,0.13315192743764115
NO,71,101,22.944754004217685,0.13321995464852776
NO,31,101,23.11214629446712,4.535147392203953e-05
NO,64,101,23.112191645941042,0.6333560090702974
NO,64,101,23.779221124399093,0.1332199546485242
NO,78,101,23.946114548435375,6.80272108830593e-05
NO,69,101,23.946182575646258,0.13315192743764115
NO,43,101,24.113801623265307,4.535147392203953e-05
NO,72,101,24.11384697473923,0.47707758485260854
NO,76,80,24.626763886621315,6.977156462895096e-05
NO,69,80,24.626833658185944,0.13032910430839095
NO,31,80,24.7907748768254,4.460798185945691e-05
NO,64,80,24.79081948480726,0.13050065092970442
NO,64,80,24.954441562267576,0.1310359467120179
NO,77,80,25.11908962331066,4.460798185945691e-05
NO,72,80,25.11913423129252,0.13264041414965888
NO,60,80,25.285448114829936,4.535147392203953e-05
NO,64,80,25.28549346630386,0.13335600907029388
NO,64,80,25.45252294476191,0.1332199546485242
NO,77,80,25.62021001959184,0.1322448979591826
NO,64,80,25.786423171519278,0.13272108843537467
NO,64,80,25.952817729342406,0.13321995464852776
NO,78,80,26.12021001959184,4.535147392203953e-05
NO,69,80,26.120255371065763,0.13287981859410536
NO,69,80,26.286808659047622,0.13340136054421947
NO,56,80,26.453883488979596,6.80272108830593e-05
NO,72,80,26.45395151619048,0.1331519274376447
NO,76,80,27.114074281950117,4.460798185945691e-05
NO,71,80,27.114118889931976,0.9862041780498849
NO,71,80,28.136288749614515,0.4666922949206338
NO,56,80,28.63765224634921,4.535147392203953e-05
NO,76,80,28.63769759782313,0.13014081850340276
NO,76,80,28.801450530657597,6.691197279096173e-05
NO,72,80,28.801517442630388,0.13047834693877292
NO,76,80,28.965117216099774,6.691197279096173e-05
NO,71,80,28.965184128072565,0.13096903473922694
NO,71,80,29.12976527714286,6.691197278740901e-05
NO,67,80,29.129832189115646,0.13270695746032146
NO,64,80,29.463310121632656,4.535147392203953e-05
NO,60,80,29.463355473106578,0.13317460317460217
NO,64,80,29.630679736145126,6.802721088661201e-05
NO,59,80,29.630747763356013,0.13722268789115333
NO,59,80,29.803107975736964,4.7323265306431495e-05
NO,55,80,29.80315529900227,0.1389647685714266
NO,0,80,29.977257592063495,4.7323265306431495e-05
NO,52,80,29.9773049153288,0.1389647685714266
NO,64,80,30.15190410267574,7.098489795964724e-05
NO,60,80,30.1519750875737,0.13386768485260703
NO,64,80,30.31951624181406,4.535147392203953e-05
NO,59,80,30.319561593287983,0.13317460317460572
NO,59,80,30.486409665850342,4.535147392203953e-05
NO,55,80,30.486455017324264,0.13317460317460572
NO,0,80,30.654278146575965,4.535147392203953e-05
NO,52,80,30.654323498049887,0.46598639455782376
NO,64,80,32.139713772426305,4.535147392203953e-05
NO,60,80,32.13975912390023,0.13267573696145263
NO,60,80,32.30610833024944,6.802721088661201e-05
NO,64,80,32.30617635746032,0.13333333333333286
NO,78,80,32.47300175428572,6.802721088661201e-05
NO,67,80,32.473069781496605,0.6280142623129237
NO,79,80,33.10108404380953,4.6514376414563685e-05
NO,67,80,33.10113055818594,0.13559922557823967
NO,79,80,33.23672978376418,6.802721087950658e-05
NO,67,80,33.23679781097506,0.13362811791383677
NO,79,80,33.3704259288889,4.535147392203953e-05
NO,67,80,33.37047128036282,0.13281179138321875
NO,79,80,33.50328307174604,4.535147392203953e-05
NO,67,80,33.50332842321996,0.13356009070295016
NO,79,80,33.63688851392291,4.535147392203953e-05
NO,67,80,33.636933865396834,0.1333786848072549
NO,79,80,33.77031255020409,4.535147392203953e-05
NO,67,80,33.77035790167801,0.13346938775509898
NO,79,80,33.90382728943311,4.535147392914496e-05
NO,67,80,33.90387264090704,0.13346938775509898
NO,79,80,34.03734202866214,4.535147392203953e-05
NO,67,80,34.03738738013606,0.08331065759637113
NO,79,80,34.15487037333334,4.535147392203953e-05
NO,68,80,34.15491572480726,0.4780363652154236
NO,68,80,34.668814674240366,0.9596574568707581
NO,28,80,35.66208424544219,4.46079818559042e-05
NO,64,80,35.66212885342404,1.4719546474376415
NO,64,80,37.16816513351475,4.535147392203953e-05
NO,60,80,37.16821048498867,0.9808813088435357
NO,59,80,38.183484547845815,6.691197278740901e-05
NO,64,80,38.1835514598186,1.2167911884807268
NO,64,80,39.43444695668935,0.21585034013605764
NO,65,80,39.68526328321996,6.802721088661201e-05
NO,62,80,39.68533131043085,0.46546485260770964
NO,77,80,40.18496849863946,4.535147392203953e-05
NO,67,80,40.185013850113386,0.6276405423129177
NO,79,80,40.8126543924263,4.460798186300963e-05
NO,67,80,40.812699000408166,0.13128129061224314
NO,79,80,40.94398029102041,4.460798186300963e-05
NO,67,80,40.94402489900227,0.13128129061224314
NO,79,80,41.075306189614516,4.46079818559042e-05
NO,67,80,41.07535079759637,0.13133221981859577
NO,79,80,41.20668301741497,4.535147392203953e-05
NO,67,80,41.20672836888889,0.13394557823129105
NO,79,80,41.34067394712018,6.802721088661201e-05
NO,67,80,41.34074197433107,0.13297052154194944
NO,79,80,41.473712495873016,4.535147392203953e-05
NO,67,80,41.47375784734694,0.13346938775509898
NO,79,80,41.60722723510204,4.535147392914496e-05
NO,67,80,41.60727258657597,0.05011337868480581
NO,67,80,41.692351951655326,0.46553287981859626
NO,31,80,42.19205716707483,4.535147392203953e-05
NO,74,80,42.19210251854875,0.47805904181405623
NO,74,80,42.706024144580496,6.977156462539824e-05
NO,76,80,42.70609391614512,1.2140475508390125
NO,64,80,43.955329592743766,0.22138517455782392
NO,64,80,44.21257735151928,6.977156462539824e-05
NO,62,80,44.212647123083904,0.2157613987755127
NO,62,80,44.462898317777785,4.535147392203953e-05
NO,60,80,44.46294366925171,0.21571428571428442
NO,60,80,44.713238453832204,4.535147392203953e-05
NO,63,80,44.713283805306126,0.21562358276644034
NO,63,80,44.962580857460324,0.21691609977324333
NO,78,80,45.21360126562359,6.802721088661201e-05
NO,68,80,45.213669292834474,0.21643990929705126
NO,31,80,45.463941401678014,6.802721087950658e-05
NO,72,80,45.46400942888889,0.4666213151927465
NO,72,80,45.96509786426304,4.535147392203953e-05
NO,74,80,45.965143215736965,0.2156462585034049
NO,77,80,46.21575546063493,6.802721087950658e-05
NO,68,80,46.21582348784581,0.21530612244897895
NO,19,80,46.46561940621316,4.535147392203953e-05
NO,65,80,46.46566475768708,0.2158049886621356
NO,65,80,46.71643573274377,0.9665759637188245
NO,64,101,47.96741078943312,4.535147392203953e-05
NO,60,101,47.96745614090704,0.21623582766439853
NO,64,101,48.217864304172345,4.535147392203953e-05
NO,59,101,48.21790965564627,0.4780445046711961
NO,32,101,48.732002802040824,4.6514376414563685e-05
NO,52,101,48.73204931641724,0.7256846032653002
NO,65,101,49.490810738231296,4.46079818559042e-05
NO,57,101,49.49085534621315,0.7240072863492131
NO,30,101,50.25053915927438,6.977156462539824e-05
NO,60,101,50.25060893083901,0.21259995632652817
NO,60,101,50.49760164117914,6.691197279451444e-05
NO,62,101,50.49766855315193,0.46114144317459704
NO,62,101,50.99289162897959,4.535147392203953e-05
NO,64,101,50.992936980453514,0.21612244897958988
NO,66,101,51.24273289882086,4.535147392203953e-05
NO,57,101,51.24277825029478,1.2228130023582864
NO,30,101,52.499672885306126,4.535147392914496e-05
NO,62,101,52.499718236780055,0.4665532879818528
NO,62,101,53.00035315741497,4.535147392203953e-05
NO,64,101,53.00039850888889,0.21612244897959698
NO,66,101,53.25028513020409,4.535147392203953e-05
NO,57,101,53.25033048167801,1.228045963310656
NO,30,101,54.51276919900228,6.691197278740901e-05
NO,62,101,54.512836110975066,0.46123066222222064
NO,62,101,55.00814840585035,4.535147392203953e-05
NO,64,101,55.00819375732427,0.8201511335147416
NO,64,101,56.02272717283448,0.5749916049886608
NO,62,101,56.59771877782314,0.13356009070295016
NO,50,101,56.76685709981861,6.802721087950658e-05
NO,52,101,56.76692512702949,0.7335037883446702
NO,65,101,57.53487281111112,6.977156462539824e-05
NO,57,101,57.53494258267575,0.7354620627210906
NO,30,101,58.30626722961452,6.977156462539824e-05
NO,60,101,58.306337001179145,0.20944394081632822
NO,60,101,58.549618995600916,6.583278911875823e-05
NO,62,101,58.549684828390035,0.4568078587301585
NO,62,101,59.04016615650795,4.535147392203953e-05
NO,64,101,59.04021150798187,0.21662131519273942
NO,66,101,59.29050629256237,4.535147392203953e-05
NO,57,101,59.29055164403629,1.2227222994104352
NO,30,101,60.546947412834484,4.535147392203953e-05
NO,62,101,60.546992764308406,0.46696145124716537
NO,62,101,61.04762768494333,4.535147392203953e-05
NO,64,101,61.04767303641725,0.21662131519274652
NO,66,101,61.29812655115648,6.802721088661201e-05
NO,59,101,61.298194578367365,0.7314999847619106
NO,43,101,62.06228179374152,4.388852607917215e-05
NO,62,101,62.0623256822676,0.4634952695691652
NO,62,101,62.56026484757372,6.977156462539824e-05
NO,60,101,62.560334619138345,2.228915732154192
NO,55,80,72.36551330775517,4.5351473914934104e-05
NO,52,80,72.36555865922908,0.12650303596372225
NO,66,80,72.52620910530618,6.691197278030359e-05
NO,55,80,72.52627601727896,0.12994305115647364
NO,55,80,72.69032187056695,4.460798186300963e-05
NO,59,80,72.69036647854881,0.13000996312925395
TR,32,80,7.034821138321995,4.535147392292771e-05
TR,50,80,7.034866489795918,0.13053299668934226
TR,50,80,7.198520913015872,4.460798185945691e-05
TR,52,80,7.1985655209977315,0.13116977065759627
TR,52,80,7.36285671818594,0.1310359467120188
TR,66,80,7.527504779229024,4.460798185945691e-05
TR,55,80,7.527549387210883,0.13254413886621297
TR,55,80,7.693766995464852,0.13321995464852598
TR,57,80,7.860660419501133,6.802721088483565e-05
TR,59,80,7.8607284467120175,0.13315192743764204
TR,44,80,8.028347494331065,4.535147392203953e-05
TR,60,80,8.028392845804987,0.13219954648526233
TR,60,80,8.195059512471655,4.535147392203953e-05
TR,62,80,8.195104863945577,0.13217687074829954
TR,62,80,8.361952936507937,4.535147392203953e-05
TR,64,80,8.361998287981859,0.13217687074829954
TR,100,80,64.82592693709753,6.977156462539824e-05
TR,93,80,64.82599670866216,0.7072097186848083
TR,54,80,65.56687989673473,4.5351473914934104e-05
TR,88,80,65.56692524820865,0.21662131519273942
TR,88,80,65.81778692621319,6.802721088661201e-05
TR,86,80,65.81785495342407,0.2162585034013489
TR,89,80,66.06799100784583,4.535147392914496e-05
TR,81,80,66.06803635931976,0.4751226957823178
TR,43,80,66.57829657959188,4.7323265306431495e-05
TR,76,80,66.57834390285718,0.22599225346938567
TR,76,80,66.84008888326535,4.7323265306431495e-05
TR,74,80,66.84013620653066,0.21359369011337037
TR,77,80,67.08694053913837,4.460798184879877e-05
TR,69,80,67.08698514712022,0.46250310340137446
TR,31,80,67.58316171990934,6.802721088661201e-05
TR,64,80,67.58322974712023,0.2165532879818528
TR,64,80,67.83404607365084,4.5351473914934104e-05
TR,62,80,67.83409142512475,0.22094326299320244
TR,65,80,68.08987395605448,6.977156462539824e-05
TR,57,80,68.0899437276191,0.7159956962358223
TR,69,80,68.83961845015878,0.7291846897959147
TR,54,80,69.60306617850345,4.5351473914934104e-05
TR,88,80,69.60311152997737,0.2160317460317458
TR,88,80,69.85340631455787,4.535147392914496e-05
TR,86,80,69.8534516660318,0.21271911714285352
TR,89,80,70.09978289750572,4.460798184879877e-05
TR,81,80,70.09982750548757,0.4621391786848221
TR,43,80,70.59613901977329,4.535147392914496e-05
TR,76,80,70.59618437124722,0.21612244897958988
TR,76,80,70.84656985877557,4.5351473914934104e-05
TR,74,80,70.84661521024948,0.2160317460317458
TR,77,80,71.09647915582771,4.535147392914496e-05
TR,69,80,71.09652450730164,0.2167120181405835
TR,69,80,71.34768096988667,0.22101885337869476
TR,71,80,71.60323674775516,6.977156462539824e-05
TR,67,80,71.60330651931979,0.624247604761905
TR,79,80,72.22755412408169,6.802721088661201e-05
TR,67,80,72.22762215129258,0.09997732426303685
NO,0,40,0.2499047619047619,4.5351473922899954e-05
NO,52,40,0.2499501133786848,0.13253968253968254
NO,65,40,0.41616326530612247,6.802721088433605e-05
NO,55,40,0.4162312925170068,0.13315192743764176
NO,55,40,0.5830566893424036,6.802721088439156e-05
NO,59,40,0.583124716553288,0.1331519274376417
NO,43,40,0.7499501133786848,6.802721088439156e-05
NO,64,40,0.7500181405895692,0.972738144399093
NO,64,40,1.7572932094784581,6.977156462584233e-05
NO,62,40,1.757362981043084,0.47377547927437624
NO,65,40,2.2648119297052154,6.802721088439156e-05
NO,59,40,2.2648799569161,0.46693877551020435
NO,43,40,2.765492201814059,6.802721088439156e-05
NO,60,40,2.7655602290249433,1.4682993197278909
NO,60,40,4.26753301814059,0.13321995464852598
NO,60,40,4.434426442176871,6.802721088394748e-05
NO,62,40,4.434494469387755,0.13315192743764204
NO,62,40,4.601319866213152,6.802721088394748e-05
NO,64,40,4.601387893424036,0.13315192743764204
NO,64,40,4.768213290249433,6.802721088483565e-05
NO,60,40,4.768281317460318,0.8007256235827658
NO,48,40,5.602680410430839,6.802721088483565e-05
NO,52,40,5.602748437641724,0.13315192743764115
NO,65,40,5.769573834467121,6.802721088394748e-05
NO,57,40,5.7696418616780045,0.47195844412698307
NO,30,40,6.2761372302947835,6.977156462628642e-05
NO,66,40,6.27620700185941,0.4738749074376418
NO,66,40,6.783755378684806,6.802721088394748e-05
NO,59,40,6.78382340589569,0.4637885911564634
NO,64,40,8.784552151972788,0.7995868981405891
NO,66,40,9.618675974603173,6.97715646271746e-05
NO,57,40,9.6187457461678,0.13656620916099804
NO,57,40,9.789848879818594,0.4738225742403621
NO,30,40,10.297344923446712,6.802721088483565e-05
NO,65,40,10.297412950657597,0.46693877551020435
NO,65,40,10.798025195555555,6.802721088483565e-05
NO,62,40,10.79809322276644,0.4671882086167791
NO,62,40,11.299136306666666,6.802721088483565e-05
NO,64,40,11.299204333877551,0.4719055320634915
NO,64,40,11.805646790430838,0.46996780145124717
NO,65,40,12.308736018412699,6.691197278918537e-05
NO,62,40,12.308802930385488,0.13096903473922872
NO,62,40,12.47289339165533,6.691197278918537e-05
NO,64,40,12.472960303628119,0.13213384181405807
NO,64,40,12.639631069931973,0.13663598072562344
NO,78,40,12.810803975147392,6.97715646271746e-05
NO,67,40,12.81087374671202,0.7998194700226744
NO,0,40,13.64523014122449,6.97715646271746e-05
NO,62,40,13.645299912789117,0.13656620916099627
NO,62,40,13.816403046439909,0.47029530435374234
NO,77,40,14.319819777324263,6.691197278918537e-05
NO,68,40,14.319886689297052,0.46757850394558
NO,68,40,14.822002117732428,0.4741539919727895
NO,30,40,15.330010984988663,6.802721088483565e-05
NO,64,40,15.330079012199548,0.13315192743764115
NO,64,40,15.496904409024944,0.13321995464852598
NO,78,40,15.663797833061226,6.802721088483565e-05
NO,67,40,15.66386586027211,0.13315192743764115
NO,67,40,15.830691257097508,0.13321995464852598
NO,69,40,15.997584681133787,6.802721088483565e-05
NO,71,40,15.997652708344672,0.13297052154195121
NO,55,40,16.164251347800455,4.535147392203953e-05
NO,72,40,16.164296699274377,0.13297052154194944
NO,60,40,16.330940690204084,0.1332199546485242
NO,60,40,16.497834114240366,6.80272108830593e-05
NO,62,40,16.49790214145125,0.13315192743764115
NO,62,40,16.664727538276644,6.802721088661201e-05
NO,64,40,16.66479556548753,0.13315192743764115
NO,77,40,16.831620962312925,6.802721088661201e-05
NO,69,40,16.831688989523812,0.800725623582764
NO,30,40,17.666088082494333,6.80272108830593e-05
NO,60,40,17.666156109705216,0.13315192743764115
NO,60,40,17.832981506530615,0.4670068027210874
NO,76,40,18.333661778639456,6.802721088661201e-05
NO,69,40,18.333729805850343,0.46693877551020435
NO,30,40,18.8343420507483,6.80272108830593e-05
NO,65,40,18.834410077959184,0.8014239465306119
NO,66,40,19.670370948979592,6.977156462539824e-05
NO,59,40,19.670440720544217,0.13656620916099982
NO,59,40,19.841543854195013,0.4703725133333343
NO,71,40,20.34503779405896,6.691197278740901e-05
NO,68,40,20.345104706031748,0.4674780377777772
NO,68,40,20.84711966829932,0.6348974237641727
NO,42,40,21.515406166485263,4.460798185945691e-05
NO,72,40,21.515450774467123,0.1320000219954629
NO,72,40,21.68198772095238,6.977156462539824e-05
NO,74,40,21.682057492517007,0.13656620916099982
NO,74,40,21.853160626167803,6.977156462539824e-05
NO,76,40,21.85323039773243,0.13656620916099627
NO,77,40,22.02433353138322,6.977156462539824e-05
NO,71,40,22.024403302947846,0.13577020240362714
NO,55,40,22.19384697473923,6.80272108830593e-05
NO,72,40,22.193915001950113,0.13315192743764115
NO,72,40,22.360740398775512,6.80272108830593e-05
NO,74,40,22.360808425986395,0.13317460317460217
NO,77,40,22.527656498548755,4.535147392203953e-05
NO,68,40,22.527701850022677,0.13317460317460217
NO,68,40,22.694549922585033,6.802721088661201e-05
NO,71,40,22.69461794979592,0.13315192743764115
NO,55,40,22.861443346621314,6.802721088661201e-05
NO,72,40,22.8615113738322,0.13315192743764115
NO,76,40,23.028336770657596,6.802721088661201e-05
NO,71,40,23.028404797868482,0.13315192743764115
NO,71,40,23.195230194693877,6.80272108830593e-05
NO,69,40,23.19529822190476,0.1331519274376447
NO,30,40,23.36212361873016,6.80272108830593e-05
NO,64,40,23.362191645941042,0.633832199546486
NO,64,40,24.029697314875282,0.13364383950113634
NO,78,40,24.197831564489796,4.65143764181164e-05
NO,69,40,24.197878078866214,0.1363801516553309
NO,42,40,24.36879515501134,6.977156462539824e-05
NO,72,40,24.368864926575966,0.47046573850340323
NO,76,40,24.872719739501136,4.460798185945691e-05
NO,69,40,24.872764347482995,0.1307236908390017
NO,30,40,25.03660946485261,6.691197279096173e-05
NO,64,40,25.0366763768254,0.13153817791383204
NO,64,40,25.202137457233565,0.1332199546485242
NO,77,40,25.369212287165535,6.802721088661201e-05
NO,72,40,25.36928031437642,0.13315192743764115
NO,60,40,25.536105711201817,6.802721088661201e-05
NO,64,40,25.536173738412703,0.1329251700680274
NO,64,40,25.702817729342406,0.13297052154194944
NO,77,40,25.869461720272113,0.1332199546485242
NO,64,40,26.036355144308395,0.1332199546485242
NO,64,40,26.20349800145125,0.1332199546485242
NO,78,40,26.370572831383225,6.80272108830593e-05
NO,69,40,26.370640858594108,0.13315192743764115
NO,69,40,26.537466255419506,6.80272108830593e-05
NO,71,40,26.53753428263039,0.13237832394557714
NO,55,40,26.70303403310658,6.691197278740901e-05
NO,72,40,26.703100945079367,0.1309690347392305
NO,76,40,27.36330553659864,6.802721088661201e-05
NO,71,40,27.363373563809528,0.9893580476190458
NO,71,40,28.386405080816328,0.4636235420861681
NO,55,40,28.883373089342406,4.460798185945691e-05
NO,76,40,28.883417697324266,0.13076829882086116
NO,76,40,29.04730742267574,4.460798185945691e-05
NO,72,40,29.0473520306576,0.13164970095238004
NO,76,40,29.21290195836735,6.80272108830593e-05
NO,71,40,29.212969985578233,0.13315192743764115
NO,71,40,29.379999464036285,4.535147392203953e-05
NO,67,40,29.380044815510207,0.13317460317460217
NO,0,40,29.546892888072566,4.535147392203953e-05
NO,64,40,29.54693823954649,0.13409937333333133
NO,64,40,29.716175137369618,4.7323265306431495e-05
NO,60,40,29.716222460634924,0.1389647685714266
NO,64,40,29.890324753696145,4.7323265306431495e-05
NO,59,40,29.89037207696145,0.13896476857143014
NO,59,40,30.064474370022676,4.7323265306431495e-05
NO,55,40,30.064521693287983,0.13801042154195287
NO,0,40,30.23620558421769,4.535147392203953e-05
NO,52,40,30.23625093569161,0.13317460317460217
NO,64,40,30.40309900825397,4.535147392203953e-05
NO,60,40,30.403144359727893,0.13317460317460217
NO,64,40,30.569992432290253,6.80272108830593e-05
NO,59,40,30.570060459501136,0.13315192743764115
NO,59,40,30.736885856326534,6.80272108830593e-05
NO,55,40,30.736953883537417,0.13315192743764115
NO,0,40,30.903779280362812,6.802721088661201e-05
NO,52,40,30.9038473075737,0.4603993991383213
NO,64,40,32.38969109668935,6.802721087950658e-05
NO,60,40,32.38975912390023,0.1331519274376447
NO,60,40,32.55658452072563,4.535147392203953e-05
NO,64,40,32.55662987219955,0.1336391990929684
NO,77,40,32.72480599578232,6.977156462539824e-05
NO,67,40,32.724875767346944,1.6518983945578256
NO,67,40,34.41165994421769,0.4729702046258524
NO,68,40,34.9183036182313,0.9649307218594174
NO,30,40,35.91821315115647,4.651437642166911e-05
NO,64,40,35.918259665532894,1.4743518351020342
NO,64,40,37.427749025124726,7.098489795964724e-05
NO,60,40,37.427820010022685,0.9708673094784572
NO,60,40,38.43317711541951,4.535147392203953e-05
NO,64,40,38.43322246689343,1.2172562358276622
NO,64,40,39.68585285238096,0.21469387755102076
NO,65,40,39.93422019931973,6.802721088661201e-05
NO,62,40,39.93428822653062,0.4723509056235784
NO,77,40,40.44108302789116,6.977156462539824e-05
NO,67,40,40.441152799455786,1.4664825989115613
NO,67,40,41.941308867755104,0.4726747644897884
NO,30,40,42.44886941455782,4.651437642166911e-05
NO,74,40,42.44891592893424,0.47290101365079096
NO,74,40,42.95549041197279,6.802721088661201e-05
NO,76,40,42.955558439183676,1.2213423856235863
NO,64,40,44.213182038412704,0.2154078893424085
NO,64,40,44.46346521120182,6.802721088661201e-05
NO,62,40,44.46353323841271,0.21530612244897895
NO,62,40,44.71380534725624,6.802721088661201e-05
NO,60,40,44.71387337446713,0.21521541950113487
NO,60,40,44.963170426621325,4.535147392203953e-05
NO,63,40,44.96321577809525,0.21646258503400873
NO,63,40,45.21419083478459,6.802721088661201e-05
NO,65,40,45.214258861995475,0.2160317460317458
NO,78,40,45.46453097083901,6.802721088661201e-05
NO,68,40,45.464598998049894,0.21562358276644034
NO,30,40,45.71444026789116,4.535147392203953e-05
NO,72,40,45.714485619365085,0.4664852607709733
NO,72,40,46.216345029795924,6.802721088661201e-05
NO,74,40,46.21641305700681,0.2148979591836735
NO,77,40,46.466186299637194,6.802721088661201e-05
NO,68,40,46.46625432684808,0.21539682539682303
NO,17,40,46.71702530190477,6.802721088661201e-05
NO,65,40,46.717093329115656,0.21460317460316958
NO,65,40,46.96536997310658,0.968367346938777
NO,64,51,48.21872598217688,4.535147392203953e-05
NO,60,51,48.2187713336508,0.2204002116553312
NO,64,51,48.47361544104309,6.977156462539824e-05
NO,59,51,48.47368521260771,0.4788422480272132
NO,31,51,48.9872736998186,4.6514376414563685e-05
NO,52,51,48.987320214195016,0.7169174132426264
NO,65,51,49.7373144459864,6.691197278740901e-05
NO,57,51,49.73738135795919,0.7260059611337866
NO,30,51,50.498181544943314,6.691197278740901e-05
NO,60,51,50.4982484569161,0.21128570607709918
NO,60,51,50.7439269170068,6.691197279451444e-05
NO,62,51,50.7439938289796,0.4652470063492018
NO,62,51,51.24332246798186,4.535147392203953e-05
NO,64,51,51.243367819455784,0.2241722893424054
NO,65,51,51.503363820634924,4.7323265306431495e-05
NO,57,51,51.50341114390023,1.2126109477551026
NO,30,51,52.75067061773243,6.802721088661201e-05
NO,62,51,52.75073864494332,0.4659637188208592
NO,62,51,53.250874699365085,4.535147392203953e-05
NO,64,51,53.25092005083901,0.22410524734694093
NO,65,51,53.5101864843084,7.098489795964724e-05
NO,57,51,53.51025746920636,1.2144442516099758
NO,30,51,54.75909447482994,6.691197278740901e-05
NO,62,51,54.75916138680273,0.4652455224489742
NO,62,51,55.25808037863946,6.802721088661201e-05
NO,64,51,55.25814840585035,0.8123514276190491
NO,64,51,56.265562387619056,4.388852607917215e-05
NO,62,51,56.265606276145135,0.7209085513832179
NO,50,51,57.02114478077098,4.651437642166911e-05
NO,52,51,57.0211912951474,0.735996978049883
NO,65,51,57.791725197687086,6.977156462539824e-05
NO,57,51,57.79179496925171,0.7241615268480714
NO,30,51,58.55018954643992,6.583278911875823e-05
NO,60,51,58.550255379229036,0.2078780037641721
NO,60,51,58.79197143659865,6.58327891116528e-05
NO,62,51,58.79203726938776,0.46497695968254504
NO,62,51,59.29109586172336,4.535147392914496e-05
NO,64,51,59.29114121319729,0.2245420021315212
NO,65,51,59.55167255859412,7.098489795964724e-05
NO,57,51,59.55174354349208,1.2121426448526051
NO,30,51,60.79903358063494,4.535147392203953e-05
NO,62,51,60.79907893210886,0.46539682539682303
NO,62,51,61.29871612031748,4.535147392203953e-05
NO,64,51,61.2987614717914,0.22431228639455725
NO,65,51,61.55830592920637,4.7323265306431495e-05
NO,59,51,61.558353252471676,0.7136937516553274
NO,43,51,62.304634234739254,6.58327891116528e-05
NO,62,51,62.304700067528366,0.4780430424489879
NO,62,51,62.81960575328801,4.6514376414563685e-05
NO,60,51,62.819652267664424,2.217817362448983
NO,0,40,72.60804244802726,6.691197279451444e-05
NO,52,40,72.60810936000006,0.13027761102040358
NO,65,40,72.77150839755107,6.691197279451444e-05
NO,55,40,72.77157530952387,0.08138726290248144
NO,0,64,0.005569160997732426,3.628117913832222e-05
NO,48,64,0.0056054421768707485,0.12672562358276643
NO,48,64,0.16745578231292518,6.802721088436381e-05
NO,52,64,0.16752380952380955,0.13170068027210882
NO,66,64,0.334281179138322,6.802721088433605e-05
NO,55,64,0.33434920634920634,0.13176870748299324
NO,64,64,1.5027392290249433,4.535147392292771e-05
NO,55,64,1.5027845804988662,0.4769171198185942
NO,55,64,2.015657313287982,0.4660026889795921
NO,56,64,2.5167166916099775,0.46553287981859404
NO,43,64,3.01660331292517,6.802721088439156e-05
NO,72,64,3.0166713401360545,0.46684807256235805
NO,76,64,3.5176917482993195,4.535147392292771e-05
NO,71,64,3.5177370997732424,0.4665532879818599
NO,56,64,4.018961589569161,4.535147392381589e-05
NO,76,64,4.019006941043084,0.4653741496598638
NO,52,64,4.519936646258504,0.7995011337868476
NO,53,64,5.3536101156462585,4.535147392292771e-05
NO,48,64,5.3536554671201815,0.1322675736961445
NO,48,64,5.52129719047619,4.535147392381589e-05
NO,52,64,5.521342541950114,0.4650793650793652
NO,66,64,6.021478596371882,6.802721088483565e-05
NO,57,64,6.021546623582767,0.4769990975510199
NO,19,64,6.5345013341043074,6.977156462628642e-05
NO,50,64,6.534571105668934,0.46603234557823114
NO,60,64,8.530728446712018,4.535147392203953e-05
NO,62,64,8.53077379818594,0.8064739361904749
NO,50,64,9.370859848707482,4.460798185945691e-05
NO,53,64,9.370904456689342,0.1300991790929693
NO,53,64,9.535797861632652,0.4764595090249433
NO,66,64,10.048212983628117,6.977156462539824e-05
NO,57,64,10.048282755192742,0.4659102408163278
NO,69,64,10.549249685351473,0.7997052154195021
NO,62,64,11.550519526621315,0.47748924027210826
NO,77,64,12.063778322358276,4.65143764181164e-05
NO,71,64,12.063824836734694,0.4582042469387755
NO,44,64,12.556511053650794,6.691197278918537e-05
NO,64,64,12.556577965623584,0.8074155280272102
NO,66,64,13.397605607981859,4.460798185945691e-05
NO,55,64,13.397650215963719,0.13009917909297108
NO,55,64,13.562543620907029,0.47626791637188326
NO,56,64,14.074767150249434,6.977156462539824e-05
NO,59,64,14.07483692181406,0.45827592077097457
NO,44,64,14.567594812562358,6.691197278918537e-05
NO,60,64,14.567661724535148,0.81225855750567
NO,60,64,15.414001914693879,4.535147392381589e-05
NO,64,64,15.414047266167803,0.1327664399092967
NO,64,64,15.581394204943312,0.4660997732426324
NO,76,64,16.082369261632653,0.4654195011337876
NO,64,64,16.582845452108845,6.80272108830593e-05
NO,62,64,16.58291347931973,0.7999319727891177
NO,65,64,17.417017787709753,4.535147392203953e-05
NO,57,64,17.417063139183675,0.13226757369614361
NO,57,64,17.584704862539684,0.46512471655328724
NO,31,64,18.084886268435376,6.80272108830593e-05
NO,60,64,18.08495429564626,0.4655555555555573
NO,76,64,18.58556654054422,6.80272108830593e-05
NO,71,64,18.585634567755104,0.7999319727891141
NO,44,64,19.419738876145125,4.535147392203953e-05
NO,62,64,19.419784227619047,0.13226757369614717
NO,62,64,19.58742595097506,0.47652639405895414
NO,74,64,20.099907958004536,0.4584229013151955
NO,74,64,20.592812829297056,6.691197278740901e-05
NO,72,64,20.592879741269844,0.643035114875282
NO,60,64,21.26981692235828,4.46079818559042e-05
NO,64,64,21.269861530340137,0.13021069904761973
NO,64,64,21.433595127755105,0.1306344748752828
NO,78,64,21.59824318879819,4.460798185945691e-05
NO,68,64,21.59828779678005,0.13488899541949806
NO,19,64,21.7681323460771,4.65143764181164e-05
NO,62,64,21.768178860453517,0.13617083696145116
NO,62,64,21.939305251292517,4.65143764181164e-05
NO,64,64,21.939351765668935,0.13617083696145116
NO,64,64,22.110989814648526,0.13276645714285706
NO,66,64,22.277837904444443,4.5351473925592245e-05
NO,59,64,22.27788325591837,0.1327664399092967
NO,44,64,22.444731328480724,4.5351473925592245e-05
NO,62,64,22.44477667995465,0.1327664399092967
NO,62,64,22.61212361873016,6.80272108830593e-05
NO,64,64,22.612191645941042,0.13226757369614717
NO,64,64,22.77854085229025,4.535147392203953e-05
NO,62,64,22.77858620376417,0.13276643990930026
NO,62,64,22.94543427632653,4.535147392203953e-05
NO,60,64,22.945479627800452,0.1327664399092967
NO,64,64,23.112826566575965,4.535147392203953e-05
NO,57,64,23.112871918049887,0.6331519274376411
NO,57,64,23.779901396507938,0.13281179138321875
NO,31,64,23.946794820544216,4.5351473925592245e-05
NO,60,64,23.946840172018142,0.1327664399092967
NO,60,64,24.11448189537415,4.535147392203953e-05
NO,64,64,24.114527246848073,0.4766763990022689
NO,64,80,24.62776394571429,4.6514376414563685e-05
NO,60,80,24.627810460090704,0.9582045481632697
NO,64,80,25.620890291700682,4.5351473925592245e-05
NO,57,80,25.620935643174608,0.9664399092970513
NO,19,80,27.114743401678005,4.460798185945691e-05
NO,53,80,27.114788009659865,0.9860319526077106
NO,53,80,28.136998598594108,0.4662545547845802
NO,78,80,28.638309842721092,6.80272108830593e-05
NO,67,80,28.638377869931976,0.12972819428571114
NO,64,80,28.965786335827666,6.691197278740901e-05
NO,62,80,28.965853247800453,0.13056756290249538
NO,65,80,29.13043439687075,4.460798185945691e-05
NO,59,80,29.13047900485261,0.13233225056689335
NO,59,80,29.296892888072566,4.535147392203953e-05
NO,55,80,29.29693823954649,0.13294784580498842
NO,52,80,29.63136000825397,6.80272108830593e-05
NO,50,80,29.631428035464854,0.13680269374149745
NO,53,80,29.803794163083904,7.098489795609453e-05
NO,47,80,29.80386514798186,0.1385151975510226
NO,47,80,29.97794377941043,7.098489795964724e-05
NO,43,80,29.97801476430839,0.1385151975510226
NO,52,80,30.320173838185944,6.80272108830593e-05
NO,48,80,30.320241865396827,0.1327437641723357
NO,52,80,30.487067262222226,6.80272108830593e-05
NO,47,80,30.48713528943311,0.1327664399092967
NO,47,80,30.65495841868481,4.535147392203953e-05
NO,43,80,30.655003770158732,0.4655782312925183
NO,55,80,32.14039404453515,0.29938775510203897
NO,64,80,34.15555064544218,0.4776572736507916
NO,64,80,34.66951238988663,0.959428125034016
NO,64,80,35.662753365170076,4.460798186300963e-05
NO,60,80,35.66279797315194,1.4717617181859382
NO,64,80,37.16884540562359,4.535147392203953e-05
NO,57,80,37.168890757097515,0.9806471165532855
NO,31,80,38.1841536675737,4.460798186300963e-05
NO,60,80,38.184198275555566,1.2165978874829904
NO,60,80,39.43510455306123,6.802721088661201e-05
NO,62,80,39.435172580272116,0.21546485260770964
NO,65,80,39.686442421541955,4.535147392203953e-05
NO,59,80,39.68648777301588,0.4645804988662192
NO,44,80,40.18564877074831,4.535147392203953e-05
NO,64,80,40.18569412222223,1.4721453577777694
NO,64,80,41.69303222376417,0.4651247165532908
NO,78,80,42.192737439183674,4.535147392203953e-05
NO,71,80,42.192782790657596,0.4776345987755093
NO,71,80,42.70672186022676,0.9591902144217741
NO,51,80,43.69992566081633,4.460798186300963e-05
NO,72,80,43.69997026879819,0.4770933563265345
NO,76,80,44.21378672530613,4.6514376414563685e-05
NO,69,80,44.21383323968254,0.21491541823129268
NO,31,80,44.46405478036282,4.535147392203953e-05
NO,64,80,44.464100131836744,0.2148979591836735
NO,64,80,44.71439491641724,4.535147392203953e-05
NO,60,80,44.71444026789116,0.21482993197278688
NO,60,80,44.96375999578232,4.535147392203953e-05
NO,62,80,44.96380534725624,0.2160317460317458
NO,62,80,45.21478040394558,0.21569160997732695
NO,77,80,45.46512054000001,4.535147392203953e-05
NO,68,80,45.46516589147393,0.465736961451249
NO,68,80,45.96575546063493,0.21537414965985846
NO,39,80,46.216934598956925,4.535147392203953e-05
NO,65,80,46.21697995043085,0.21448979591836803
NO,65,80,46.466775868798194,4.535147392203953e-05
NO,62,80,46.46682122027212,0.21498866213151757
NO,62,80,46.71761487106577,4.535147392203953e-05
NO,60,80,46.71766022253969,0.9658049886621285
NO,48,101,47.96861260349207,6.802721088661201e-05
NO,52,101,47.968680630702956,0.21537414965986557
NO,52,101,48.219292875600914,0.4769403709750577
NO,54,101,48.73270051768708,4.651437642166911e-05
NO,45,101,48.7327470320635,0.7254775754194966
NO,19,101,49.49145755396826,6.691197278740901e-05
NO,52,101,49.49152446594105,0.7238730819501171
NO,66,101,50.25123687492064,4.6514376414563685e-05
NO,57,101,50.25128338929706,0.21226005773242207
NO,57,101,50.498761448707484,0.460320656462585
NO,57,101,50.99357190108844,0.21585034013605053
NO,19,101,51.243912037142856,4.535147392203953e-05
NO,53,101,51.24395738861678,1.2220873787755195
NO,66,101,52.50042118462586,4.535147392203953e-05
NO,57,101,52.50046653609978,0.46607709750566784
NO,57,101,53.001033429523815,0.21585034013605764
NO,19,101,53.25144159278912,4.535147392203953e-05
NO,50,101,53.25148694426304,1.2273355805442208
NO,65,101,54.51343831873017,4.460798186300963e-05
NO,55,101,54.51348292671203,0.4608559553287961
NO,55,101,55.00882867795919,0.8199550981405963
NO,55,101,56.02338550072564,0.7083922340136013
NO,44,101,56.7676280748753,0.7333124986394495
NO,19,101,57.53557052675738,4.6514376414563685e-05
NO,52,101,57.5356170411338,0.735299262403629
NO,66,101,58.30696494526078,4.6514376414563685e-05
NO,57,101,58.307011459637195,0.20909864630385755
NO,57,101,58.550760097278925,0.45600469868480786
NO,57,101,59.04084642861679,0.21634920634920718
NO,19,101,59.291685430884364,4.535147392203953e-05
NO,53,101,59.291730782358286,1.2219966758276755
NO,66,101,60.54778641510206,4.535147392203953e-05
NO,59,101,60.54783176657598,0.4663945578231292
NO,59,101,61.048307957052174,0.21634920634920718
NO,32,101,61.29930568947847,4.535147392203953e-05
NO,50,101,61.299351040952395,0.7308262959637304
NO,65,101,62.06294012163268,4.3888526072066725e-05
NO,56,101,62.06298401015875,0.46311602793651474
NO,7,101,62.56096256321998,4.6514376414563685e-05
NO,52,101,62.561009077596395,2.228706417460316
NO,52,64,64.82692699619051,3.9795031154648655
NO,66,64,68.84028756988667,6.691197278030359e-05
NO,55,64,68.84035448185945,3.487766535646273
NO,48,64,72.52687822503407,6.691197279451444e-05
NO,52,64,72.52694513700686,0.12954157931972077
NO,66,64,72.6909686863039,6.691197279451444e-05
NO,55,64,72.6910355982767,0.12960849129251528
TR,53,64,7.035796195011337,6.802721088394748e-05
TR,47,64,7.035864222222221,0.12978060816326575
TR,32,64,7.199167728752834,6.691197278829719e-05
TR,48,64,7.1992346407256225,0.13076829882086205
TR,48,64,7.363525837913832,4.460798185945691e-05
TR,50,64,7.363570445895691,0.13058986689342333
TR,50,64,7.528173898956916,4.460798185945691e-05
TR,52,64,7.528218506938775,0.13214712798185868
TR,52,64,7.694447267573695,0.13281179138322052
TR,66,64,7.861340691609977,4.535147392292771e-05
TR,55,64,7.8613860430838995,0.1327664399092967
TR,55,64,8.029027766439908,4.535147392381589e-05
TR,57,64,8.029073117913832,0.1317687074829923
TR,57,64,8.195717108843537,6.802721088483565e-05
TR,59,64,8.195785136054422,0.1317687074829923
TR,44,64,8.362610532879819,6.80272108830593e-05
TR,60,64,8.362678560090702,0.13176870748299407
