P1,74,101,0.701759438161209,0.17336060346347615
P1,77,101,0.8754698873425693,0.1884502267002519
P1,84,101,1.064363251952141,1.2584296376574309
P1,85,101,2.3231999268891688,0.03279872078085644
P1,86,101,2.356408347166247,0.13392621309823705
P1,84,101,2.4907442597607057,1.24334355
P1,87,101,3.7345076246221667,0.03192803879093198
P1,86,101,3.7668554784634765,0.14620611517632254
P1,88,101,3.9134593131612094,0.5389134738664989
P1,84,101,4.452815924937028,0.3576779144836273
P1,81,101,4.810880777833753,0.35111246826196485
P1,87,101,5.162425706675063,0.03279872078085688
P1,88,101,5.195634126952141,0.15063284811083122
P1,86,101,5.346676674559195,1.0555691104534004
P1,74,101,6.4026656000629725,0.1784876829974813
P1,77,101,6.5814847159949625,0.17123413520151143
P1,84,101,6.753161989105794,1.2481369032745588
P1,85,101,8.001696611901764,0.04810196656171328
P1,86,101,8.050196297984888,0.12996590138538977
P1,83,101,8.180582014420656,1.250596863476071
P1,85,101,9.431611338476072,0.03282148186398004
P1,86,101,9.464842519836274,0.15061008702770806
P1,81,101,9.615885067443326,1.4235427581863984
P1,79,101,11.039847640491185,0.11932071284634738
P1,91,101,11.159168353337533,4.6646095718472225e-05
P1,79,101,11.159214999433251,0.05205704282115953
P1,81,101,11.21171518016373,0.08047559848866648
P1,81,101,11.390515882556677,1.0159104733627196
P1,79,101,12.406426355919397,0.00013993828715364032
P1,91,101,12.40656629420655,2.3323047859236112e-05
P1,79,101,12.40658961725441,0.12016034256926922
P1,77,101,12.526749959823679,0.08580549307304786
P1,74,101,12.612555452896727,0.03500789483627109
P1,87,101,12.648589561838792,0.031157148425693393
P1,88,101,12.680144429785896,0.30907225919395387
P1,84,101,12.98961440850126,0.35745055428211714
P1,81,101,13.347429140113352,0.35107453167506186
P1,88,101,13.698923486838792,0.17844349193954656
P1,86,101,13.877786793828717,1.2568436940176309
P1,83,101,15.135073625755668,0.17861288954659926
P1,84,101,15.31406213929471,0.16244632896725442
P1,86,101,15.476928283312343,0.8964264959697701
P1,88,101,16.373840880919396,0.4463224080604533
P1,86,101,16.82016328897985,0.08412336328715142
P1,84,101,16.904684371788413,1.4169087763224155
P1,87,101,18.322012963161203,0.033307768324938536
P1,88,101,18.355740546347604,0.32621947040302146
P1,84,101,18.682403154659944,0.3574823348866545
P1,81,101,19.040239018010073,0.35953951505037907
P1,88,101,19.40024499401763,0.17867181045340175
P1,86,101,19.57931452399244,1.0610524789042834
P1,83,101,20.64080891347607,0.17850165963476172
P1,83,101,20.819674750440807,0.18390955163727796
P1,84,101,21.003971240491186,0.1672834443324902
P1,86,101,21.17165240434509,0.8964706870277084
P1,79,101,22.247428308942066,0.11906416102015172
P1,91,101,22.366492469962218,4.6646095718472225e-05
P1,79,101,22.366539116057936,0.24097373047858994
P1,81,101,22.607932661397985,1.4194015213476092
P1,69,64,24.028290148236778,0.1661103846347629
P1,69,64,24.194764710201515,0.18404611813602045
P1,76,64,24.37924328891688,0.3681605195214104
P1,76,64,24.747813507934513,0.16688426146095736
P1,74,64,24.915061946725444,0.18404611813602045
P1,72,64,25.099449481108316,0.17854119181360062
P1,71,64,25.278410487972295,0.34091191643576835
P1,71,64,25.61974221945844,0.17859816064231637
P1,71,64,25.798693908564235,0.18830292443324836
P1,72,64,25.987370001763228,0.17135443261964767
P1,74,64,26.15907428010076,0.17865094338790755
P1,74,64,26.338056656423177,0.1786644472292167
P1,72,64,26.51707463211587,0.17090147663727961
P1,71,64,26.68841924666247,0.36726688532745655
P1,71,64,27.056105947040304,0.17859816064231637
P1,79,64,27.235123922733,0.11891685913098371
P1,91,64,27.354040781863983,4.6646095718472225e-05
P1,79,64,27.3540874279597,0.18877674937027678
P1,91,64,27.542864177329978,4.6646095718472225e-05
P1,79,64,27.542910823425697,0.0518937814861431
P1,79,64,27.595224419773302,0.12965778828715457
P1,91,64,27.724882208060457,4.419105793473932e-05
P1,79,64,27.72492639911839,0.04894159666246978
P1,77,64,27.774221524244336,0.16240213790932145
P1,76,64,27.936955095088166,0.17853187405541604
P1,74,64,28.11588468866499,0.36260674326196707
P1,76,64,28.478969414672548,0.26447089515113475
P1,74,64,28.743440309823683,0.0816208840050372
P1,72,64,28.8254810088791,0.3499820548488657
P1,72,64,29.175882878589423,0.18852019584382873
P1,72,64,29.364776243198996,0.1784889099496212
P1,74,64,29.543596586083126,0.17866444722922026
P1,74,64,29.722658752833755,0.17062282720402777
P1,83,64,29.893724717947105,0.253576796347609
P1,81,64,30.147301514294714,0.06502714175062962
P1,91,64,30.212328656045344,4.419105793473932e-05
P1,79,64,30.21237284710328,0.04905207430730485
P1,79,64,30.261822640931992,0.11301863066750784
P1,91,64,30.3748412715995,4.419105793473932e-05
P1,79,64,30.374885462657435,0.17881911593199007
P1,91,64,30.553704578589425,2.2095528965593303e-05
P1,79,64,30.55372667411839,0.04896369219143537
P1,74,64,30.60308808583124,0.17862025617128197
P1,74,64,30.78203977493703,0.18811020396725553
P1,76,64,30.97052314767003,0.17135443261964767
P1,74,64,31.142274072103277,0.17859815799748446
P1,83,64,31.32129204515114,0.24538503627204022
P1,81,64,31.56667708142318,0.050233710453401414
P1,91,64,31.61691079187658,4.5522166246314555e-05
P1,79,64,31.616956314042827,0.05052960453400246
P1,79,64,31.667918379156177,0.13315233627204037
P1,91,64,31.801070715428217,4.5522166246314555e-05
P1,79,64,31.801116237594464,0.1802560473551651
P1,91,64,31.98137228494963,4.4191057931186606e-05
P1,79,64,31.98141647600756,0.04914045642317433
P1,74,64,32.03095465195214,0.17862025617128552
P1,74,64,32.20992843658691,0.17111997500000342
P1,76,64,32.38142158035265,0.1885668419395472
P1,74,64,32.5703849141058,0.17815502235516334
P1,83,64,32.74898184704031,0.2434043471032723
P1,81,64,32.992386194143585,0.04874273690176523
P1,91,64,33.04112893104535,4.4191057931186606e-05
P1,79,64,33.04117312210328,0.049074169836273995
P1,79,64,33.090645011460964,0.12925884445844105
P1,91,64,33.219903855919405,4.4191057931186606e-05
P1,79,64,33.219948046977336,0.16869931133501836
P1,91,64,33.388647358312355,4.6646095718472225e-05
P1,79,64,33.38869400440807,0.06882631423173535
P1,74,64,33.45794013350127,0.1713777556675069
P1,74,64,33.62966773488666,0.1786730387279647
P1,76,64,33.808694302078095,0.17859816064231637
P1,83,64,33.98775646882873,0.5387661685768279
P1,84,64,34.526942452455934,0.08073706284634596
P1,83,64,34.60805513929472,0.09747376265742957
P1,81,64,34.70593860144837,0.7032719463476056
P1,81,64,35.41012099112091,0.17780765365240114
P1,81,64,35.58826007770782,0.17868654275818585
P1,88,64,35.767373756612095,0.3513983790302291
P1,88,64,36.11916985516373,0.1782667277078076
P1,86,64,36.29779011133502,0.17864235170025466
P1,84,64,36.476785991498744,0.17116293910579827
P1,83,64,36.64841539156172,0.36720305510075946
P1,83,64,37.01603826171286,0.17857606511334723
P1,83,64,37.19496785528968,0.1710328221032711
P1,84,64,37.36639716920656,0.18847354974811026
P1,86,64,37.55524388772041,0.17873318696474172
P1,86,64,37.73433060314862,0.162402137909325
P1,84,64,37.89708626952142,0.17844349193954656
P1,83,64,38.07594957651134,0.36253659993703025
P1,83,64,38.43889587594459,0.16722567770781183
P1,91,64,38.60657677531487,0.13317509735516353
P1,103,64,38.739751872670034,4.5522166246314555e-05
P1,91,64,38.73979739483628,0.18425096788413242
P1,103,64,38.92404836272041,4.5522166246314555e-05
P1,91,64,38.92409388488666,0.0506434099496218
P1,91,64,38.97516975541562,0.11640017909320477
P1,103,64,39.091569934508826,4.5522166246314555e-05
P1,91,64,39.09161545667507,0.05041579911838312
P1,89,64,39.14239543312343,0.18401417153652488
P1,88,64,39.326763133123436,0.1785097785264469
P1,86,64,39.50567063117129,0.34988630743072946
P1,88,64,39.85604672260706,0.26959114609572055
P1,86,64,40.12563786870278,0.0979052888539016
P1,84,64,40.2239408770781,0.34104448960956546
P1,84,64,40.56538308620908,0.17862025617128552
P1,84,64,40.74435687084384,0.18816175881612196
P1,86,64,40.9328917984257,0.17142440176322538
P1,86,64,41.10473601505039,0.17825445119647298
P1,95,64,41.28341028129724,0.24667445743072847
P1,93,64,41.53008473872797,0.05147396662468395
P1,103,64,41.581558705352656,4.6646095718472225e-05
P1,91,64,41.581605351448374,0.05177716624685047
P1,91,64,41.633802332556684,0.13643982997481174
P1,103,64,41.770242162531495,4.6646095718472225e-05
P1,91,64,41.770288808627214,0.18187686568010264
P1,103,64,41.95216567430732,4.4191057931186606e-05
P1,91,64,41.95220986536525,0.048941596662466225
P1,86,64,42.00157127707809,0.1786407561083081
P1,86,64,42.18057621051638,0.1671346333753121
P1,88,64,42.34807502122167,0.18389783614609456
P1,86,64,42.53237057688917,0.17828882323677675
P1,95,64,42.711079215176326,0.24562197355163562
P1,93,64,42.95670118872796,0.05023371045339786
P1,103,64,43.00693489918136,4.5522166246314555e-05
P1,91,64,43.006980421347606,0.05055236561712917
P1,91,64,43.05794248646096,0.13315233627204037
P1,103,64,43.191094822733,4.5522166246314555e-05
P1,91,64,43.191140344899246,0.16747604962216656
P1,103,64,43.35861639452141,4.5522166246314555e-05
P1,91,64,43.35866191668766,0.06737280604534135
P1,86,64,43.426421661146094,0.1672444454659967
P1,86,64,43.59401963507557,0.17842139641057742
P1,88,64,43.772794559949624,0.1786644472292167
P1,86,64,43.95183463117129,0.1707185736775827
P1,95,64,44.12301966580605,0.2534589543450849
P1,93,64,44.37647862015113,0.06500504622166403
P1,103,64,44.4414836663728,4.4191057931186606e-05
P1,91,64,44.44152785743073,0.049074169836273995
P1,91,64,44.49099974678841,0.11299653513854224
P1,103,64,44.60399628192695,4.4191057931186606e-05
P1,91,64,44.604040472984885,0.18485728154912096
P1,103,64,44.788897754534005,4.6646095718472225e-05
P1,91,64,44.788944400629724,0.05166055100755074
P1,86,64,44.84102476649874,0.18854351889168441
P1,86,64,45.02991813110831,0.17877615031486016
P1,88,64,45.20904780988665,0.16233585132241757
P1,95,64,45.371847667317375,0.5415492511964715
P1,96,64,45.913829379093194,0.08316899773299724
P1,95,64,45.99738531523929,0.08350628406800809
P1,93,64,46.08131141435768,0.718041924937026
P1,87,101,46.80091598350125,0.031594057178843116
P1,88,101,46.83294250125943,0.18445581763224794
NO,74,51,0.9104544591309823,0.18784382745591943
NO,77,51,1.0986714553526449,0.17057975969773298
NO,84,51,1.269683675629723,1.2539958714105794
NO,85,51,2.5241120076196477,0.04982401095717881
NO,86,51,2.5743457180730482,0.13259844559193912
NO,84,51,2.707363978715365,1.238111755919396
NO,87,51,3.945895549685139,0.032104803589420694
NO,86,51,3.9784201683249374,0.14747659477329966
NO,88,51,4.126339901007557,0.5374502705919388
NO,84,51,4.664209986649874,0.34690003942065495
NO,81,51,5.011496964483627,0.3681377584382872
NO,87,51,5.380089944584383,0.03302633161209112
NO,88,51,5.413548736775819,0.14904644452141014
NO,86,51,5.56299290081864,1.0523298754408072
NO,74,51,6.615765914168766,0.1883802575566751
NO,77,51,6.804496017443325,0.16952665642317388
NO,84,51,6.9744424889168775,1.2381117559193955
NO,85,51,8.212951964357684,0.03212689911838851
NO,86,51,8.245498678526449,0.14704645428211727
NO,83,51,8.392977593387911,1.2558882835012586
NO,85,51,9.649275576385392,0.03309461486146148
NO,86,51,9.682779890743074,0.15033695403022662
NO,81,51,9.833549305352646,1.4100313095717887
NO,79,51,11.243978334445845,0.12959027739294804
NO,91,51,11.373568611838794,2.209552896736966e-05
NO,79,51,11.373590707367761,0.04898578772040274
NO,81,51,11.42299631013854,0.06447475352644894
NO,81,51,11.603315453589422,1.0265690238664984
NO,91,51,12.62988447745592,4.6646095718472225e-05
NO,79,51,12.62993112355164,0.09900023419395332
NO,77,51,12.728931357745592,0.09761804697733112
NO,74,51,12.826549404722924,0.0324583320528955
NO,87,64,12.860002035579345,0.03139774666246886
NO,88,64,12.891819597292193,0.30860825308564266
NO,84,64,13.200825569899246,0.36358497562972225
NO,81,64,13.564797483942067,0.3449836358312339
NO,88,64,13.91020093482368,0.18018165887909277
NO,86,64,14.090802408564233,1.2553424387909313
NO,83,64,15.346564662405541,0.17844349193954656
NO,84,64,15.525383778337531,0.16238004238035408
NO,86,64,15.688183635768262,0.8974949748740535
NO,88,64,16.586202115554155,0.447807387279596
NO,86,64,17.03400950283375,0.08151040636020213
NO,84,64,17.115917628715362,1.4285296978589415
NO,87,64,18.544867141435763,0.03386506549118451
NO,88,64,18.57915202178841,0.3141075375314877
NO,84,64,18.893679374370276,0.36865643765742817
NO,81,64,19.262732303841307,0.34857654609571753
NO,88,64,19.611728664987403,0.17951450081864095
NO,86,64,19.791652865302265,1.0610709778337544
NO,83,64,20.85317906479849,0.18381850730478533
NO,83,64,21.037338988350125,0.16615307323677797
NO,84,64,21.203845590050378,0.17866444722922026
NO,86,64,21.382907756801007,0.8980824197103274
NO,79,64,22.453184238853904,0.1367663526448375
NO,91,64,22.58995059149874,2.3323047859236112e-05
NO,79,64,22.5899739145466,0.22896613690176437
NO,81,64,22.819337770969774,1.4253875166876604
NO,69,40,24.24529431473552,0.16692978362720368
NO,69,40,24.4125882756927,0.18390955163727796
NO,76,40,24.596930287909323,0.3513400790931982
NO,76,40,24.948680066498746,0.18288353595717766
NO,74,40,25.131917130919398,0.17850977852645045
NO,72,40,25.310780437909322,0.17850977852645045
NO,71,40,25.489732127015117,0.34267954477330065
NO,71,40,25.832854809697736,0.18835693450881763
NO,71,40,26.021584912972294,0.16964695346347725
NO,72,40,26.191585394899246,0.17866444722922026
NO,74,40,26.370581275062975,0.18004540484886533
NO,74,40,26.550976525629725,0.1883102884130956
NO,72,40,26.739636659760706,0.16975497493703173
NO,71,40,26.909811449748112,0.35870371561712844
NO,71,40,27.268958303274562,0.17119117128463301
NO,79,40,27.440592612468517,0.15488836083123303
NO,91,40,27.59548097329975,4.6646095718472225e-05
NO,79,40,27.59552761939547,0.015673092128466237
NO,0,40,27.611200711523935,4.4191057931186606e-05
NO,79,40,27.611244902581866,0.1631975769521432
NO,91,40,27.77444247953401,6.628658690033262e-05
NO,79,40,27.77450876612091,0.015577347921915674
NO,0,40,27.790086114042825,4.419105793473932e-05
NO,79,40,27.79013030510076,0.016306500377833544
NO,79,40,27.806856620528972,0.13034152537783328
NO,91,40,27.937198145906805,4.419105793473932e-05
NO,79,40,27.93724233696474,0.03166289301007552
NO,0,40,27.968905229974816,4.419105793473932e-05
NO,79,40,27.96894942103275,0.016350691435768283
NO,77,40,27.985653640931993,0.16226956473551724
NO,76,40,28.148276734130988,0.17951356643576588
NO,74,40,28.328200000062978,0.3504562188287146
NO,76,40,28.67914232052897,0.2758847746851387
NO,74,40,28.95502709521411,0.0830398935768244
NO,72,40,29.038486803652397,0.3583954700881584
NO,72,40,29.397279993261968,0.17831091876574234
NO,72,40,29.575944440491185,0.18008100289672768
NO,74,40,29.756398612153653,0.17126114042821072
NO,74,40,29.928079567443326,0.1869403790302293
NO,83,40,30.115439761523934,0.24342644263224145
NO,81,40,30.358866204156175,0.04878692795969641
NO,91,40,30.407653132115872,2.2095528969146017e-05
NO,79,40,30.40767522764484,0.06504923727959522
NO,79,40,30.473122184445845,0.11326168148614713
NO,91,40,30.586383865931992,4.419105793473932e-05
NO,79,40,30.586428056989927,0.17881911593199007
NO,91,40,30.765247172921917,4.419105793473932e-05
NO,79,40,30.765291363979852,0.0502734537153664
NO,74,40,30.816007955604537,0.18838025755667687
NO,74,40,31.004761381926954,0.1698163508816144
NO,76,40,31.174931261272047,0.1785097785264469
NO,74,40,31.353838759319906,0.17960714074307305
NO,83,40,31.533878360642323,0.2507360916876564
NO,81,40,31.78461445232998,0.050233710453401414
NO,91,40,31.83484816278338,4.5522166246314555e-05
NO,79,40,31.834893684949627,0.04925827254407977
NO,79,40,31.88454967701512,0.12950189527707678
NO,91,40,32.014051572292196,4.4191057931186606e-05
NO,79,40,32.01409576335013,0.17884121146096277
NO,91,40,32.19293697481109,4.4191057931186606e-05
NO,79,40,32.19298116586902,0.050717816876577615
NO,74,40,32.24411879760706,0.1710512329974847
NO,74,40,32.41554319937028,0.1867243353274617
NO,76,40,32.602598967632254,0.17853187405541604
NO,74,40,32.78152856120908,0.17857606511334723
NO,83,40,32.960524441372804,0.2434043471032723
NO,81,40,33.20392878847608,0.04878692795970352
NO,91,40,33.25271571643578,4.4191057931186606e-05
NO,79,40,33.25275990749371,0.05043180346347498
NO,79,40,33.30361152581865,0.136673060453397
NO,91,40,33.44028458627205,4.6646095718472225e-05
NO,79,40,33.44033123236777,0.17161098614609216
NO,91,40,33.61194221851386,4.6646095718472225e-05
NO,79,40,33.61198886460958,0.04992483853904872
NO,74,40,33.66231142267004,0.1784655874685157
NO,74,40,33.84113053860202,0.18001962695214502
NO,76,40,34.02150001127205,0.18845022670024747
NO,83,40,34.21044002197734,0.5284338667506248
NO,84,40,34.73930634930731,0.08332832531485934
NO,83,40,34.82302161303527,0.0835104139798517
NO,81,40,34.90694172651134,0.71357782348867
NO,81,40,35.62102774716626,0.17932681889168123
NO,81,40,35.80071874338792,0.1838867905541548
NO,88,40,35.98506075560454,0.3449446369647333
NO,88,40,36.330425207619655,0.18012764804785775
NO,86,40,36.5109027013854,0.18845022670024747
NO,84,40,36.69972609685139,0.1695978525188906
NO,83,40,36.86974376442066,0.3588608380352625
NO,83,40,37.22902441731739,0.1712144943324887
NO,83,40,37.400588757367764,0.18691705579345097
NO,84,40,37.58788143715366,0.17864235170025466
NO,86,40,37.766855221788425,0.17853187405540893
NO,86,40,37.94571852877834,0.16213699156171657
NO,84,40,38.10820904880354,0.17957599628463328
NO,83,40,38.288240266750634,0.35131731801007504
NO,83,40,38.63996728425693,0.18384126838790849
NO,91,40,38.82426377430731,0.15115635302267094
NO,103,40,38.97542012732998,4.5522166246314555e-05
NO,91,40,38.97546564949623,0.015750669521409577
NO,0,40,38.99121631901764,4.5522166246314555e-05
NO,91,40,38.991261841183885,0.15138396385390251
NO,103,40,39.14264580503779,4.5522166246314555e-05
NO,91,40,39.142691327204034,0.032798720780860435
NO,0,40,39.175490047984894,4.5522166246314555e-05
NO,91,40,39.17553557015114,0.01682044042821218
NO,91,40,39.19276571007557,0.13424047386650528
NO,103,40,39.327006183942075,4.419105793829203e-05
NO,91,40,39.32705037500001,0.015400583690173164
NO,0,40,39.342450958690186,4.4191057931186606e-05
NO,91,40,39.34249514974812,0.016350691435768283
NO,89,40,39.359199369647364,0.1785097785264469
NO,88,40,39.53804058110832,0.1802602208438273
NO,86,40,39.71872061681361,0.3584175658060431
NO,88,40,40.077624284256935,0.2596003698362779
NO,86,40,40.33722465409321,0.09761804697732401
NO,84,40,40.43524042059195,0.3427396939546554
NO,84,40,40.77842325245593,0.18821699622166221
NO,84,40,40.96701341744333,0.169660455982374
NO,86,40,41.137027401889185,0.17853187405540893
NO,86,40,41.31595699546601,0.1800760933879033
NO,95,40,41.496476226763235,0.25690337216624926
NO,93,40,41.753379598929484,0.05149728967253964
NO,103,40,41.804876888602024,4.6646095718472225e-05
NO,91,40,41.80492353469774,0.05002181215365198
NO,91,40,41.855343066372804,0.12950189527708034
NO,103,40,41.984844961649884,4.4191057931186606e-05
NO,91,40,41.984889152707815,0.17881911593199362
NO,103,40,42.16370826863981,4.4191057931186606e-05
NO,91,40,42.16375245969774,0.04987284351385313
NO,86,40,42.21405776379094,0.16706635012594262
NO,86,40,42.38146553016373,0.18289937267002898
NO,88,40,42.56471843129724,0.1785097785264469
NO,86,40,42.743603833816124,0.1798661735516376
NO,95,40,42.9239024679471,0.25073609168766353
NO,93,40,43.174638559634765,0.05025647153652102
NO,103,40,43.224895031171286,4.5522166246314555e-05
NO,91,40,43.22494055333753,0.05025647153652102
NO,91,40,43.2756294854534,0.13337994710327905
NO,103,40,43.40900943255668,4.5522166246314555e-05
NO,91,40,43.409054954722926,0.16747604962216656
NO,103,40,43.57653100434509,4.5522166246314555e-05
NO,91,40,43.57657652651134,0.04948162556674873
NO,86,40,43.626477967128466,0.1783109187657459
NO,86,40,43.80514241435768,0.18017797688916914
NO,88,40,43.98567023696474,0.18845022670025458
NO,86,40,44.17451695547859,0.1697021923803561
NO,95,40,44.34463896290932,0.2434043471032723
NO,93,40,44.588043310012594,0.06502714175062607
NO,103,40,44.65307045176322,4.419105793829203e-05
NO,91,40,44.65311464282116,0.050327464357678764
NO,91,40,44.7038619220403,0.11953062027707517
NO,103,40,44.82339254231738,4.6646095718472225e-05
NO,91,40,44.8234391884131,0.18877674937027678
NO,103,40,45.012215937783374,2.33230478556834e-05
NO,91,40,45.01223926083123,0.05002795012594419
NO,86,40,45.06266493047858,0.17848768299748485
NO,86,40,45.241506141939546,0.1785097785264469
NO,88,40,45.4203473534005,0.16229166026447928
NO,95,40,45.5831030197733,0.5301585294710307
NO,96,40,46.113681364294706,0.09715404086901458
NO,95,40,46.21121102915617,0.08106849578085473
NO,93,40,46.29267724445843,0.7244024192695164
P1,69,80,1.4211814448992444,0.08275929823677575
P1,67,80,1.5042821593828715,0.10053570415617141
P1,69,80,1.6051592797858942,0.08474781801007558
P1,67,80,1.690280266561713,0.0859920774559193
P1,69,80,1.7766455127833753,0.10222491876574313
P1,71,80,1.8792202772670026,0.0859454313602015
P1,72,80,1.965608846536524,0.8881822026448365
P1,72,80,2.854188768702771,0.08056029861460967
P1,71,80,2.9351246913098237,0.08122316448362721
P1,72,80,3.016701384256927,0.09680051240554155
P1,71,80,3.113877520654912,0.08139992871536528
P1,72,80,3.195630977833753,0.09686679899244366
P1,74,80,3.292851305289673,0.08139992871536483
P1,76,80,3.374671049055416,0.717806239798489
P1,76,80,4.092875008375315,0.3604773466624689
P1,72,80,4.453702200755668,0.3577020819899239
P1,65,80,4.811791221158691,0.3511807515113343
P1,72,80,5.1634044332493705,0.1836819408060455
P1,71,80,5.347518834634761,1.4062029076196474
P1,69,80,7.121377756549119,0.08044982096977282
P1,67,80,7.202181105982368,0.09759595144836286
P1,69,80,7.300130585894207,0.08476454987405546
P1,67,80,7.385244981486147,0.08599207745591997
P1,69,80,7.471610227707809,0.10222491876574313
P1,71,80,7.574184992191436,0.0859454313602015
P1,72,80,7.660573561460958,0.5205387456549113
P1,71,80,8.181532122166248,0.36226040799748205
P1,72,80,8.544224990743075,0.08296414798488705
P1,71,80,8.627553316057936,0.0836697415617138
P1,72,80,8.711609996032747,0.09971630516372798
P1,71,80,8.811713239609574,0.08385183022669906
P1,72,80,8.895952008249372,0.08300967015113336
P1,74,80,8.97932585573048,0.10062674848866493
P1,76,80,9.080362303715367,0.7199102981108307
P1,76,80,9.80068230132242,1.4115926319899241
P1,74,80,11.212764717317382,0.3399102523299753
P1,76,80,11.741247958627206,0.9080179715994952
NO,62,64,12.649918975566752,0.34022572562972186
NO,60,64,12.990476134130983,0.357499271977332
NO,59,64,13.348407866687658,0.1827942585642326
NO,60,64,13.53165734691436,0.34665973960957075
NO,62,64,13.878670614987406,0.349527868513853
NO,62,64,14.22864162141058,0.18831028841309916
NO,60,64,14.41737172468514,0.3576811952141057
NO,59,64,14.775494830478591,0.17049884628463374
NO,60,64,14.946436814672545,0.5310217613350119
NO,62,64,15.477856295528968,0.3567765062342563
NO,60,64,15.8349863302267,0.3598832233627203
NO,59,64,16.1953360145466,0.17888049036523768
NO,60,64,16.374658415491183,0.3457658072418148
NO,64,64,16.72076563897985,0.36262737109571574
NO,64,64,17.083768634068008,0.17828882323677675
NO,62,64,17.262477272355163,0.3603447721662434
NO,60,64,17.623219764042815,0.17797948583123713
NO,64,64,17.80159696939546,0.5209241909319893
NO,62,64,18.322985166435764,0.3599777413727949
NO,60,64,18.683336076574303,0.3574332341309834
NO,59,64,19.041189125755665,0.16997591926952182
NO,60,64,19.211608182934505,0.3682145382241835
NO,62,64,19.580176249622166,0.34556215636020227
NO,62,64,19.92614810547859,0.18379574622166217
NO,60,64,20.11035355119647,0.35168149534005266
NO,59,64,20.462467507115868,0.1787170303526473
NO,60,64,20.641604352518893,0.530578344521409
NO,62,64,21.17258041656171,0.3567986017632272
NO,60,64,21.529732546788413,0.36010172172543875
NO,59,64,21.890300729471033,0.17822008142317358
NO,60,64,22.068962721473554,0.35005325226699924
NO,64,64,22.419389142506297,0.3674019142947138
NO,64,64,22.78718877632242,0.16204860944584354
NO,62,64,22.949635105289676,0.3578115404282123
NO,60,64,23.307833584130986,0.18334052455919547
NO,64,64,23.4915838081864,0.5372526060453389
NO,53,64,24.029473724559196,0.16567792405541582
NO,53,64,24.195493064861463,0.18413716246851664
NO,53,64,24.379994404659953,0.18327224130982245
NO,53,64,24.56363082329975,0.18456962304786018
NO,53,64,24.748632906926954,0.3513782801637291
NO,53,64,25.100408906612095,0.17839930088161182
NO,53,64,25.279205927015116,0.34106658513853816
NO,53,64,25.620670231675067,0.17839930088161182
NO,53,64,25.799423061020153,0.18836675560453386
NO,53,64,25.98816298539043,0.17133110957178843
NO,57,64,26.15993723287154,0.3576455964105776
NO,65,64,26.518024739861463,0.1707909986146099
NO,55,64,26.68925887638539,0.25272366353904374
NO,67,64,26.941982539924435,4.419105793473932e-05
NO,55,64,26.94202673098237,0.06498295069269489
NO,0,64,27.007009681675065,4.419105793473932e-05
NO,55,64,27.007053872733,0.04958236700251817
NO,55,64,27.05703395925693,0.1784876829974813
NO,55,64,27.23585307518892,0.1702913955919385
NO,55,64,27.406494316498744,0.18912659508816176
NO,55,64,27.596064049496224,0.24298575673803668
NO,67,64,27.83904980623426,2.2095528965593303e-05
NO,55,64,27.839071901763226,0.04874273690176523
NO,0,64,27.88781463866499,2.2095528965593303e-05
NO,55,64,27.887836734193957,0.049648653589422054
NO,55,64,27.93788310730479,0.17839930088161182
NO,55,64,28.116680127707813,0.24468277046599596
NO,67,64,28.36136289817381,4.5522166246314555e-05
NO,55,64,28.361408420340055,0.0501881882871551
NO,0,64,28.41159660862721,4.5522166246314555e-05
NO,55,64,28.411642130793457,0.06787354987405436
NO,55,64,28.47992538016373,0.1666260351385418
NO,55,64,28.646904943765747,0.1789516891057943
NO,55,64,28.82618806580605,0.17806786794710305
NO,59,64,29.004653653274563,0.3606590200251887
NO,67,64,29.365755811209073,0.1782384943954618
NO,57,64,29.544414120654913,0.3498703504408063
NO,57,64,29.89470428595718,0.18800708879093264
NO,57,64,30.083084543513856,0.17913581693954939
NO,57,64,30.262551793387914,0.1617834630982351
NO,57,64,30.424755071536527,0.3578149960957191
NO,57,64,30.782967787153655,0.1879518523299737
NO,57,64,30.97133945434509,0.350482883501261
NO,57,64,31.322220057367762,0.1781312278337559
NO,57,64,31.500715462531492,0.16758985503778234
NO,57,64,31.668646733816125,0.18337832455919312
NO,60,64,31.852444873425696,0.35799176032745805
NO,69,64,32.21086013136021,0.17095794080604776
NO,57,64,32.382261210075576,0.36722883413098373
NO,57,64,32.74988776372797,0.161849749685139
NO,57,64,32.912091041876586,0.17892959357682514
NO,57,64,33.09137416391689,0.1780678679470995
NO,57,64,33.2698397513854,0.36036441360202076
NO,57,64,33.63062397984888,0.1784680417506337
NO,69,64,33.80951183664988,0.34924431127204514
NO,69,64,34.15917596278339,0.1884035806045361
NO,67,64,34.34795271215366,0.17938745982367976
NO,67,64,34.52767160491185,0.1786766960327384
NO,65,64,34.706689717191445,0.1665428452141029
NO,65,64,34.8735739786524,0.18406887921914006
NO,64,64,35.0579842741184,0.18379574622166217
NO,64,64,35.24214419767004,0.1683637318639768
NO,53,64,35.41100867336273,0.17764912386650167
NO,53,64,35.5890113256927,0.17877213041561646
NO,53,64,35.76812487235517,0.1832950023929456
NO,53,64,35.951761290994966,0.16780628369017592
NO,53,64,36.11996529420656,0.35735098998740256
NO,53,64,36.47771400371537,0.17109787965995338
NO,53,64,36.64923169823678,0.36733685617128486
NO,53,64,37.01696627392948,0.17837720535264623
NO,53,64,37.1956970077456,0.17109665327456014
NO,53,64,37.3671668297859,0.18847354974811026
NO,57,64,37.55606019439547,0.34153427229219346
NO,65,64,37.89801428173804,0.1783109187657459
NO,55,64,38.076767111083136,0.24461329269520604
NO,67,64,38.32138040377834,4.5522166246314555e-05
NO,55,64,38.32142592594459,0.05018818828715865
NO,0,64,38.37161411423175,2.2761083123157277e-05
NO,55,64,38.37163687531487,0.06780526662468134
NO,55,64,38.439851841435775,0.16711187229218893
NO,55,64,38.60732789105794,0.18327224130982245
NO,55,64,38.79096430969774,0.18459238413097978
NO,55,64,38.97598915440807,0.24993945377833882
NO,67,64,39.22592860818641,2.2761083123157277e-05
NO,55,64,39.22595136926953,0.050210949370274705
NO,0,64,39.276162318639805,4.5522166246314555e-05
NO,55,64,39.27620784080605,0.051063489483631486
NO,55,64,39.32766904981109,0.17837720535264623
NO,55,64,39.50646607021412,0.2462362273299732
NO,67,64,39.75270229754409,4.6646095718472225e-05
NO,55,64,39.75274894363981,0.05142732052896548
NO,0,64,39.804176264168774,4.6646095718472225e-05
NO,55,64,39.80422291026449,0.052383565491183504
NO,55,64,39.857026290617135,0.18793711964735849
NO,55,64,40.045336579030234,0.17897992204030544
NO,55,64,40.22467002953402,0.16178346309823155
NO,59,64,40.38687330768263,0.35799176032745805
NO,67,64,40.74530697858943,0.18798131164987097
NO,57,64,40.933731428148626,0.3501870503148652
NO,57,64,41.2843161979849,0.1781120590050378
NO,57,64,41.46275968992445,0.17146245749369626
NO,57,64,41.63457199313603,0.18796044269521417
NO,57,64,41.822975573740564,0.3581469027707769
NO,57,64,42.181532176007565,0.16692978362720368
NO,57,64,42.348871659130985,0.3627157532115888
NO,57,64,42.71198513186398,0.16187184521410813
NO,57,64,42.87421050554157,0.1841189193324908
NO,57,64,43.05869360220403,0.1834088078085685
NO,60,64,43.24255763167506,0.35199229609572313
NO,69,64,43.594947647292194,0.17820044112090727
NO,57,64,43.77358999899245,0.34996609691435054
NO,57,64,44.12397591076826,0.18803041183879543
NO,57,64,44.31235616832494,0.17901920245591896
NO,57,64,44.49172889924433,0.1780678679471066
NO,57,64,44.670194486712845,0.36028339754408023
NO,57,64,45.030897699118384,0.17852573476070432
NO,69,64,45.209865344458436,0.34053629244332484
NO,69,64,45.55079935642317,0.17855144395466027
NO,67,64,45.72969221662468,0.18452410088161741
NO,67,64,45.914580494836265,0.167106543513853
NO,65,64,46.082040566813596,0.1779131992443297
NO,65,64,46.260307294521404,0.17868163230478729
NO,64,64,46.43936209559193,0.17116784823677733
NO,64,64,46.61090311259445,0.190409362720402
NO,62,64,46.802035489798484,0.21536282909319482
P1,62,80,0.7031333787153652,0.172756323488665
P1,65,80,0.8762628709697733,0.18868345717884139
P1,72,80,1.0653894660579346,1.2585160544080605
P1,73,80,2.324315219962217,0.03277595969773284
P1,74,80,2.3575008791561713,0.1339489741813602
P1,72,80,2.4918595528337533,1.2433710862720404
P1,75,80,3.7356504539672546,0.031845794836272034
P1,74,80,3.7678939683249375,0.14625030623425683
P1,76,80,3.914564089609572,0.5393713416246846
P1,72,80,4.454378569143577,0.3576402628463482
P1,69,80,4.812383009319899,0.35124903476070557
P1,75,80,5.164087265743073,0.03207036612090697
P1,76,80,5.1965900924433255,0.1511791141057932
P1,74,80,5.34817890604534,1.0551716554156174
P1,62,80,6.403770376511336,0.17839930088161182
P1,65,80,6.582530570969774,0.17156434005037813
P1,72,80,6.754538048929471,1.24782142884131
P1,73,80,8.00277929282116,0.04807987103274591
P1,74,80,8.051256883375316,0.13051828960957046
P1,71,80,8.182172892506298,1.250121278463478
P1,73,80,9.432749392632244,0.03277595969773195
P1,74,80,9.465935051826198,0.15065560919395438
P1,69,80,9.617023121599498,1.4235475333753147
P1,67,80,11.040990469836274,0.11866766750629765
P1,79,80,11.159658137342571,4.6646095718472225e-05
P1,67,80,11.15970478343829,0.05329316435768128
P1,69,80,11.213398122355166,0.07921247134760634
P1,69,80,11.391488085831236,1.0155446693324919
P1,67,80,12.407032755163728,0.00013993828715364032
P1,79,80,12.407172693450882,4.6646095718472225e-05
P1,67,80,12.4072193395466,0.1202769578085654
P1,65,80,12.527496297355166,0.08582881612090532
P1,62,80,12.61332511347607,0.036897061712846124
P1,75,80,12.65127171234257,0.029513487783376036
P1,76,80,12.681182919647355,0.30953626530226863
P1,72,80,12.991116904471033,0.3575185730478605
P1,69,80,13.349022415931993,0.35045345913098025
P1,76,80,13.699895690113351,0.17899588016372903
P1,74,80,13.87928928979849,1.2563440891057933
P1,71,80,15.136076516813603,0.17867058387909296
P1,72,80,15.315100629156172,0.16297662166246774
P1,74,80,15.47847497034005,0.8964044004408063
P1,76,80,16.375343376889166,0.44532065591939585
P1,74,80,16.820664032808562,0.08461691826196471
P1,72,80,16.90567867059194,1.4175053556045292
P1,75,80,18.323603841246847,0.03271978129723152
P1,76,80,18.356743437405537,0.3268258696473545
P1,72,80,18.683989121914355,0.3574209591309838
P1,69,80,19.041785705037782,0.3590190421284625
P1,76,80,19.401247885075563,0.1791272243073081
P1,74,80,19.58077282890428,1.0610524789042834
P1,71,80,20.64224512285894,0.17799865465995168
P1,71,80,20.820585193765744,0.1840688792191436
P1,72,80,21.005041011397985,0.16776036045339993
P1,74,80,21.173199091372798,0.8959624898614607
P1,67,80,22.248400512216627,0.11860506479848709
P1,79,80,22.367005577015114,4.6646095718472225e-05
P1,67,80,22.367052223110832,0.2415334836272045
P1,69,80,22.609028844647355,1.420672490743076
P1,69,51,24.030270362468517,0.1654503132241807
P1,69,51,24.196084853022672,0.18413716246851664
P1,76,51,24.380654476070532,0.3682060416876567
P1,76,51,24.749270217254413,0.16633799546599448
P1,74,51,24.91597239005038,0.18465747185138426
P1,72,51,25.100961294836274,0.1784655874685157
P1,71,51,25.27984669735517,0.341044489609569
P1,71,51,25.62128890648615,0.17835510982367708
P1,71,51,25.799975449244336,0.1883974435768252
P1,72,51,25.988746061586905,0.17140107871536614
P1,74,51,26.160520309068012,0.1780887355793439
P1,74,51,26.338940477581865,0.17928312204030306
P1,72,51,26.518577128085646,0.17091497877833461
P1,71,51,26.689935244773302,0.36731966977329833
P1,71,51,27.057652634068013,0.17842139641057742
P1,79,51,27.23649384552897,0.35980343444584406
P1,79,51,27.596717094836276,0.17803472210327342
P1,77,51,27.775105345403027,0.1629987171914351
P1,76,51,27.93843549552897,0.1784655874685157
P1,74,51,28.117298802518896,0.36285418847607076
P1,76,51,28.480653734823683,0.2632726766372784
P1,74,51,28.74392641146096,0.08257099175062876
P1,72,51,28.826895122733003,0.3495708320528941
P1,72,51,29.17688576964736,0.18910327204030253
P1,72,51,29.36634625270781,0.17828882323677675
P1,74,51,29.544966508879096,0.178244632178842
P1,74,51,29.72358676505038,0.1713507513853898
P1,83,51,29.89538065434509,0.25238486605793753
P1,81,51,30.147765520403027,0.06500504622166048
P1,91,51,30.212770566624688,6.628658690388534e-05
P1,79,51,30.21283685321159,0.05002427758186201
P1,79,51,30.263258850314866,0.11204642739294712
P1,91,51,30.375305277707813,4.419105793473932e-05
P1,79,51,30.375349468765748,0.17870863828715144
P1,91,51,30.5540581070529,4.419105793473932e-05
P1,79,51,30.554102298110834,0.04953817594458343
P1,74,51,30.60403819357683,0.17915054886649884
P1,74,51,30.783542270906803,0.18803041391687714
P1,76,51,30.971945853589425,0.17091129471032573
P1,74,51,31.143253640113354,0.17918737254408157
P1,83,51,31.322838732178848,0.2443163319899213
P1,81,51,31.56715506416877,0.050233710453401414
P1,91,51,31.61738877462217,4.5522166246314555e-05
P1,79,51,31.617434296788417,0.05150833110831243
P1,79,51,31.669375088476077,0.1321736096977304
P1,91,51,31.801548698173807,4.552216624986727e-05
P1,79,51,31.801594220340057,0.18013159307304605
P1,91,51,31.981725813413103,4.419105793473932e-05
P1,79,51,31.981770004471038,0.04973703570529153
P1,74,51,32.03190475969774,0.17918860214106047
P1,74,51,32.211443207556684,0.1710512329974776
P1,76,51,32.38286760931991,0.1880684653022655
P1,74,51,32.571333794143584,0.17877492487405533
P1,83,51,32.75052853406802,0.24232166618388362
P1,81,51,32.9928502002519,0.04876483243072727
P1,91,51,33.04161503268263,2.2095528969146017e-05
P1,79,51,33.0416371282116,0.05002427758186201
P1,79,51,33.09208122084384,0.12828664118387678
P1,91,51,33.220367862027715,4.419105793829203e-05
P1,79,51,33.22041205308565,0.1686084739924425
P1,91,51,33.389020527078095,4.6646095718472225e-05
P1,79,51,33.389067173173814,0.06945603652393117
P1,74,51,33.458943024559204,0.17191418576825868
P1,74,51,33.63123037909321,0.17850241284634905
P1,76,51,33.81006422487407,0.1782225366498693
P1,83,51,33.988750767632254,0.5391417925692679
P1,84,51,34.5283123752519,0.08029515226700568
P1,83,51,34.608961055982384,0.09795627204029245
P1,81,51,34.7073270275189,0.7039092566750611
P1,81,51,35.41173702802268,0.17747315743073244
P1,81,51,35.58956371391689,0.17878876926951648
P1,88,51,35.76878494376575,0.35140130573047657
P1,88,51,36.12058396901764,0.17773643501259784
P1,86,51,36.298673932493706,0.17928312204030306
P1,84,51,36.47828848746852,0.17117644124684972
P1,83,51,36.64990806662469,0.367279162594464
P1,83,51,37.01758494874056,0.1783109187657388
P1,83,51,37.19624939596978,0.17115066429471426
P1,84,51,37.367773229030234,0.18852019584382873
P1,86,51,37.55664327059195,0.1782397207808586
P1,86,51,37.735214424307316,0.16302081272040425
P1,84,51,37.89856666996223,0.17842139641057742
P1,83,51,38.077407881423184,0.3626715708438226
P1,83,51,38.44048915176323,0.16706635012594262
P1,91,51,38.60798796246852,0.36822880277077985
P1,91,51,38.976626464735524,0.16633799546599448
P1,89,51,39.143305876448366,0.18458412865239637
P1,88,51,39.32824353356424,0.17844349193954656
P1,86,51,39.507084745025196,0.3501747760705314
P1,88,51,39.85777262814862,0.26835134219143697
P1,86,51,40.12612397034006,0.09881120554156553
P1,84,51,40.225354990932,0.34058048350126313
P1,84,51,40.56633319395467,0.17917264439546443
P1,84,51,40.74585936681361,0.18810529181360636
P1,86,51,40.934314504345096,0.17100458690176623
P1,86,51,41.10573890610832,0.1787982471662488
P1,95,51,41.28495696832495,0.24559423136020087
P1,93,51,41.53055119968515,0.05149728967254674
P1,103,51,41.582048489357696,4.66460957113668e-05
P1,91,51,41.58209513545341,0.052780057304786965
P1,91,51,41.635318330667516,0.13543693891687525
P1,103,51,41.77075526958439,4.6646095718472225e-05
P1,91,51,41.77080191568011,0.18169519156171532
P1,103,51,41.952497107241825,4.4191057931186606e-05
P1,91,51,41.95254129829976,0.049560271473552575
P1,86,51,42.00249928929472,0.17926049754407813
P1,86,51,42.182123964168774,0.16697530579345
P1,88,51,42.34944068620907,0.18348227890428603
P1,86,51,42.5332985891058,0.1789074980478631
P1,95,51,42.71262590220403,0.2445532692695238
P1,93,51,42.957179171473555,0.05023371045339786
P1,103,51,43.00741288192695,4.5522166246314555e-05
P1,91,51,43.0074584040932,0.05153109219143914
P1,91,51,43.05942195686398,0.13215084861461435
P1,103,51,43.19157280547859,4.5522166246314555e-05
P1,91,51,43.19161832764484,0.1673394831234205
P1,103,51,43.35895781076826,4.552216625341998e-05
P1,91,51,43.35900333293451,0.0679873552896666
P1,86,51,43.427400387720404,0.16776821486146076
P1,86,51,43.59552213104534,0.1782667277078076
P1,88,51,43.77414238721663,0.17824463217883846
P1,86,51,43.95276264338791,0.17144649785893762
P1,95,51,44.12465227915617,0.25229034710326914
P1,93,51,44.37694262625944,0.06500504622166403
P1,103,51,44.441947672481106,4.419105793829203e-05
P1,91,51,44.441991863539045,0.05002427758186201
P1,91,51,44.492413860642316,0.11204642739294712
P1,103,51,44.60446028803526,4.419105793829203e-05
P1,91,51,44.6045044790932,0.1847431211586894
P1,103,51,44.78924760025189,4.66460957113668e-05
P1,91,51,44.7892942463476,0.052290273299753665
P1,86,51,44.84202765755667,0.18910327204030608
P1,86,51,45.03150409836272,0.17858220138538883
P1,88,51,45.210417732682615,0.16198232285893965
P1,95,51,45.37286406164987,0.5419212829345099
P1,96,51,45.91521780516372,0.08273653715365725
P1,95,51,45.99834128073047,0.0838981458438326
P1,93,51,46.08265924162468,0.7195861556045315
P1,75,80,46.8033882265743,0.030100540680095378
P1,76,80,46.83392122783374,0.18347709105793797
NO,33,80,1.0668821411209068,0.3551869860201511
NO,45,80,1.4224333044710327,0.18349985214105802
NO,33,80,1.6063428561083124,0.1711656094458438
NO,45,80,1.778044895654912,0.18835693450881608
NO,33,80,1.966821645025189,0.17803594981108328
NO,45,80,2.145365792002519,0.17970054370277078
NO,33,80,2.325498796284635,0.16711187229219115
NO,31,80,2.493020368073048,0.3619859352015111
NO,43,80,2.855492404911839,0.1619160362720402
NO,31,80,3.017784065176323,0.17859816064231726
NO,43,80,3.1967799453400505,0.17859816064231726
NO,31,80,3.375731634445844,0.18760814193954678
NO,43,80,3.563782914294711,0.17253654313602018
NO,31,80,3.736695081423174,0.17862025617128463
NO,29,80,3.9157793437027713,0.34877293891687655
NO,41,80,4.2650420666246855,0.19003619395465954
NO,29,80,4.455451429345088,0.17689680453400491
NO,41,80,4.632768048929472,0.18032055396725433
NO,29,80,4.813452780226701,0.16517718022670014
NO,41,80,4.979039659949622,0.18573043828715363
NO,29,80,5.165157036649874,0.18379574622166306
NO,31,80,5.349430765617129,0.34445604880352576
NO,43,80,5.694306629471033,0.17851004735516351
NO,31,80,5.873203615239294,0.18409164030226766
NO,41,80,6.057818760453401,0.08253168740554084
NO,0,80,6.140350447858942,4.552216624720273e-05
NO,43,80,6.140395970025189,0.08455529055415667
NO,31,80,6.225415266687658,0.1790179756926955
NO,43,80,6.404786770843829,0.1784434915617128
NO,31,80,6.583626754219144,0.17163430919395495
NO,33,80,6.75568087827456,0.3665144128463478
NO,45,80,7.122681392758187,0.17815625006297253
NO,33,80,7.301191171284636,0.1711887170025186
NO,45,80,7.472799703148615,0.18852019584382873
NO,33,80,7.661716390806046,0.1777990384760706
NO,45,80,7.839935244332494,0.16350691435768283
NO,33,80,8.00381778268262,0.17912845333753147
NO,31,80,8.183410242128465,0.3616569086901773
NO,43,80,8.545567894647357,0.1667704560453398
NO,31,80,8.712725289105796,0.18400059596977236
NO,43,80,8.89713558457179,0.18395507380352605
NO,31,80,9.08145483570529,0.16633799546599626
NO,43,80,9.248225291750632,0.1852069333753139
NO,31,80,9.433819163539045,0.1839778348866492
NO,29,80,9.618274981171286,0.35008821952141034
NO,41,80,9.96884118343829,0.18385018507556516
NO,29,80,10.153066992506298,0.1785539695843834
NO,41,80,10.33204077714106,0.16220327814861335
NO,29,80,10.494619679282117,0.17822253664987464
NO,41,80,10.67326203098237,0.17846558746851393
NO,29,80,10.852103242443327,0.18961024187657394
NO,41,80,11.042156622229221,0.17192646152392932
NO,29,80,11.214436612216627,0.17775853054156165
NO,41,80,11.392614957808567,0.17738290654911815
NO,29,80,11.570373488350128,0.17166745390428062
NO,41,80,11.742507403211588,0.18784382745591977
NO,29,80,11.930794368576828,0.09701287374055312
NO,41,80,12.028160770780858,0.08095801813602144
NO,29,80,12.10949441290932,0.08082544496221722
NO,39,80,12.190695481863981,0.09803786202770759
NO,41,80,12.289175254471035,0.08401575824936991
NO,39,80,12.373191012720405,0.08613201574307183
NO,37,80,12.459323028463476,0.08561890869017752
NO,35,80,12.544941937153654,0.06868637594458349
NO,32,80,12.613628313098237,0.03852967506297311
NO,29,80,12.652717741309825,0.17480386668765746
NO,41,80,12.82794142304786,0.16383834729218982
NO,29,80,12.992155394332494,0.1768084227959701
NO,41,80,13.169383632178842,0.18032161624685195
NO,29,80,13.350092186838793,0.18231627581863918
NO,41,80,13.532840923236778,0.1677176327455907
NO,29,80,13.700934179974812,0.1791063578085641
NO,31,80,13.88050454389169,0.3489300611460955
NO,43,80,14.229877742947105,0.18822190648614523
NO,31,80,14.418475273425694,0.17822253664987464
NO,41,80,14.597206007241814,0.08025096120906738
NO,0,80,14.677456968450882,4.419105793473932e-05
NO,43,80,14.677501159508816,0.09887749212846408
NO,31,80,14.776820562216626,0.1704092360831222
NO,43,80,14.947696259256928,0.1890799489924433
NO,31,80,15.137172700062973,0.1786349860201515
NO,43,80,15.316227501133502,0.162932430604533
NO,31,80,15.479513460201511,0.17667584962216587
NO,43,80,15.656587029345088,0.17908426227959673
NO,31,80,15.836046915617128,0.18767811278337732
NO,43,80,16.024168166309824,0.17191418576826223
NO,31,80,16.19645552084383,0.1795728174433222
NO,43,80,16.37644815333753,0.17713733010075572
NO,31,80,16.553972421851384,0.16781746586901747
NO,45,80,16.72222234829975,0.18418547474810865
NO,33,80,16.906827638098235,0.1776480528967248
NO,45,80,17.084851314987404,0.17837106738035047
NO,33,80,17.2635955511335,0.17100458690176268
NO,43,80,17.435113245088157,0.18903453117128421
NO,33,80,17.62456759130982,0.17773643501259428
NO,45,80,17.802679650314857,0.16187184521410458
NO,33,80,17.96497131057934,0.12917046234257157
NO,43,80,18.094141772921912,4.4191057931186606e-05
NO,31,80,18.094185963979843,0.04933931618388243
NO,45,80,18.1438788086272,0.1804922383501264
NO,29,80,18.324860830982363,0.18628118324937049
NO,41,80,18.51160847518891,0.1730692906801039
NO,29,80,18.685031294332493,0.17678632726700272
NO,41,80,18.86223743664987,0.18021113425692903
NO,29,80,19.042802099370274,0.16959906719143447
NO,41,80,19.21282098142317,0.189149918136021
NO,29,80,19.402344068324933,0.17920210409320347
NO,31,80,19.58201017852645,0.344934564861461
NO,43,80,19.927399965050377,0.18368194080604638
NO,31,80,20.11146884426952,0.1835908964735502
NO,41,80,20.29558324565491,0.08269101498740739
NO,0,80,20.378274260642318,4.5522166246314555e-05
NO,43,80,20.378319782808564,0.08510368979848693
NO,31,80,20.463855933186398,0.17909624659949586
NO,43,80,20.643371994836272,0.1778960314231739
NO,31,80,20.821654964672543,0.18411440138539348
NO,43,80,21.00620182663728,0.16768222613350048
NO,31,80,21.174237581234255,0.17667584962216765
NO,43,80,21.3513332459068,0.1791063578085641
NO,31,80,21.5307992697733,0.17074803337531463
NO,43,80,21.701990441057934,0.18901489011335215
NO,31,80,21.89138095516373,0.1785097785264469
NO,43,80,22.070310548740554,0.17875282934508974
NO,31,80,22.249439002078088,0.1710230006297202
NO,45,80,22.42090514061713,0.18887004156171372
NO,33,80,22.610218320088162,0.17769960869017964
NO,45,80,22.788271457241816,0.16207070497481268
NO,33,80,22.950717786209072,0.17824463217883846
NO,43,80,23.129448520025193,0.1793410295969764
NO,33,80,23.309222010201516,0.1831129137279568
NO,45,80,23.49269910125945,0.16674769496221487
NO,33,80,23.659879256801013,0.13308405302266735
NO,43,80,23.79296330982368,4.5522166246314555e-05
NO,31,80,23.793008831989926,0.050779976448364295
NO,45,80,23.844175746851388,0.18705058110831274
NO,29,80,24.031909160453402,0.16490404722922136
NO,29,80,24.197222907178844,0.08130258891687703
NO,29,80,24.38176976914358,0.18263493098236694
NO,29,80,24.56483716070529,0.06548363614609798
NO,29,80,24.750385510327458,0.16631523438287132
NO,29,80,24.917110444206553,0.08187161599495951
NO,29,80,25.101933498110835,0.062464060390428955
NO,29,80,25.28095147380353,0.3411107761964729
NO,29,80,25.622526256108316,0.062221009571789665
NO,29,80,25.800969748047862,0.18854597411838725
NO,29,80,25.989935537027712,0.06595757934508839
NO,29,80,26.16169014420655,0.09545268513853955
NO,41,80,26.257518453337532,0.0822174632871544
NO,29,80,26.340222018261965,0.06295016202770753
NO,29,80,26.519460949244333,0.06575381064231678
NO,29,80,26.690868166687657,0.08307669647355098
NO,31,80,26.878292179282116,0.18006751171284918
NO,31,80,27.058779506045344,0.06233148721662474
NO,31,80,27.237576526448365,0.1697107736775827
NO,31,80,27.407730438035266,0.08424284886649858
NO,31,80,27.597859924181364,0.17795247814861526
NO,31,80,27.77621012185139,0.06321530837531597
NO,31,80,27.93940769880353,0.07874846523929335
NO,31,80,28.118403578967257,0.36304679376574356
NO,31,80,28.481928355478594,0.06393588249370197
NO,31,80,28.648186484445848,0.17941569521410727
NO,31,80,28.828021994710333,0.06235358274559033
NO,31,80,29.005802620780862,0.0846012874055404
NO,43,80,29.090800400000003,0.08692499937027875
NO,31,80,29.178238506423178,0.08347318828715444
NO,31,80,29.367207978337532,0.062464060390428955
NO,31,80,29.545850330037787,0.06257453803526403
NO,33,80,29.72471363702771,0.1714133548488661
NO,33,80,29.896546806738037,0.08293675818639912
NO,33,80,30.084483926385392,0.1794819808564263
NO,33,80,30.264385722292193,0.06235358274559388
NO,33,80,30.425881943513858,0.1788854025188904
NO,33,80,30.605187161083126,0.06306063967254616
NO,33,80,30.784514474181364,0.06570839263224215
NO,33,80,30.97313532903023,0.3504767466624692
NO,33,80,31.32409817732998,0.062176818513854926
NO,33,80,31.502012844269526,0.1680905988664989
NO,33,80,31.670535903715372,0.08098393375314572
NO,33,80,31.85361593646096,0.09638069735516552
NO,45,80,31.95037225780857,0.08232794093198592
NO,33,80,32.033186300377835,0.06281758885391042
NO,33,80,32.21235280642318,0.06598090239294407
NO,33,80,32.383800531234264,0.08321663476070285
NO,33,80,32.57246066612092,0.17877492487405533
NO,33,80,32.75165540604535,0.06230939168765559
NO,33,80,32.91343886914358,0.1793494086272105
NO,33,80,33.0931859972922,0.062375678274555924
NO,33,80,33.27096662336273,0.18872273872796086
NO,33,80,33.46013250000001,0.06656397858942142
NO,33,80,33.63227991624686,0.07873005226700514
NO,33,80,33.811169001322426,0.34879994508816736
NO,45,80,34.16041208431991,0.18828696536524347
NO,32,80,34.34909554149875,0.17987969962216965
NO,44,80,34.529350865113365,0.17872727814860667
NO,31,80,34.70851060384132,0.08150743866498544
NO,43,80,34.790404980919405,0.08389735239294538
NO,30,80,34.87468927172545,0.09951145541561601
NO,42,80,34.974564904471045,0.08414772430730011
NO,29,80,35.059099567191446,0.08248616523929542
NO,41,80,35.141972670843835,0.10087712040302677
NO,28,80,35.24323672965996,0.08271377607052699
NO,40,80,35.32633744414358,0.08631002720403558
NO,41,80,35.41326202059195,0.17700875025188623
NO,41,80,35.590690585894215,0.0626629201511335
NO,41,80,35.7699002368388,0.18263493098236694
NO,41,80,35.95296762840051,0.06548363614609798
NO,41,80,36.12166664993703,0.1777143394836287
NO,41,80,36.29977870894207,0.06321530837531242
NO,41,80,36.47927664848867,0.06591093324936992
NO,41,80,36.6510975420655,0.3672607501889189
NO,41,80,37.01882229836273,0.06219891404282407
NO,41,80,37.197243694773306,0.17127587178841708
NO,41,80,37.36896270447104,0.08307669647355453
NO,41,80,37.55783274603275,0.07932172071788557
NO,53,80,37.637530090743084,0.09847977260704965
NO,41,80,37.73649596498741,0.06295016202771109
NO,41,80,37.899450491120916,0.0787263697103242
NO,41,80,38.0782696070529,0.062419869332494216
NO,43,80,38.2559422897985,0.18529797770780476
NO,43,80,38.441649967002526,0.06420901549117985
NO,43,80,38.60910325554157,0.18263493098236694
NO,43,80,38.79214788602016,0.06548363614609087
NO,43,80,38.97774175780857,0.16631523438287132
NO,43,80,39.14446669168766,0.08184885491183991
NO,43,80,39.3292157368388,0.06244196486146336
NO,43,80,39.50821161700253,0.350377317821156
NO,43,80,39.85907871882873,0.08268020465994397
NO,43,80,40.04664635264485,0.17941569521410372
NO,43,80,40.22648186290933,0.062375678274555924
NO,43,80,40.38802227518893,0.09640279288412756
NO,55,80,40.484800692065505,0.08232794093198947
NO,43,80,40.56761473463477,0.06283968438287246
NO,43,80,40.7467431879723,0.06589497569270009
NO,43,80,40.93524742625946,0.06607419458438102
NO,45,80,41.10690505850127,0.1787589667506353
NO,45,80,41.28608384030228,0.062287296158686445
NO,45,80,41.46410751719145,0.17195715100755393
NO,45,80,41.636484483060464,0.08300672732997327
NO,45,80,41.82416504918137,0.1790412970403068
NO,45,80,42.00362616127205,0.06308273520150465
NO,45,80,42.1831254518262,0.06432282090680275
NO,45,80,42.35060150144837,0.36279774426952116
NO,45,80,42.713863251826204,0.062198914042816966
NO,45,80,42.875492046221666,0.18465826530226792
NO,45,80,43.060582772103274,0.06420901549118696
NO,45,80,43.24374120799748,0.08253168740554173
NO,57,80,43.32665983381612,0.10155995289672148
NO,45,80,43.42872053054156,0.06473252040302668
NO,45,80,43.59638385667507,0.0787263697103242
NO,45,80,43.775026208375316,0.06259663356423317
NO,45,80,43.95388951536524,0.17150910132241393
NO,45,80,44.125841754596976,0.08293675818639912
NO,45,80,44.31380219729219,0.17931872027708096
NO,45,80,44.49354073261964,0.06237567827456303
NO,45,80,44.67132135869017,0.17145263639798713
NO,45,80,44.84321713299748,0.08375306486146172
NO,45,80,45.03253031246851,0.0625708545340089
NO,45,80,45.21152250913098,0.34005019080604626
NO,57,80,45.551992514987404,0.17842805629722847
NO,44,80,45.730807509697726,0.18509312795969635
NO,56,80,45.91628757607052,0.16710081801007703
NO,43,80,46.08383030465995,0.09534220749370093
NO,55,80,46.17952604061713,0.08148831083123298
NO,42,80,46.2613899754408,0.08031724779596772
NO,54,80,46.342082847229214,0.09802558589420585
NO,41,80,46.44050492493702,0.08449940239295017
NO,53,80,46.52537749609571,0.08624863098236801
NO,40,80,46.61202261889168,0.10194504219143852
NO,52,80,46.71436415289672,0.08995699559193326
NO,29,80,46.80495087078085,0.17964872732996895
NO,41,80,46.985032058690166,0.03236626020151334
