P1,67,64,0.017316770186335404,0.6757845860248447
P1,62,64,0.7253776814906832,0.7022894711180123
P1,69,64,1.460938144658385,0.6938244392546582
P1,70,64,2.365574504347826,0.14414288683229826
P1,72,64,2.542080890869565,0.1516095526086958
P1,74,64,2.7277828869565215,0.15215075652173926
P1,69,64,2.9140951,0.5154778547826084
P1,65,64,3.4636653982608694,0.49005207832298137
P1,60,64,3.9860155954658385,0.3380404188819881
P1,69,64,4.3581254534782605,0.7027384506832304
P1,65,64,5.280228160434783,0.15217376086956502
P1,67,64,5.449540160434783,0.14437413900621188
P1,69,64,5.626212418322981,0.1441428868322987
P1,67,64,5.802653424037268,0.7022868452795015
P1,63,64,6.538188811304347,0.7107528678260877
P1,70,64,7.266102922608695,0.6834252004968944
P1,70,64,7.982799115155279,0.15209227788819923
P1,67,64,8.16898383652174,0.15215075652173837
P1,69,64,8.35522703652174,0.1521277521739126
P1,70,64,8.541447232173914,0.15215075652173837
P1,72,64,8.711242323478261,0.5043753291304345
P1,69,64,9.249756104782609,0.5163591690683234
P1,66,64,9.79938626590062,0.3383110893167718
P1,74,64,10.171858811739131,0.6762843810559005
P1,72,64,11.066249853913046,0.15215075652173837
P1,70,64,11.252562066956523,0.15205873913043533
P1,69,64,11.43871324956522,0.15215075652173837
P1,67,64,11.625255506086958,0.7014910113043484
P1,62,64,12.34388475652174,0.6834279719254646
P1,69,64,13.060583720496895,0.7107961021118019
P1,70,64,13.970615758881987,0.14848471080745362
P1,72,64,14.152438811925466,0.14839491055900744
P1,74,64,14.334104714534162,0.14848471080745362
P1,69,64,14.51592776757764,0.5206837062111802
P1,65,64,15.069882465838509,0.5200177393788827
P1,60,64,15.60701544,0.3208272521739133
P1,69,64,15.9601408110559,0.7023027307453411
P1,65,64,16.88182636515528,0.15215075652173837
P1,67,64,17.06806956515528,0.15212775217391084
P1,69,64,17.237358560807454,0.16908195652173674
P1,67,64,17.423578756459627,0.6834307433540374
P1,63,64,18.140280491863354,0.7107933306832273
P1,70,64,18.88518927037267,0.6764417783229781
P1,70,64,19.593935075714285,0.1484622607453403
P1,67,64,19.775668328509315,0.14848471080745185
P1,69,64,19.95744648142857,0.15204045068322714
P1,70,64,20.143579375590058,0.15215075652173837
P1,72,64,20.33028266254658,0.515503289565217
P1,69,64,20.862109360372667,0.514301022608695
P1,66,64,21.41050282645962,0.33023736360248535
P1,68,64,21.774729584099372,0.032871277515528874
P1,70,64,21.8076008616149,0.06767879130434551
P1,72,64,21.875279652919247,1.3100489452173925
P1,74,64,23.218801640745333,0.7105885086956505
P1,67,64,23.963574610310552,0.15205873913043177
P1,70,64,24.132794592919247,0.16905895217391276
P1,74,64,24.319106805962726,0.14442741124223346
P1,70,64,24.4958977168944,0.14405571242236093
P1,72,64,24.672425897018623,0.21914910763975115
P1,72,51,24.925828478571418,0.2008167203726714
P1,72,40,25.16005089136645,0.21442054322981363
P1,72,64,25.407877127018622,0.20267219329192443
P1,72,51,25.64475678552794,0.21467903639751285
P1,72,40,25.891864702422346,0.19211060590062345
P1,72,64,26.116404188819864,0.702121160869563
P1,65,64,26.851886141987563,0.15196894484471812
P1,69,64,27.037924525962715,0.1521737608695659
P1,72,64,27.224259743354022,0.15205873913043533
P1,69,64,27.410479939006194,0.15205873913043533
P1,70,64,27.57969992161489,0.20863257527950196
P1,70,51,27.820761377391285,0.21298036031056
P1,70,40,28.051064011614887,0.21971452608695685
P1,70,64,28.305009007267063,0.21446322322981004
P1,70,51,28.552877922919237,0.19983813043478094
P1,70,40,28.786946522919234,0.21969152173912931
P1,70,64,29.040891518571406,0.6763158596894421
P1,60,64,29.749505497142835,0.14848405434782563
P1,63,64,29.93126054354035,0.1484622607453403
P1,70,64,30.11299379633538,0.15208036223602406
P1,67,64,30.29914359770184,0.15215075652174193
P1,69,64,30.48538679770184,0.2029443565217406
P1,72,64,30.72249261074532,0.21771494484471887
P1,77,64,30.973456097577618,0.1980544479503088
P1,79,64,31.204781537577617,0.2145552436024829
P1,77,64,31.45260777322979,0.2145552436024829
P1,72,64,31.683910763167678,0.21455524360248646
P1,74,64,31.9318267990683,0.5244295690683209
P1,75,64,32.490348811614886,0.49018526031055387
P1,77,64,33.01283219080743,0.33788302180123964
P1,78,64,33.384807656086934,1.413010201987582
P1,79,64,34.83156030142855,0.15140908944099607
P1,81,64,35.017061834347814,0.15212775217391084
P1,82,64,35.20328202999999,0.15215075652173482
P1,84,64,35.38959424304346,0.3300725030434819
P1,82,64,35.75203024577638,0.14405571242236448
P1,81,64,35.92838407708073,0.15622663242236
P1,79,64,36.10231852540371,0.15699664124223744
P1,79,40,36.29463585037266,0.14468607459627236
P1,81,40,36.47162004385092,0.1441428868322987
P1,82,40,36.6480610495652,0.1484307506832323
P1,84,40,36.82985259254657,0.3336966547826137
P1,82,40,37.19771070385092,0.15208174347826287
P1,81,40,37.38386188645962,0.15215075652173482
P1,79,40,37.57010508645962,0.15212775217391084
P1,79,64,37.739762151677006,0.16015633888198977
P1,81,64,37.91617651801241,0.14412109322981337
P1,82,64,38.092595730124216,0.1516567724223563
P1,84,64,38.27841395906831,0.3346868877018636
P1,82,64,38.646439189006195,0.14839491055900567
P1,81,64,38.828105091614894,0.15202936795031263
P1,79,64,39.014226903043465,0.15212775217391794
P1,79,40,39.2005851247826,0.1520127304347838
P1,81,40,39.386667294347816,0.15215075652173482
P1,82,40,39.555979294347814,0.14451458546583495
P1,84,40,39.73287917310558,0.3248319775155295
P1,82,40,40.09104949285713,0.14839491055900567
P1,81,40,40.27271539546583,0.15207537366459434
P1,79,40,40.45888321260869,0.15210474782608685
P1,79,64,40.64533345173912,0.15189770869565677
P1,81,64,40.831323603913035,0.15212775217391794
P1,82,64,41.01751497670807,0.14848471080745185
P1,84,64,41.18281478403726,0.3301506134161514
P1,82,64,41.546303739689435,0.14839491055900567
P1,81,64,41.727969642298135,0.1518763850931677
P1,79,64,41.913915466521736,0.1521737608695659
P1,81,64,42.100158666521736,0.1485620321739205
P1,82,64,42.28199169074534,0.14848471080745185
P1,84,64,42.463814743788824,0.15189079055900834
P1,86,64,42.64979797782609,0.3298182470807447
P1,84,64,42.99587425236025,0.1441428868322987
P1,82,64,43.172380638882,0.1515635442857075
P1,84,64,43.35810563968945,0.15205873913043177
P1,87,64,43.54437184403727,1.4131451631055967
P1,86,64,44.990787999192555,1.4385065004968922
P1,79,64,46.44660349757765,0.14792345925466321
P1,81,64,46.627797948882,0.1484622607453403
P1,82,64,46.80953120167703,0.1518736136645984
P1,84,64,46.99556627186337,0.33473843627329813
P1,82,64,47.36364305037269,0.14839491055900567
P1,81,64,47.54530895298138,0.15195536931677367
P1,79,64,47.73137977012424,0.15215075652174193
P1,79,40,47.9171919457143,0.14401212521739382
P1,81,40,48.07744030478263,0.1441428868322987
P1,82,40,48.25389706552797,0.1484622607453403
P1,84,40,48.43572011857145,0.33373711763974967
P1,82,40,48.80361869273294,0.15205873913043888
P1,81,40,48.989769875341636,0.15215075652174193
P1,79,40,49.176013075341636,0.15212775217391794
P1,79,64,49.36260134055903,0.15178268695652264
P1,81,64,49.54847647099381,0.15212775217391084
P1,82,64,49.717765466645986,0.1605885779503069
P1,84,64,49.89467745285717,0.32482541291925315
P1,82,64,50.25284120801245,0.14839491055900567
P1,81,64,50.43450711062114,0.1562174607453457
P1,79,64,50.625902832981396,0.15699664124223744
P1,79,40,50.81822015795034,0.1486698908074473
P1,81,40,51.000161040807484,0.14848471080745185
P1,82,40,51.18191674366462,0.1484622607453474
P1,84,40,51.34723900105593,0.3257231888198717
P1,82,40,51.70532568956525,0.1440775060248427
P1,81,40,51.881679520869596,0.15207326881987626
P1,79,40,52.06784523316773,0.15212775217391084
P1,79,64,52.25431847664599,0.15189770869564967
P1,81,64,52.440308628819906,0.15215075652173482
P1,82,64,52.62652882447208,0.15215075652173482
P1,84,64,52.812841037515554,0.3346364477018682
P1,82,64,53.16429258173916,0.14839491055900567
P1,81,64,53.34595848434786,0.1484622607453403
P1,79,64,53.52769173714289,0.14848471080745185
P1,81,64,53.709447440000034,0.1484622607453403
P1,82,64,53.89118069279506,0.14848471080745895
P1,84,64,54.07300374583854,0.15193125341614433
P1,86,64,54.25902744273295,0.33466000931677087
P1,84,64,54.626958444099415,0.1484622607453403
P1,82,64,54.79228070149072,0.16489570621117622
P1,84,64,54.974013954285745,0.14837246049689412
P1,87,64,55.15576965714289,1.4381722602484572
P1,86,64,56.61068966372675,0.6937069192546588
P1,84,64,57.5237802392547,0.15212775217391794
P1,82,64,57.71009245229818,0.15205873913043888
P1,81,64,57.896243634906874,0.15212775217391084
P1,79,64,58.08255584795035,1.4104267900000025
P1,67,64,63.8611258234162,0.38282131776396966
P1,58,51,0.018658385093167702,0.6746827007453415
P1,58,51,0.7258571407453416,0.7020794126086956
P1,60,51,1.461611646521739,0.8719262621739128
P1,62,51,2.3660539636024844,0.14392495080745338
P1,63,51,2.5425603501242233,0.15140614552795073
P1,65,51,2.728288982608696,0.1519207130434781
P1,65,51,2.914601195652174,0.5152478113043477
P1,60,51,3.4641714939130432,0.4898075059006213
P1,57,51,3.986582229130435,0.3377268330434786
P1,65,51,4.358700562173913,1.41191626621118
P1,58,51,5.803198264099379,0.7020114059627325
P1,58,51,6.538682712670807,0.7105350186335402
P1,67,51,7.266678031304347,0.8684894139130437
P1,63,51,8.169489932173914,0.1519207130434772
P1,65,51,8.355710127826088,0.1519207130434772
P1,67,51,8.541953327826088,0.15189770869565145
P1,62,51,8.712047475652174,0.5038232247826091
P1,62,51,9.250262200434783,0.5161224741614898
P1,57,51,9.799947517453417,0.33802588993788873
P1,66,51,10.172456924782608,0.8599765378260891
P1,69,51,11.06675594956522,0.1519207130434772
P1,67,51,11.253068162608697,0.15182869565217416
P1,66,51,11.439219345217394,0.15189770869565145
P1,58,51,11.626175680000001,0.7008468895652182
P1,58,51,12.344390852173914,0.6831912770186328
P1,60,51,13.061257222360249,0.8928801909316775
P1,62,51,13.971109660248448,0.14826021018633462
P1,63,51,14.152932713291925,0.14817040993788844
P1,65,51,14.334598615900621,0.14823776012422485
P1,65,51,14.5164216689441,0.5204592055900612
P1,60,51,15.070376367204968,0.5197768858385103
P1,57,51,15.607590548695653,0.3205136667080737
P1,65,51,15.960685651118013,1.446007914037267
P1,58,51,17.424176869503107,0.6831020310558991
P1,58,51,18.140774393229815,0.7105754814906788
P1,67,51,18.885764379068323,0.8569023581366437
P1,63,51,19.776162229875773,0.1482602101863364
P1,65,51,19.95794038279503,0.15182260149067872
P1,67,51,20.14408547124223,0.15192071304348076
P1,62,51,20.331110819068318,0.5149366562732922
P1,62,51,20.862588819627323,0.5140976155279517
P1,57,51,21.411077935155273,0.3299316556521745
P1,66,51,21.7755377863354,1.4100826626086942
P1,58,51,63.86245523316776,0.38149190801241417
P1,63,64,23.404891019006204,0.15212775217391084
P1,67,64,23.591157223354028,0.15210474782608685
P1,70,64,23.777377419006203,0.1522887826086965
P1,74,64,23.9641497190062,0.15175968260869865
P1,70,64,24.1333697016149,0.16875989565217253
P1,67,64,24.319589897267072,0.14418404956521513
P1,63,64,24.496377176149057,0.14383777639751827
P1,65,64,24.858057669875766,0.15212775217391084
P1,69,64,25.04427786552794,0.14855011652174
P1,72,64,25.226166324285703,0.14857451105590158
P1,77,64,25.408371028385083,0.15145370496894017
P1,72,64,25.593917176832285,0.15215075652173837
P1,69,64,25.763298189875762,0.16036337857142868
P1,65,64,25.93991959590061,0.14431723565217425
P1,62,64,26.3021570363975,0.1521277521739144
P1,65,64,26.488377232049675,0.14850466509316718
P1,69,64,26.670152889192533,0.14864186124223622
P1,72,64,26.85244739354036,0.1516607411180111
P1,69,64,27.038522639006196,0.15182869565217416
P1,65,64,27.224765839006196,0.15182869565217416
P1,62,64,27.410986034658368,0.15182869565217416
P1,67,64,27.756535630869546,0.1441428868322987
P1,70,64,27.932976636583835,0.1516507185093161
P1,74,64,28.118811815962715,0.15224277391304142
P1,77,64,28.305515102919237,0.14795394496894332
P1,74,64,28.486740039937867,0.1484847108074554
P1,70,64,28.668563092981348,0.15194677341614593
P1,67,64,28.854602309875755,0.15231178695652403
P1,60,64,29.210157509875756,0.16903594782608522
P1,63,64,29.396354701180105,0.1445206393788787
P1,67,64,29.573173459440973,0.14429544204968892
P1,70,64,29.74999874204967,0.14826021018633284
P1,67,64,29.9317319948447,0.14826021018633284
P1,63,64,30.113487697701842,0.15183950869565166
P1,67,64,30.299649693354013,0.15192071304348076
P1,65,64,30.671699010745318,0.15215075652173837
P1,69,64,30.857905627888176,0.1484622607453403
P1,72,64,31.023205435217367,0.14857451105590158
P1,77,64,31.205252988881963,0.14808060968944048
P1,72,64,31.386604590621094,0.1484847108074554
P1,69,64,31.568427643664574,0.14839491055900567
P1,65,64,31.75011599633538,0.14861941118012112
P1,70,64,32.117977433354014,0.15212775217391084
P1,74,64,32.30428964639749,0.15224277391304497
P1,77,64,32.49083190291923,0.15173667826086756
P1,82,64,32.65972982465836,0.160512300993787
P1,77,64,32.83650015310557,0.14429544204968892
P1,74,64,33.013311650062086,0.15127538428571796
P1,70,64,33.19874849086954,0.15224277391304497
P1,69,64,33.56667948627327,0.14848471080745185
P1,74,64,33.74852498937886,0.15192155192546863
P1,78,64,33.93453898478259,0.15215075652173482
P1,81,64,34.12072398478259,0.1484622607453403
P1,78,64,34.28593399186334,0.16500795652174105
P1,74,64,34.46768969472048,0.1484622607453474
P1,81,64,34.64944539757762,0.14861941118012112
P1,67,64,34.83257055422359,0.06583485403726996
P1,70,64,34.932497851739114,0.05074759130435069
P1,74,64,35.01763694304346,0.0670116652173931
P1,79,64,35.11871804739129,0.05074759130435069
P1,67,51,35.20401816913042,0.066850634782611
P1,70,51,35.28803004739129,0.06767879130435261
P1,74,51,35.39016935173912,0.049988447826088134
P1,79,51,35.474250243043464,0.06749475652173942
P1,67,40,35.575828969689425,0.04768440223602255
P1,70,40,35.65581149080744,0.06409498490683063
P1,74,40,35.752575085838494,0.04735749819875679
P1,79,40,35.83223070291924,0.06411677850931596
P1,67,32,35.92908147236023,0.05082524795031418
P1,70,32,36.015084981925455,0.0698105718012414
P1,74,32,36.102935687888184,0.06912219826087096
P1,79,32,36.207236147763965,0.05236386310559027
P1,67,64,36.295632805155265,0.06359763068323332
P1,70,64,36.391506761117995,0.04807668708075141
P1,74,64,36.472186677515516,0.06346297043477733
P1,79,64,36.56794776683228,0.04807668708074431
P1,67,51,36.64875844484471,0.06522937714285604
P1,70,51,36.74723636397514,0.04952483701863741
P1,74,51,36.83041384409937,0.06532968074534296
P1,79,51,36.912468821118004,0.06586848223602004
P1,67,40,37.011832796024834,0.06715246869565306
P1,70,40,37.09614650819875,0.06767879130434551
P1,74,40,37.198308816894404,0.04998844782608103
P1,79,40,37.28238970819875,0.06765578695652152
P1,67,32,37.38459802559005,0.04991943478260907
P1,70,32,37.468609903850925,0.06767879130434551
P1,74,32,37.57068019515527,0.05008046521739118
P1,79,32,37.654853103850925,0.06765578695652152
P1,67,64,37.740797347329185,0.06296776906832235
P1,70,64,37.83606323527949,0.06411677850932307
P1,75,64,37.916721358074525,0.06348476403726266
P1,79,64,38.01248244739129,0.04807668708074431
P1,67,51,38.09329312540372,0.06639539453415466
P1,70,51,38.19378096341614,0.05074759130434359
P1,75,51,38.278989067763966,0.06691964782608295
P1,79,51,38.380001159068314,0.050563556521737496
P1,67,40,38.46488720254657,0.0656872159006241
P1,70,40,38.54732216478259,0.06604808273291951
P1,75,40,38.64700044055899,0.06530723068323141
P1,79,40,38.72905541757763,0.06604808273291951
P1,67,32,38.82882349360247,0.0498157833540418
P1,70,32,38.91273172043477,0.06767879130434551
P1,75,32,39.01480201173912,0.05005746086956009
P1,79,32,39.098951916086946,0.06767879130434551
P1,67,64,39.20155130739129,0.04955136521738979
P1,70,64,39.285195116086946,0.06767879130434551
P1,75,64,39.38726540739129,0.050057460869567194
P1,79,64,39.47141531173912,0.06767879130434551
P1,67,51,39.556715433478246,0.06366516360248653
P1,70,51,39.65267871596272,0.04807668708074431
P1,75,51,39.73342401316769,0.06339758962732844
P1,79,51,39.829119721677,0.047902338260875865
P1,67,40,39.90954074068322,0.06564398161490459
P1,70,40,40.008433264285706,0.04954728708074185
P1,75,40,40.09161074440993,0.06530723068323141
P1,79,40,40.190188967142845,0.04952483701863741
P1,67,32,40.27343379745341,0.06676998472050144
P1,70,32,40.357365025652165,0.0677017956521766
P1,75,32,40.45945832130434,0.050057460869567194
P1,79,32,40.543608225652164,0.06765578695652152
P1,67,64,40.6463686473913,0.049367330434783696
P1,72,64,40.72989743434782,0.06760977826086645
P1,75,64,40.83180669521738,0.05017248260870133
P1,79,64,40.91607162130434,0.06765578695652152
P1,67,51,41.01823337869565,0.04871663478260757
P1,72,51,41.100310805776395,0.06595828248447333
P1,75,51,41.18330868540372,0.06537458086956605
P1,79,51,41.28197670838509,0.0658460321739156
P1,67,40,41.36479498751552,0.06564398161490459
P1,72,40,41.46377731136646,0.049435036770184126
P1,75,40,41.546797641055896,0.06537458086956605
P1,79,40,41.64546566403726,0.04950238695652587
P1,67,32,41.72868804428571,0.06659400049689879
P1,72,32,41.82944350130435,0.05065557391304054
P1,75,32,41.914421562173914,0.06710368260869615
P1,79,32,41.99866348391304,0.0677017956521766
P1,67,64,42.101101844782605,0.06511487565217777
P1,72,64,42.18303181695652,0.06595828248447333
P1,75,64,42.282485592111804,0.048941135403723024
P1,79,64,42.36469771956522,0.06604808273291951
P1,67,51,42.4645331457764,0.0496772059627375
P1,72,51,42.5483948126087,0.06758677391304246
P1,75,51,42.65030407347827,0.05014947826087024
P1,79,51,42.734545995217395,0.06749475652173942
P1,67,40,42.81943203869566,0.06403081204968686
P1,72,40,42.91584814403727,0.06402960409938174
P1,75,40,42.996353711614915,0.06355014484471866
P1,79,40,43.092201975341624,0.04807668708074431
P1,67,32,43.1730780341615,0.06632517074533695
P1,72,32,43.27356466142858,0.05065557391304054
P1,75,32,43.35861173534162,0.06703466956521709
P1,79,32,43.45971584403727,0.05072458695652671
P1,67,64,43.54531502229814,0.06652857391304678
P1,72,64,43.64602805708075,0.05047153913043445
P1,75,64,43.73059203968945,0.06749475652173942
P1,79,64,43.81522503534162,0.06749475652173942
P1,67,51,43.91704227881988,0.04923713590062562
P1,72,51,43.99961775695653,0.0658011320496854
P1,75,51,44.09868988105591,0.049345236521737945
P1,79,51,44.181283659565224,0.06586848223602715
P1,67,40,44.28064763447206,0.049120735900615387
P1,72,40,44.363106712608705,0.0658011320496854
P1,75,40,44.46215638664597,0.04936768658384949
P1,79,40,44.5447726152174,0.06586848223602715
P1,67,32,44.627613344409944,0.0656439816149117
P1,72,32,44.72659566826088,0.049255436273291764
P1,75,32,44.809122096583856,0.06586848223602715
P1,79,32,44.90826157086957,0.04952483701863741
P1,72,64,44.991686001677024,0.06506028000000441
P1,74,64,45.089994823664604,0.049345236521737945
P1,78,64,45.172611052236036,0.06586848223602004
P1,81,64,45.27175052652175,0.049345236521737945
P1,72,51,45.354523905527955,0.06723866459627459
P1,74,51,45.43892381360249,0.0675177608695634
P1,78,51,45.54051101360249,0.06749475652173942
P1,81,51,45.62516701360249,0.06749475652173942
P1,72,40,45.72689223968945,0.05040252608695539
P1,74,40,45.81141021360249,0.06747175217391543
P1,78,40,45.912974409254666,0.050563556521737496
P1,81,40,45.99763040925467,0.06749475652173942
P1,72,32,46.099323486770196,0.04918808608695713
P1,74,32,46.18178256490684,0.06586848223602715
P1,78,32,46.26439879347827,0.06586848223602715
P1,81,32,46.363515817701874,0.06604808273291951
P1,67,64,46.44777090080746,0.06425207776397457
P1,70,64,46.54527152055902,0.04952483701863031
P1,74,64,46.628359200434794,0.06537458086956605
P1,79,64,46.72700477335405,0.04952483701863741
P1,67,51,46.81024960366461,0.06659122906832238
P1,70,51,46.91095628055902,0.0507245869565196
P1,74,51,46.99614138055902,0.06691964782609006
P1,79,51,47.08022227186337,0.06749475652173942
P1,67,40,47.18203951534163,0.06573876447205151
P1,70,40,47.264526026149085,0.06604808273291951
P1,74,40,47.36420430192548,0.04878398496894221
P1,79,40,47.44625927894412,0.06604808273291951
P1,67,32,47.54602735496896,0.049764789068319715
P1,70,32,47.62988458751555,0.06765578695652152
P1,74,32,47.73195487881989,0.050057460869567194
P1,79,32,47.816104783167724,0.0677017956521695
P1,67,64,47.91810727701865,0.0469434197515568
P1,70,64,47.99732702204971,0.0641385721118013
P1,74,64,48.07798514484474,0.06348476403726977
P1,79,64,48.17376802776399,0.04807668708074431
P1,67,51,48.25461546751555,0.06523988049689677
P1,70,51,48.35310389000002,0.04952483701863031
P1,74,51,48.43628137012424,0.06532968074534296
P1,79,51,48.53488204291928,0.0493227864596264
P1,67,40,48.617700322049714,0.06719293155279615
P1,70,40,48.71898569708077,0.05074759130435069
P1,74,40,48.80421680577642,0.06691964782609006
P1,79,40,48.888297697080766,0.06765578695652152
P1,67,32,48.990506014472075,0.04991943478260907
P1,70,32,49.07451789273294,0.06767879130434551
P1,74,32,49.17658818403729,0.05008046521739118
P1,79,32,49.26073808838512,0.06767879130434551
P1,67,64,49.3636365362112,0.04925230869564956
P1,70,64,49.44698128838512,0.06767879130434551
P1,75,64,49.54905157968946,0.05008046521739118
P1,79,64,49.63320148403729,0.06767879130434551
P1,67,51,49.718501605776424,0.06369906465837971
P1,70,51,49.814498789316794,0.06409498490683063
P1,75,51,49.89522229291928,0.06339758962732844
P1,79,51,49.9909180014286,0.04790233826086876
P1,67,40,50.071336394596294,0.06564004285714731
P1,70,40,50.17024742950313,0.04950238695652587
P1,75,40,50.253402459565244,0.06530723068323141
P1,79,40,50.35198068229816,0.04952483701863031
P1,67,32,50.435225512608724,0.06826551527950642
P1,70,32,50.52119884378885,0.0698105718012414
P1,75,32,50.62651999546587,0.06912219826086385
P1,79,32,50.713350009627355,0.06983430881987829
P1,67,64,50.81921711273295,0.048645712049690815
P1,70,64,50.901111366770216,0.06604808273291951
P1,75,64,51.00072229236028,0.04887378521738839
P1,79,64,51.082867069627355,0.06604808273291951
P1,67,51,51.182635145652206,0.048694184720496025
P1,70,51,51.2646227724845,0.06602563267080797
P1,75,51,51.34780025260872,0.06528478062111986
P1,79,51,51.446356025279535,0.06586848223602004
P1,67,40,51.52914620708078,0.06370270006210887
P1,70,40,51.62514702602488,0.04807668708074431
P1,75,40,51.70589232322985,0.06339758962732844
P1,79,40,51.80158803173916,0.04805489347826608
P1,67,32,51.8823769161491,0.06681189093167461
P1,70,32,51.98328125055904,0.05074759130434359
P1,75,32,52.06842034186338,0.0670116652173931
P1,79,32,52.16950144621121,0.05074759130435069
P1,67,64,52.25535367229816,0.06629853043478562
P1,72,64,52.33888245925469,0.06760977826086645
P1,75,64,52.44079172012425,0.050172482608694224
P1,79,64,52.52503364186338,0.0677017956521766
P1,67,51,52.627264963602514,0.04991943478260907
P1,72,51,52.71134585490686,0.06760977826087355
P1,75,51,52.81334713316773,0.050057460869567194
P1,79,51,52.897497037515556,0.06749475652173942
P1,67,40,52.99930707527953,0.04912073590062249
P1,72,40,53.08176615341618,0.06598073254658487
P1,75,40,53.16478648310562,0.06537458086956605
P1,79,40,53.263432056024875,0.04952483701863741
P1,67,32,53.34667688633544,0.06523988049688967
P1,72,32,53.445255109068356,0.049435036770184126
P1,75,32,53.52818563850935,0.06546438111801223
P1,79,32,53.62692101167705,0.04952483701863741
P1,67,64,53.710367892546614,0.06503782993789287
P1,72,64,53.80874406472053,0.049435036770184126
P1,75,64,53.89167459416152,0.06548683118012377
P1,79,64,53.97388672161494,0.06604808273291951
P1,67,51,54.07372214782612,0.06664886881987542
P1,72,51,54.15762427751556,0.06758677391304246
P1,75,51,54.25953353838512,0.05014947826087024
P1,79,51,54.343775460124256,0.06749475652173942
P1,67,40,54.44551704211183,0.04912073590062249
P1,72,40,54.527998570310594,0.06595828248447333
P1,75,40,54.62745234546587,0.04894113540373013
P1,79,40,54.709664472919286,0.06602563267080797
P1,67,32,54.792999103478294,0.06512763018633194
P1,72,32,54.891487525962766,0.06595828248447333
P1,75,32,54.974507855652206,0.06537458086956605
P1,79,32,55.07313097850935,0.04952483701863741
P1,67,64,55.15669010968947,0.06629577391304764
P1,72,64,55.25714734012426,0.050494543478258436
P1,75,64,55.34173432708078,0.06749475652173942
P1,79,64,55.44329852273295,0.0505635565217446
P1,67,51,55.528184566211216,0.06571991875776462
P1,72,51,55.61071958149072,0.06580113204969251
P1,75,51,55.70976925552799,0.0658909322981387
P1,79,51,55.79238548409942,0.06586848223602004
P1,67,40,55.89174945900625,0.05018773590062153
P1,72,40,55.976098651428615,0.06742574347826036
P1,75,40,56.07759383403731,0.050563556521737496
P1,79,40,56.16224983403731,0.06749475652173942
P1,67,32,56.26403825465843,0.04914318596273404
P1,72,32,56.346497332795074,0.06577868198758097
P1,75,32,56.44554700683234,0.049345236521737945
P1,79,32,56.528163235403774,0.06604808273291951
P1,72,64,56.61158766621122,0.06506028000000441
P1,74,64,56.7098964881988,0.049345236521737945
P1,78,64,56.79251271677023,0.06586848223602004
P1,81,64,56.89165219105595,0.049345236521737945
P1,72,51,56.97440312000005,0.06571133180123923
P1,74,51,57.073385443850974,0.049345236521737945
P1,78,51,57.156001672422406,0.06586848223602715
P1,81,51,57.25514114670812,0.04950238695651876
P1,72,40,57.33813902633545,0.06698478683229325
P1,74,40,57.422285056646004,0.06767879130434551
P1,78,40,57.524286334906876,0.05014947826087024
P1,81,40,57.608528256646004,0.06765578695652152
P1,72,32,57.71073657403731,0.04994243913043306
P1,74,32,57.79474845229818,0.06767879130434551
P1,78,32,57.89674973055905,0.050149478260863134
P1,81,32,57.980968647950355,0.06767879130434551
P1,79,64,58.083477409068365,0.04842478397515748
P1,82,64,58.16517318509321,0.06586848223602715
P1,86,64,58.247856763850976,0.06577868198758097
P1,91,64,58.346906437888244,0.06586848223602715
P1,79,51,58.42972878621123,0.0637244936645942
P1,82,51,58.52575139875781,0.04790233826086876
P1,86,51,58.60601723670812,0.06387704888199153
P1,91,51,58.70217061086961,0.04792413186335409
P1,79,40,58.78258900403731,0.0671460599999989
P1,82,40,58.88382750751557,0.0505635565217446
P1,86,40,58.96855252055905,0.06742574347826036
P1,91,40,59.05311650316774,0.06749475652173942
P1,79,32,59.15493374664601,0.06726471304347825
P1,82,32,59.23933669881992,0.06749475652173942
P1,86,32,59.34101591621123,0.05047153913043445
P1,91,32,59.42557989881992,0.06767879130434551
P1,79,64,59.52779570354042,0.04867173465838448
P1,82,64,59.60971598018638,0.06586848223602715
P1,86,64,59.708922804658435,0.049300336397514855
P1,91,64,59.791471683043525,0.06586848223602715
P1,79,51,59.87423954521744,0.06370270006210887
P1,82,51,59.97024036416154,0.06394242968944042
P1,86,51,60.05050620211185,0.06387704888199153
P1,91,51,60.14668136987582,0.04790233826086876
P1,79,40,60.22707796944104,0.06726834546584115
P1,82,40,60.328415754037316,0.05058656086956148
P1,86,40,60.41314076708079,0.06742574347826036
P1,91,40,60.514658954037316,0.05054055217391351
P1,79,32,60.59952199316775,0.06726471304347825
P1,82,32,60.700879149689484,0.0505635565217446
P1,86,32,60.785604162732966,0.06742574347826036
P1,91,32,60.87016814534166,0.06767879130435261
TR,31,51,0.020198757763975155,0.14887309875776397
TR,31,51,0.18623309999999998,0.16905895217391304
TR,43,51,0.37254531304347827,0.1442893862732919
TR,31,51,0.5491981990062111,0.1444044100621118
TR,31,51,0.7263366,0.15095211173913037
TR,31,51,0.9113811552173913,0.15215075652173915
TR,43,51,1.0976933682608696,0.14839768198757763
TR,31,51,1.2794518425465837,0.14875411155279505
TR,31,51,1.4624422988198758,0.1507519285714285
TR,31,51,1.647263666521739,0.15215075652173904
TR,43,51,1.8335758795652173,0.15205873913043488
TR,31,51,2.0028878795652174,0.15221976956521743
TR,31,51,2.18929211,0.14450732192546578
TR,31,51,2.3665334228571426,0.14368522118012406
TR,43,51,2.5431051901863353,0.15113735763975145
TR,31,51,2.728864091304348,0.151598652173913
TR,29,51,2.9154506936645963,0.14724995739130442
TR,29,51,3.09597164310559,0.14848471080745318
TR,41,51,3.2777722460869563,0.15232980869565216
TR,29,51,3.4647235982608695,0.1512535869565217
TR,29,51,3.633138428695652,0.16037427602484478
TR,29,51,3.8097489385714285,0.1444915844720498
TR,41,51,3.9871270691925464,0.15084677559006243
TR,29,51,4.172158305652174,0.15242680869565195
TR,29,51,4.359574727391305,0.15086251304347797
TR,29,51,4.544529683913043,0.15215075652173926
TR,41,51,4.730841896956521,0.14844590484472064
TR,29,51,4.912626144037267,0.1485745110559007
TR,29,51,5.094538997329193,0.1519647891925464
TR,29,51,5.280826273478261,0.15192071304347898
TR,41,51,5.4502072865217395,0.14405571055900612
TR,29,51,5.626844432795031,0.14401212521739115
TR,27,51,5.804004627391305,0.15055498391304312
TR,27,51,5.988652054782609,0.1521277521739126
TR,39,51,6.174941263478261,0.14842290347826026
TR,27,51,6.356702509192546,0.14875411155279483
TR,27,51,6.539154163975155,0.15126495428571474
TR,27,51,6.7245115617391304,0.15215075652173926
TR,39,51,6.9108237747826085,0.15205873913043533
TR,27,51,7.080135774782608,0.16933500434782633
TR,27,51,7.267552196521739,0.1431742803105589
TR,27,51,7.443002802111801,0.1441428868322987
TR,39,51,7.619557110186335,0.14839491055900655
TR,27,51,7.801290362981367,0.1485745110558998
TR,27,51,7.983360366708074,0.15208313068322976
TR,27,51,8.169973023478262,0.15169066956521604
TR,39,51,8.356285236521739,0.151598652173913
TR,27,51,8.542528436521739,0.151598652173913
TR,38,51,8.712921640869565,0.1583789514906826
TR,38,51,8.887558619813664,0.14412109322981514
TR,50,51,9.064065006335404,0.15208174627329107
TR,38,51,9.250837309130436,0.15118457391304396
TR,38,51,9.436076910745342,0.14848471080745362
TR,38,51,9.617810163540373,0.1488439118012419
TR,50,51,9.80050876900621,0.15115242534161588
TR,38,51,9.985822650869565,0.15240380434782708
TR,38,51,10.173308085652174,0.1507935000000007
TR,38,51,10.358194029130436,0.15215075652173837
TR,50,51,10.527575042173913,0.14430149372670975
TR,38,51,10.704240035590063,0.14423006124223647
TR,38,51,10.88083359652174,0.15187591826087044
TR,38,51,11.067239040869566,0.15169066956521782
TR,50,51,11.25364327130435,0.15152963913043394
TR,38,51,11.439794453913045,0.151598652173913
TR,31,51,11.627256884347828,0.1464251236024836
TR,31,51,11.806930549937888,0.14848471080745362
TR,43,51,11.988753602981367,0.1519107448447219
TR,31,51,12.157917608695653,0.16935800869565298
TR,31,51,12.344896947826088,0.14359562304347762
TR,31,51,12.520790689751554,0.1441428868322987
TR,43,51,12.697341715527951,0.14839491055900567
TR,31,51,12.879097418385093,0.14873166149068417
TR,31,51,13.062087874658385,0.1507693870807465
TR,31,51,13.246949705217393,0.15215075652173837
TR,43,51,13.43326191826087,0.1520817434782611
TR,31,51,13.619482113913044,0.1522427739130432
TR,31,51,13.805809852919255,0.14859696111801135
TR,31,51,13.971581111552796,0.1480357095652174
TR,43,51,14.15349396484472,0.1478785591304348
TR,31,51,14.335159867453417,0.14794590931676943
TR,29,51,14.517252321242236,0.15068320310559002
TR,29,51,14.702004963478261,0.15215075652173837
TR,41,51,14.888340180869566,0.14878764434782532
TR,29,51,15.070915168695652,0.1476091583850927
TR,29,51,15.251817769192547,0.15197726211180118
TR,29,51,15.437910479130435,0.15251882608695588
TR,41,51,15.608165657391304,0.15945046931676998
TR,29,51,15.783961328571428,0.14438261645962847
TR,29,51,15.961513808012421,0.1505210828571446
TR,29,51,16.146127334347828,0.15215075652173837
TR,41,51,16.332439547391303,0.1484054419875811
TR,29,51,16.51418333161491,0.14859696111801313
TR,29,51,16.696096184906832,0.15200580633540284
TR,29,51,16.882424478198757,0.15189770869565322
TR,41,51,17.06871368689441,0.1518517000000017
TR,29,51,17.23802568689441,0.16894393043478217
TR,27,51,17.425028030372673,0.14318638776397563
TR,27,51,17.600512537018634,0.14412109322981337
TR,39,51,17.777038486894412,0.1484173606211172
TR,27,51,17.958794189751554,0.14875411155279394
TR,27,51,18.14124584453416,0.15132842149068182
TR,27,51,18.326643705155277,0.15215075652174193
TR,39,51,18.512978922546584,0.1520357347826078
TR,27,51,18.699199118198756,0.15240380434782708
TR,27,51,18.886615539937885,0.15086251304348153
TR,27,51,19.054639296459627,0.15215075652173837
TR,39,51,19.24097451385093,0.14441167155279544
TR,27,51,19.41772789149068,0.14423006124223647
TR,27,51,19.594496327267077,0.1484398106832323
TR,27,51,19.776633681180122,0.1480357095652174
TR,39,51,19.95847918428571,0.15153684782608678
TR,27,51,20.144660579937884,0.151598652173913
TR,38,51,20.33198498428571,0.1501493782608705
TR,38,51,20.516203801677015,0.15215075652173837
TR,50,51,20.685584814720492,0.16070239024844568
TR,38,51,20.863133659689435,0.1432275555279503
TR,38,51,21.03863754049689,0.1517366816149064
TR,38,51,21.22444366124223,0.15249582173913012
TR,50,51,21.41164472956521,0.14751935813664474
TR,38,51,21.592524879999992,0.1487541115527975
TR,38,51,21.776390888695644,0.15009644248447174
TR,38,51,21.960326726832292,0.15215075652173837
TR,50,51,22.146638939875768,0.15205873913043533
TR,38,51,22.332882139875768,0.15205873913043533
TR,38,51,22.502102122484466,0.14443467627329198
TR,38,51,22.678834917639744,0.14412109322981337
TR,50,51,22.855380035279495,0.14839491055900567
TR,38,51,23.037113288074526,0.1487541115527975
TR,27,51,23.22083323204968,0.150218391304346
TR,27,51,23.40537411031055,0.1519207130434772
TR,39,51,23.591709327701857,0.15180569130434662
TR,27,51,23.77792952335403,0.1520127304347838
TR,27,51,23.96463281031055,0.15152963913043394
TR,27,51,24.133875797267073,0.16850684782608738
TR,39,51,24.320165005962725,0.1438704640993791
TR,27,51,24.49692201621117,0.14353266596273428
TR,29,51,24.673559164347818,0.15065910987577524
TR,29,51,24.858540761180112,0.15189770869565322
TR,41,51,25.04485297422359,0.14824440857142918
TR,29,51,25.2267275758385,0.14826021018633284
TR,29,51,25.40886492975154,0.1512358557763953
TR,29,51,25.594400268136635,0.1519207130434772
TR,41,51,25.763873298571415,0.1600497931055891
TR,29,51,25.94046443596272,0.14401212521739026
TR,38,51,26.117537456149055,0.15078018459627174
TR,38,51,26.30264012770185,0.1519207130434772
TR,50,51,26.48895234074533,0.1481765070807448
TR,38,51,26.670714140745325,0.14835001043478258
TR,38,51,26.852918844844705,0.15146534198757777
TR,38,51,27.039005730310542,0.15162165652174053
TR,50,51,27.225340947701845,0.15150663478260995
TR,38,51,27.41156114335402,0.15150663478260995
TR,31,51,27.580896147701846,0.1436028875155273
TR,31,51,27.757015090124206,0.1439031572049707
TR,43,51,27.933521476645947,0.15138193062111682
TR,31,51,28.119386924658365,0.15192071304348076
TR,31,51,28.30602119857141,0.14771725006211156
TR,31,51,28.48723394130433,0.14823776012422485
TR,43,51,28.669124344534143,0.15166157403726288
TR,31,51,28.855177418571408,0.1520127304347838
TR,36,51,29.042087744658364,0.15113856521739066
TR,36,51,29.210640601180103,0.1688289086956516
TR,48,51,29.396929809875754,0.1441852603105609
TR,36,51,29.573718299503085,0.14401212521739026
TR,36,51,29.750470193354015,0.1480357095652174
TR,36,51,29.932225896211158,0.14801325950310584
TR,48,51,30.114048949254638,0.1515543093167686
TR,36,51,30.300224802049666,0.151598652173913
TR,29,51,30.486583023788796,0.15129959565217277
TR,29,51,30.67220510639749,0.15189770869565322
TR,41,51,30.85846687944097,0.14817040993788666
TR,29,51,31.023766686770163,0.1482602101863364
TR,29,51,31.205746890248424,0.14785610906832147
TR,29,51,31.387098491987555,0.1482377601242213
TR,41,51,31.568988895217366,0.14808060968944403
TR,29,51,31.750654797826062,0.14835001043478258
TR,34,51,31.93299420229811,0.15114383540372955
TR,34,51,32.11846052465836,0.15192071304348076
TR,46,51,32.30486475509314,0.15192071304348076
TR,34,51,32.49140701161488,0.15143762173913444
TR,34,51,32.660235920310534,0.16024593496894113
TR,34,51,32.83695781875774,0.1440775060248427
TR,46,51,33.0138564901242,0.15098359204969114
TR,34,51,33.19932359956519,0.15192071304348076
TR,38,51,33.38600388217389,0.14767401279503645
TR,38,51,33.56717338763973,0.14823776012422485
TR,50,51,33.74908624093165,0.15163635254658914
TR,38,51,33.93511409347824,0.1518286956521706
TR,38,51,34.12119543608694,0.1482602101863293
TR,38,51,34.2864278932298,0.16476100583850695
TR,50,51,34.46825094627327,0.14814795987577867
TR,38,51,34.64998419906831,0.14835001043478258
TR,31,51,34.83342365658383,1.4264374614906856
TR,31,51,36.47264434316769,0.14361984037267206
TR,31,51,36.64921939279502,0.3293648612422402
TR,31,51,37.01230424732918,0.06695706956521974
TR,31,51,37.09665260385092,0.06742574347826036
TR,31,51,37.19879190819875,0.04975840434782697
TR,31,51,37.282872799503096,0.06744874782608434
TR,31,51,37.38510412124223,0.04968939130434791
TR,31,51,37.469115999503096,0.06742574347826036
TR,31,51,37.57118629080745,0.04982741739129892
TR,31,51,37.65533619515527,0.06744874782608434
TR,27,51,37.74134945167701,1.425534303540367
TR,27,51,39.38774849869564,0.15159865217390944
TR,27,51,39.5571985247826,0.32006326478260405
TR,27,51,39.91001219198757,0.06544193105590068
TR,27,51,40.00892716565217,0.049300336397514855
TR,27,51,40.09210464577639,0.0650602799999973
TR,27,51,40.190660418447195,0.0493227864596264
TR,27,51,40.27390524875776,0.06657458559006102
TR,27,51,40.35787112130434,0.06744874782608434
TR,27,51,40.459941412608686,0.04982741739130603
TR,27,51,40.54409131695652,0.06744874782608434
TR,36,51,40.646920751739124,1.4196975756521795
TR,33,51,42.282979493478265,0.1480132595031023
TR,33,51,42.46500459708075,0.33728920248447025
TR,33,51,42.81993813434783,0.06378623962733343
TR,33,51,42.91630580968945,0.06383346167702086
TR,33,51,42.996811377267086,0.06333220881987955
TR,33,51,43.092659640993794,0.04788054465838343
TR,33,51,43.17353569981367,0.06612055291925856
TR,33,51,43.274047752732926,0.050448534782610466
TR,33,51,43.359117830993796,0.06678162173913194
TR,33,51,43.46019893534162,0.05051754782608242
TR,38,51,43.54618918751553,0.15058646086956884
TR,38,51,43.731075130993794,0.15192071304348076
TR,50,51,43.917617387515534,0.14804845217391716
TR,38,51,44.099228682546595,0.14819285999999465
TR,38,51,44.281141535838515,0.1480132595031094
TR,38,51,44.46265028801243,0.1482602101863293
TR,50,51,44.62817459596274,0.14794590931676765
TR,38,51,44.80968334813665,0.14835001043478258
TR,38,51,44.992516653975166,0.14709280695652183
TR,38,51,45.17310495360249,0.14823776012422485
TR,50,51,45.35508515708075,0.15163246956522158
TR,38,51,45.54108612229815,0.1518286956521706
TR,38,51,45.72739833534162,0.15175968260869865
TR,38,51,45.91345750055901,0.15192071304348076
TR,50,51,46.09988473832299,0.1480132595031023
TR,38,51,46.26496004503107,0.16487325614906467
TR,31,51,46.44862400316771,1.43543562347827
TR,31,51,48.078464604099395,0.14361984037267206
TR,31,51,48.2550869188199,0.3293648612422331
TR,31,51,48.61817177335406,0.06699753242236284
TR,31,51,48.719491792732946,0.050494543478258436
TR,31,51,48.804699897080766,0.06668960434782889
TR,31,51,48.88878078838512,0.06744874782608434
TR,31,51,48.991012110124245,0.04968939130434791
TR,31,51,49.07502398838512,0.06742574347826036
TR,31,51,49.17709427968946,0.04982741739130603
TR,31,51,49.26124418403729,0.06744874782609145
TR,27,51,49.364165636211204,1.4192797894409992
TR,27,51,51.001216193726734,0.1479683593788863
TR,27,51,51.18310659695655,0.3293648612422402
TR,27,51,51.52960387273295,0.0635065576397551
TR,27,51,51.62562648527953,0.04783695745341987
TR,27,51,51.70634998888202,0.06317965360248223
TR,27,51,51.802045697391335,0.0478587510558981
TR,27,51,51.882856375403755,0.06660848385093487
TR,27,51,51.983764341863385,0.05051754782608242
TR,27,51,52.06892643751556,0.06675861739130085
TR,27,51,52.170007541863384,0.050517547826089526
TR,36,51,52.255882772298165,1.4208100270807478
TR,33,51,53.89214604546587,0.14803570956521384
TR,33,51,54.07419359913047,0.33732966534161335
TR,33,51,54.44601094347829,0.04889623527950704
TR,33,51,54.52847002161494,0.06573378186335077
TR,33,51,54.62792379677022,0.04871663478260757
TR,33,51,54.710135924223636,0.06582358211180406
TR,33,51,54.793470554782644,0.06492557962732803
TR,33,51,54.89198142732923,0.06571133180123923
TR,33,51,54.974979306956556,0.06515008024844349
TR,33,51,55.07362487987581,0.049300336397514855
TR,38,51,55.15752076198761,0.1503971737888179
TR,38,51,55.34221741838513,0.15192071304347365
TR,50,51,55.528759674906865,0.14800798931677406
TR,38,51,55.71033050708078,0.14819286000000176
TR,38,51,55.8922209103106,0.15155653242236156
TR,38,51,56.07809992968948,0.15189770869565677
TR,50,51,56.264599506211226,0.14794590931676765
TR,38,51,56.44610825838514,0.14835001043478258
TR,38,51,56.61241831850936,0.14709280695652183
TR,38,51,56.793006618136694,0.14823776012421774
TR,50,51,56.974964371552836,0.14803570956522094
TR,38,51,57.1565629239752,0.14835001043478258
TR,38,51,57.33863292770191,0.151583968074533
TR,38,51,57.52476942621122,0.1516906695652196
TR,50,51,57.71131168273296,0.15139161304347937
TR,38,51,57.89730183490688,0.15162165652173343
TR,31,51,58.08430806136651,0.1469805566459641
TR,31,51,58.24835066521744,0.1646936556521723
TR,43,51,58.43027362627334,0.14361984037266495
TR,31,51,58.60656207677023,0.14377239559006227
TR,31,51,58.78304666968948,0.1515974421739159
TR,31,51,58.9690356118634,0.15182869565217771
TR,43,51,59.15550885534166,0.15159865217391655
TR,31,51,59.341591024906876,0.15192071304348076
TR,31,51,59.528648805900666,0.14720505726708666
TR,31,51,59.70941670602489,0.1481704099378902
TR,43,51,59.874784385279554,0.1596599318012366
TR,31,51,60.05105104217396,0.1437941891925476
TR,31,51,60.22756469316775,0.1516906695652125
TR,31,51,60.41364686273297,0.1518286956521706
TR,43,51,60.6000971018634,0.15159865217391655
TR,31,51,60.786179271428615,0.15194371739130474
TR,31,51,60.97306659316775,0.15093152608695704
TR,31,51,61.15806755838514,0.15215075652173482
TR,43,51,61.344355382857195,0.14839491055900567
TR,31,51,61.526111085714334,0.14839491055900567
TR,31,51,61.69121369857148,0.14412109322981337
TR,31,51,61.86763291068328,0.14416468043478403
TR,43,51,62.04413929720502,0.15198367291925052
TR,31,51,62.23028442664601,0.15208174347826287
TR,31,51,62.416803678819925,0.15178268695652264
TR,31,51,62.602678809254705,0.15212775217391794
TR,43,51,62.78892062801248,0.14839491055900567
TR,31,51,62.970653880807504,0.1484173606211172
TR,31,51,63.1523197834162,0.1521490936645975
TR,31,51,63.32160711621123,0.16908195652173674
TR,43,51,63.50789511434788,0.14405571242235737
TR,31,51,63.68433612006216,0.14440441006211557
TR,31,51,63.863632087701916,0.15296188900620677
TR,31,51,64.05177223832304,0.15699664124223034
TR,31,80,0.02251115652173913,0.14681374782608694
TR,31,80,0.18671619130434783,0.1688519130434782
TR,43,80,0.3731204217391304,0.14397580080745342
TR,31,80,0.5497430390683229,0.14409929962732926
TR,31,80,0.7267942656521739,0.15077049826086963
TR,31,80,0.9118872508695652,0.1519207130434781
TR,43,80,1.098257391242236,0.1481030597515527
TR,31,80,1.2800130940993788,0.14843981068322987
TR,31,80,1.4632729511180123,0.15017432409937892
TR,31,80,1.647746757826087,0.1519207130434781
TR,43,80,1.8341509882608693,0.15175968260869577
TR,31,80,2.0034399839130432,0.1519437173913043
TR,31,80,2.1897752013043474,0.14426396024844745
TR,31,80,2.3669910885093164,0.14348907875776407
TR,43,80,2.543650030248447,0.15084556540372684
TR,31,80,2.7294392,0.1512995956521741
TR,29,80,2.916281345962733,0.14666625577639758
TR,29,80,3.096443094409938,0.14826021018633506
TR,41,80,3.2783334976397516,0.15204460931677
TR,29,80,3.4652987069565215,0.1509315260869566
TR,29,80,3.6336215199999997,0.16013091434782645
TR,29,80,3.8102283978260867,0.14425185484472047
TR,41,80,3.987650115652174,0.1505997813043476
TR,29,80,4.172733414347826,0.15210474782608685
TR,29,80,4.3604258882608695,0.15028740434782595
TR,29,80,4.545012775217391,0.1519207130434781
TR,41,80,4.731417005652174,0.14814019689440983
TR,29,80,4.913187395590062,0.14828266024844705
TR,29,80,5.095032898695652,0.151723935652174
TR,29,80,5.281309364782609,0.15169066956521782
TR,41,80,5.4507823952173915,0.14372033149068297
TR,29,80,5.627389272857143,0.1437288083850934
TR,27,80,5.804832784285715,0.1499798748447203
TR,27,80,5.989158150434783,0.15189770869565233
TR,39,80,6.175508057888198,0.1481030597515529
TR,27,80,6.357263760745341,0.14846226074534208
TR,27,80,6.5396480653416145,0.1510471050931681
TR,27,80,6.725017657391304,0.15189770869565233
TR,39,80,6.9113988834782605,0.151759682608696
TR,27,80,7.080710883478261,0.169035947826087
TR,27,80,7.268403357391304,0.14256284906832306
TR,27,80,7.443460467763975,0.14392495080745338
TR,39,80,7.62011836173913,0.1481030597515529
TR,27,80,7.801851614534161,0.14828266024844705
TR,27,80,7.983854268074534,0.15184227714285647
TR,27,80,8.170479119130436,0.15146062608695665
TR,39,80,8.356860345217392,0.15129959565217277
TR,27,80,8.543103545217392,0.151276591304347
TR,38,80,8.71377280173913,0.15776752024844676
TR,38,80,8.888016285465838,0.14392495080745427
TR,50,80,9.064588052795031,0.15181174763975136
TR,38,80,9.251412417826087,0.15086251304347975
TR,38,80,9.43654836204969,0.14826021018633462
TR,38,80,9.618304064906832,0.14859696111801313
TR,50,80,9.801070020559006,0.15084422161490707
TR,38,80,9.986397759565218,0.15210474782608685
TR,38,80,10.17415924652174,0.15021839130434778
TR,38,80,10.358677120434782,0.15192071304347898
TR,50,80,10.528150150869566,0.1439661146583866
TR,38,80,10.704784875652175,0.14394674440993782
TR,38,80,10.881313055776399,0.15164950683229783
TR,38,80,11.06774513652174,0.15146062608695665
TR,50,80,11.254218380000001,0.15120757826086972
TR,38,80,11.440369562608698,0.151276591304347
TR,31,80,11.628315084347827,0.14561387428571493
TR,31,80,11.80742445130435,0.14826021018633462
TR,43,80,11.989314854534163,0.15162554546583884
TR,31,80,12.158492717391306,0.16905895217391276
TR,31,80,12.345380039130436,0.14337405496894284
TR,31,80,12.521270149006211,0.14390315720496893
TR,43,80,12.697902967080745,0.1481030597515538
TR,31,80,12.87965866993789,0.14843981068322876
TR,31,80,13.06296093130435,0.15017238260869448
TR,31,80,13.24743279652174,0.1519207130434772
TR,43,80,13.433837026956523,0.1517596826086951
TR,31,80,13.620057222608697,0.15194371739130474
TR,31,80,13.806303754285715,0.14835001043478258
TR,31,80,13.972075012919255,0.14778875888198684
TR,43,80,14.154055216397516,0.1475642582608696
TR,31,80,14.335721119006212,0.14763160844720424
TR,29,80,14.518082973540373,0.15010559863353912
TR,29,80,14.702511059130435,0.15192071304347898
TR,41,80,14.888892285217391,0.14850494074534204
TR,29,80,15.071476420248446,0.1472948575155293
TR,29,80,15.252289220496895,0.1517818629813661
TR,29,80,15.438393570434783,0.15228878260869472
TR,41,80,15.608740766086957,0.1591368838509304
TR,29,80,15.784484375031056,0.14412109322981337
TR,29,80,15.962320171304347,0.149990771739132
TR,29,80,16.146610425652174,0.1519207130434772
TR,41,80,16.33301133037267,0.14808060968944403
TR,29,80,16.514744583167705,0.1482826602484444
TR,29,80,16.696590086273293,0.15176495279503044
TR,29,80,16.882907569503107,0.15169066956521604
TR,41,80,17.06928879559006,0.15152963913043394
TR,29,80,17.238600795590063,0.16862186956521796
TR,27,80,17.425879191242235,0.14257495652174157
TR,27,80,17.60097020267081,0.1439249508074525
TR,39,80,17.777599738447204,0.14810305975155558
TR,27,80,17.95935544130435,0.14843981068322876
TR,27,80,18.141739745900622,0.15108756795030942
TR,27,80,18.32714980080745,0.15189770869565322
TR,39,80,18.513554031242236,0.15173667826086756
TR,27,80,18.69977422689441,0.15210474782608685
TR,27,80,18.88748970515528,0.15026440000000107
TR,27,80,19.055122387763973,0.15192071304348076
TR,39,80,19.24152661819876,0.1440992968322945
TR,27,80,19.418272731552793,0.14394674440993782
TR,27,80,19.594990228633538,0.14819286000000176
TR,27,80,19.77712758254658,0.1477887588819904
TR,39,80,19.959040435838507,0.15125164844720373
TR,27,80,20.145235688633537,0.15129959565217277
TR,38,80,20.332836145155277,0.14955126521739004
TR,38,80,20.51670989732919,0.15189770869565322
TR,50,80,20.686159923416145,0.16038880478260964
TR,38,80,20.863678499751547,0.14294423869565165
TR,38,80,21.039095206149064,0.15153206378881734
TR,38,80,21.224949756894404,0.15226577826086896
TR,50,80,21.412205981118007,0.1472275073291911
TR,38,80,21.593063681490676,0.14846226074534385
TR,38,80,21.777221540993782,0.1495418423602466
TR,38,80,21.960832822484466,0.15189770869564967
TR,50,80,22.14721404857142,0.1517596826086951
TR,38,80,22.333434244223596,0.1517826869565191
TR,38,80,22.502585213788812,0.144213108198759
TR,38,80,22.679292583291918,0.1439249508074525
TR,50,80,22.85594128683229,0.14808060968944048
TR,38,80,23.03767453962732,0.14846226074534385
TR,27,80,23.221799414658378,0.1495282608695625
TR,27,80,23.405880205962724,0.15166766521739206
TR,39,80,23.592284436397506,0.15150663478260995
TR,27,80,23.778504632049682,0.15169066956521604
TR,27,80,23.965138905962725,0.15127659130434878
TR,27,80,24.13435888857142,0.16829980869565375
TR,39,80,24.320740114658378,0.14353508503105417
TR,27,80,24.49746685627328,0.14324934913043563
TR,29,80,24.674365527639743,0.1501057944099351
TR,29,80,24.859046856832286,0.15166766521739206
TR,41,80,25.045428082919244,0.1479162505590068
TR,29,80,25.227288827391295,0.1479683593788792
TR,29,80,25.40933638105589,0.15101745229813446
TR,29,80,25.59490636378881,0.15169066956521604
TR,41,80,25.764448407267068,0.15971441403726772
TR,29,80,25.941009276024833,0.14370701478260628
TR,38,80,26.118365613043466,0.1502280798757738
TR,38,80,26.303146223354023,0.15166766521739206
TR,50,80,26.48951968944098,0.14787855913043657
TR,38,80,26.67125294223601,0.14805815962732893
TR,38,80,26.853412746211166,0.15122448844720182
TR,38,80,27.039511825962716,0.15136860869565183
TR,50,80,27.225916056397498,0.15118457391304574
TR,38,80,27.412136252049674,0.15120757826086972
TR,31,80,27.58177031291924,0.14296845192546215
TR,31,80,27.75747275577638,0.14370701478260983
TR,43,80,27.93406631670806,0.15109013838509
TR,31,80,28.119939029006193,0.15164466086956452
TR,31,80,28.306504289875758,0.14748110944099224
TR,31,80,28.487705392608678,0.1480357095652174
TR,43,80,28.669685596086936,0.1513533703105594
TR,31,80,28.85575252726706,0.15169066956521604
TR,36,80,29.042961909875757,0.1505404521739102
TR,36,80,29.211146696832277,0.16857586086956644
TR,48,80,29.397504918571407,0.1438716748447213
TR,36,80,29.57424134596271,0.1437288083850916
TR,36,80,29.750964094720477,0.14778875888198684
TR,36,80,29.932697347515507,0.14781120894409838
TR,48,80,30.11461020080743,0.15124610559006157
TR,36,80,30.30079991074532,0.15129959565217277
TR,29,80,30.48745718900619,0.15070148260869587
TR,29,80,30.67268819770184,0.15169066956521604
TR,41,80,30.859028130993764,0.14785610906832503
TR,29,80,31.024305488260847,0.1479908094409943
TR,29,80,31.20621834155277,0.14763160844720602
TR,29,80,31.3875699432919,0.1480357095652174
TR,41,80,31.569550146770162,0.14778875888198684
TR,29,80,31.751216049378858,0.1480357095652174
TR,34,80,31.93384730465836,0.15056678521739641
TR,34,80,32.11896662031054,0.1516676652173885
TR,46,80,32.305416859440975,0.15164466086956452
TR,34,80,32.49198212031054,0.15111556086956313
TR,34,80,32.66071901161489,0.16002436689440458
TR,34,80,32.83741548440991,0.14388136360248893
TR,46,80,33.01440133018631,0.1507148041614883
TR,34,80,33.19989870826085,0.15162165652173343
TR,38,80,33.38687693881985,0.14704790683229874
TR,38,80,33.56764483894408,0.14803570956522094
TR,50,80,33.74964749248445,0.15132814881987855
TR,38,80,33.93568920217389,0.1515296391304375
TR,38,80,34.121666887391285,0.14803570956522094
TR,38,80,34.28689934453414,0.1645365052173915
TR,50,80,34.46881219782607,0.14785610906832147
TR,38,80,34.6505454506211,0.14803570956521384
TR,31,80,34.83461350987576,1.4255324524223667
TR,36,80,36.47397375291924,0.013686382360248217
TR,34,80,36.48766013527949,0.03208018285714331
TR,31,80,36.519740318136634,0.03208018285714331
TR,27,80,36.55182050099378,0.032167357267077534
TR,24,80,36.583987858260855,0.015974710621115662
TR,21,80,36.59996256888197,0.016563137888198298
TR,36,80,36.64969084409937,0.014839491055901988
TR,34,80,36.66453033515527,0.033068941490682846
TR,31,80,36.69759927664595,0.033024041366459755
TR,27,80,36.73062331801241,0.03313629167701748
TR,24,80,36.76375960968943,0.016433445465835916
TR,21,80,36.780193055155266,0.016904896770185474
TR,32,80,37.01286549888198,0.015464191925467219
TR,42,80,37.028329690807446,6.901304347906034e-05
TR,30,80,37.028398703850925,0.03379338695651768
TR,27,80,37.06219209080744,0.017322273913045194
TR,32,80,37.097135695155266,0.015849995652175153
TR,42,80,37.11298569080744,6.901304347906034e-05
TR,30,80,37.11305470385092,0.033793386956524785
TR,27,80,37.146848090807445,0.017506308695651285
TR,32,80,37.19929800385092,0.0152518826086947
TR,42,80,37.214549886459615,9.201739131015074e-05
TR,30,80,37.214641903850925,0.03418446086956095
TR,32,80,37.28337889515527,0.015826991304344062
TR,42,80,37.29920588645962,6.901304347906034e-05
TR,30,80,37.2992748995031,0.03379338695651768
TR,27,80,37.333068286459614,0.01750630869565839
TR,28,80,37.385587212546575,0.015297891304349776
TR,26,80,37.400885103850925,0.034161456521736966
TR,28,80,37.46959909080744,0.015849995652175153
TR,26,80,37.48544908645962,0.033862400000003845
TR,23,80,37.51931148645962,0.017506308695651285
TR,28,80,37.57166938211179,0.01543591739130079
TR,26,80,37.587105299503094,0.034184460869568056
TR,28,80,37.65581928645962,0.015849995652175153
TR,26,80,37.67166928211179,0.03386239999999674
TR,23,80,37.70553168211179,0.017506308695651285
TR,27,80,37.742844734285704,1.4243150731055891
TR,36,80,39.389151763913034,0.014538747826087217
TR,34,80,39.40369051173912,0.03404643478260283
TR,31,80,39.437736946521724,0.034069439130441026
TR,27,80,39.471806385652165,0.03344832173912948
TR,24,80,39.505254707391295,0.016839182608691772
TR,21,80,39.52209388999999,0.017529313043482375
TR,36,80,39.557681616086946,0.014709468322976704
TR,34,80,39.57239108440992,0.03208018285714331
TR,31,80,39.604471267267066,0.03208018285714331
TR,27,80,39.63655145012421,0.03208018285714331
TR,24,80,39.66863163298135,0.016127265838512983
TR,21,80,39.684758898819865,0.016323408260866756
TR,32,80,39.910573443540365,0.015153791925463622
TR,42,80,39.92572723546583,6.735018633463596e-05
TR,30,80,39.92579458565216,0.03300159130434821
TR,27,80,39.95879617695651,0.016904896770185474
TR,32,80,40.00939861695651,0.015557893043478543
TR,42,80,40.02495650999999,6.735018633463596e-05
TR,30,80,40.02502386018632,0.03345059254658622
TR,32,80,40.09257609708074,0.014906841242236624
TR,42,80,40.107482938322974,6.735018633463596e-05
TR,30,80,40.10755028850931,0.03295669118012512
TR,27,80,40.140506979689434,0.01692734683229702
TR,32,80,40.191154319813656,0.015535442981366998
TR,42,80,40.20668976279502,6.735018633463596e-05
TR,30,80,40.20675711298136,0.03347304260869777
TR,28,80,40.27439915012421,0.01514905813665024
TR,26,80,40.28954820826086,0.033862400000003845
TR,23,80,40.323410608260865,0.01732227391303809
TR,28,80,40.35835421260869,0.015849995652175153
TR,26,80,40.37420420826086,0.03386239999999674
TR,23,80,40.40806660826086,0.017529313043482375
TR,28,80,40.46044750826086,0.01532089565217376
TR,26,80,40.47576840391304,0.0342764782608711
TR,28,80,40.544574408260864,0.015849995652175153
TR,26,80,40.56042440391304,0.03386239999999674
TR,23,80,40.594286803913036,0.017506308695651285
TR,36,80,40.64841603434782,1.4184783452174017
TR,36,80,42.284348947267084,0.014165989192548523
TR,34,80,42.29851493645963,0.033315892173909845
TR,31,80,42.33183082863354,0.03324854198757521
TR,27,80,42.36507937062112,0.032642390310563485
TR,24,80,42.39772176093168,0.016433445465835916
TR,21,80,42.41415520639752,0.017106947329196487
TR,36,80,42.465498498447204,0.014987479378888224
TR,34,80,42.48048597782609,0.03413845217391298
TR,31,80,42.514624430000005,0.034161456521736966
TR,27,80,42.54878588652174,0.03337930869565042
TR,24,80,42.58216519521739,0.016839182608698877
TR,21,80,42.59900437782609,0.017322273913045194
TR,32,80,42.820490238695655,0.015004892981366424
TR,42,80,42.83549513167702,6.538080745599473e-05
TR,30,80,42.83556051248448,0.03199300844720199
TR,27,80,42.86755352093168,0.016410582670808083
TR,32,80,42.9167852689441,0.014928617701862379
TR,42,80,42.931713886645966,6.538080745599473e-05
TR,30,80,42.93177926745342,0.03201480204968732
TR,27,80,42.96379406950311,0.01658493149068363
TR,32,80,42.99729083652174,0.014623507267081948
TR,42,80,43.011914343788824,8.71744099413263e-05
TR,30,80,43.012001518198765,0.03199300844720199
TR,27,80,43.04399452664597,0.016410582670808083
TR,32,80,43.09313910024845,0.014993998509318374
TR,42,80,43.10813309875777,6.538080745599473e-05
TR,30,80,43.108198479565225,0.03258143571428462
TR,28,80,43.174015159068325,0.014709467577645796
TR,26,80,43.18872462664597,0.03386239999999674
TR,23,80,43.22258702664597,0.01734527826086918
TR,28,80,43.27453084403727,0.015780982608696092
TR,26,80,43.29031182664597,0.03443750869565321
TR,28,80,43.35960092229814,0.015343899999997745
TR,26,80,43.37494482229814,0.03388540434782783
TR,23,80,43.40883022664597,0.01734527826086918
TR,28,80,43.46068202664597,0.015965017391302183
TR,26,80,43.47664704403727,0.03432248695652618
TR,38,80,43.548006530993796,0.14902216521738865
TR,38,80,43.73158122664597,0.1516676652173885
TR,50,80,43.918192496211184,0.14774274422360634
TR,38,80,44.099789934099384,0.14787855913044012
TR,38,80,44.281612987142864,0.14778875888198684
TR,38,80,44.463121739316776,0.14803570956522094
TR,50,80,44.628735847515536,0.14763160844720602
TR,38,80,44.81024459968945,0.1480581596273325
TR,38,80,44.99336975633541,0.146486655279503
TR,38,80,45.17357640490684,0.14803570956522094
TR,50,80,45.35564640863355,0.151324265838511
TR,38,80,45.541661230993796,0.1515296391304375
TR,38,80,45.72788142664597,0.15152963913043038
TR,38,80,45.91396359621119,0.1516676652173885
TR,50,80,46.10044598987579,0.1477214086956522
TR,38,80,46.26552129658386,0.16455895527950304
TR,31,80,46.449813856459635,1.43452182236026
TR,36,80,48.07979401385095,0.013686382360248217
TR,34,80,48.0934803962112,0.03208018285714331
TR,31,80,48.12556057906834,0.03208018285714331
TR,27,80,48.157640761925485,0.03205838925465798
TR,24,80,48.18969915118014,0.016127265838505878
TR,21,80,48.20582641701865,0.01651955068323474
TR,36,80,48.25558082018636,0.014839491055894882
TR,34,80,48.270420311242255,0.033024041366459755
TR,31,80,48.303444352608714,0.0330464914285713
TR,27,80,48.336490844037286,0.0330464914285713
TR,24,80,48.36953733546586,0.016613045962735384
TR,21,80,48.38615038142859,0.016815096521739292
TR,32,80,48.61873302490685,0.015504654782610316
TR,42,80,48.63423767968946,6.901304347906034e-05
TR,30,80,48.63430669273294,0.033793386956524785
TR,27,80,48.66810007968947,0.01732227391303809
TR,32,80,48.71997488403729,0.015942013043478198
TR,42,80,48.73591689708077,6.901304347906034e-05
TR,30,80,48.73598591012425,0.034276478260863996
TR,32,80,48.805205992732944,0.0152518826086947
TR,42,80,48.82045787534164,6.901304347906034e-05
TR,30,80,48.82052688838512,0.03379338695651768
TR,27,80,48.854320275341635,0.017345278260876285
TR,32,80,48.88928688403729,0.015826991304351168
TR,42,80,48.90511387534164,6.901304347906034e-05
TR,30,80,48.90518288838512,0.03379338695651768
TR,27,80,48.93897627534164,0.017506308695651285
TR,28,80,48.99149520142859,0.01520587391304673
TR,26,80,49.00670107534164,0.03425347391304001
TR,28,80,49.075507079689466,0.015849995652175153
TR,26,80,49.09135707534164,0.03386239999999674
TR,23,80,49.12521947534164,0.017506308695651285
TR,28,80,49.17757737099381,0.015343900000004851
TR,26,80,49.192921270993814,0.0342764782608711
TR,28,80,49.26172727534164,0.015849995652168047
TR,26,80,49.27757727099381,0.033862400000003845
TR,23,80,49.31143967099381,0.017506308695651285
TR,27,80,49.36568392316772,1.4180463467080813
TR,36,80,51.00258564751556,0.014098639006206781
TR,34,80,51.016684286521766,0.033293442111805405
TR,31,80,51.04997772863357,0.033270992049686754
TR,27,80,51.08324872068326,0.03264239031055638
TR,24,80,51.115891110993815,0.016455895527954567
TR,21,80,51.13234700652177,0.017084497267077836
TR,36,80,51.18360049832301,0.014929291304348169
TR,34,80,51.19852978962736,0.03320364186335212
TR,31,80,51.23173343149071,0.03327099204969386
TR,27,80,51.265004423540404,0.03264239031055638
TR,24,80,51.29764681385096,0.016433445465835916
TR,21,80,51.314080259316796,0.01690489677019258
TR,32,80,51.53014871279506,0.014710681677016169
TR,42,80,51.54485939447208,6.538080745599473e-05
TR,30,80,51.54492477527953,0.03201480204968732
TR,27,80,51.57693957732922,0.016410582670808083
TR,32,80,51.62608415093171,0.0150157921117966
TR,42,80,51.64109994304351,6.538080745599473e-05
TR,30,80,51.64116532385096,0.03255964211179929
TR,32,80,51.70682944813667,0.0144491584472064
TR,42,80,51.72127860658388,6.538080745599473e-05
TR,30,80,51.721343987391336,0.03201480204968732
TR,27,80,51.75335878944102,0.016432376273293414
TR,32,80,51.802503363043506,0.015015792111803705
TR,42,80,51.81751915515531,6.538080745599473e-05
TR,30,80,51.817584535962766,0.03255964211179929
TR,28,80,51.883327359254686,0.01520587391304673
TR,26,80,51.89853323316773,0.03386239999999674
TR,23,80,51.93239563316773,0.017322273913045194
TR,28,80,51.984270437515555,0.015942013043478198
TR,26,80,52.00021245055903,0.03434549130435016
TR,28,80,52.069409528819904,0.015343900000004851
TR,26,80,52.08475342881991,0.03386239999999674
TR,23,80,52.118615828819905,0.01734527826086918
TR,28,80,52.17049063316773,0.015942013043478198
TR,26,80,52.18643264621121,0.03434549130435016
TR,36,80,52.25740105925469,1.4195611408695683
TR,36,80,53.8935379493168,0.014165989192548523
TR,34,80,53.90770393850935,0.0330464914285713
TR,31,80,53.94075042993792,0.03351794273292086
TR,27,80,53.97426837267084,0.032664840372667925
TR,24,80,54.00693321304351,0.016433445465835916
TR,21,80,54.023366658509346,0.01708449726708494
TR,36,80,54.07468750049693,0.015027942236024217
TR,34,80,54.08971544273295,0.03386239999999674
TR,31,80,54.12357784273295,0.03443750869565321
TR,27,80,54.1580153514286,0.03337930869565042
TR,24,80,54.19139466012425,0.016839182608698877
TR,21,80,54.20823384273295,0.01732227391303809
TR,32,80,54.44657219503109,0.015243592173916909
TR,42,80,54.461815787205005,6.735018633463596e-05
TR,30,80,54.46188313739134,0.033270992049686754
TR,32,80,54.5289639229814,0.01537829254658618
TR,42,80,54.54434221552798,6.735018633463596e-05
TR,30,80,54.54440956571432,0.032979141242236665
TR,27,80,54.577388706956555,0.017084497267077836
TR,32,80,54.62841769813668,0.015131341863352077
TR,42,80,54.64354904000003,6.735018633463596e-05
TR,30,80,54.64361639018637,0.033293442111805405
TR,32,80,54.7106298255901,0.015445642732920817
TR,42,80,54.72607546832302,6.735018633463596e-05
TR,30,80,54.72614281850935,0.032979141242236665
TR,27,80,54.75912195975159,0.017084497267077836
TR,28,80,54.7939644561491,0.014727240745344261
TR,26,80,54.80869169689444,0.0330464914285713
TR,23,80,54.84173818832301,0.016904896770185474
TR,28,80,54.89245287863357,0.01537829254658618
TR,26,80,54.907831171180156,0.033024041366459755
TR,23,80,54.940855212546616,0.017106947329196487
TR,28,80,54.975450758260905,0.01497419142857126
TR,26,80,54.990424949689476,0.0330464914285713
TR,23,80,55.02347144111805,0.01692734683229702
TR,28,80,55.07409633118016,0.015468092795032362
TR,26,80,55.08956442397519,0.03360774298136704
TR,38,80,55.15931676695656,0.1488542166459652
TR,38,80,55.34270050968948,0.1516906695652125
TR,50,80,55.52933478360252,0.14770228136646324
TR,38,80,55.71089175863358,0.14787855913043302
TR,38,80,55.89271481167706,0.1513386832298167
TR,38,80,56.07858302099383,0.1516906695652125
TR,50,80,56.26516075776402,0.14763160844720602
TR,38,80,56.446669509937934,0.14805815962732538
TR,38,80,56.6132489708075,0.14650910534161454
TR,38,80,56.793478069441036,0.14803570956522094
TR,50,80,56.97552562310563,0.1477214086956522
TR,38,80,57.157124175528,0.14803570956521384
TR,38,80,57.33910437900626,0.15138856894409258
TR,38,80,57.5252755218634,0.15143762173912734
TR,50,80,57.71188679142861,0.15106955217391516
TR,38,80,57.897876943602526,0.15129959565217632
TR,31,80,58.08516116372675,0.14639685503105682
TR,31,80,58.24882211652179,0.16446915503105686
TR,43,80,58.43081846633545,0.14333652354036985
TR,31,80,58.60710691683234,0.14346728515528184
TR,31,80,58.783526128944146,0.15137103074533798
TR,31,80,58.969541707515575,0.15159865217390944
TR,43,80,59.156083964037315,0.15127659130434523
TR,31,80,59.3421431292547,0.15164466086956452
TR,31,80,59.52947945819881,0.14662135565217227
TR,31,80,59.70988815732924,0.1479683593788863
TR,43,80,59.875329225341666,0.15935482136645618
TR,31,80,60.05159588223607,0.14348907875776717
TR,31,80,60.228047784472096,0.1514836304347824
TR,31,80,60.414129954037314,0.15159865217390944
TR,43,80,60.600672210559054,0.15129959565216922
TR,31,80,60.78675438012427,0.15162165652174053
TR,31,80,60.973917754037316,0.15033341304347658
TR,31,80,61.15857365403731,0.15189770869565677
TR,43,80,61.344916634409984,0.14810305975155558
TR,31,80,61.52667233726713,0.14808060968944403
TR,31,80,61.69169315782614,0.14390315720496716
TR,31,80,61.86811236993794,0.1439249508074525
TR,43,80,62.04468413726713,0.1516918806832237
TR,31,80,62.230859535341665,0.15175968260869155
TR,31,80,62.41765483968949,0.1511845739130422
TR,31,80,62.60316190055905,0.15192071304348076
TR,43,80,62.789459429503154,0.14810305975155558
TR,31,80,62.9712151323603,0.14810305975155558
TR,31,80,63.152801211863405,0.15192071304348076
TR,31,80,63.32211321186341,0.1688289086956516
TR,43,80,63.508439954409994,0.14377239559006227
TR,31,80,63.684880960124275,0.14409929962732804
TR,31,80,63.864787148633596,0.15209167229814113
TR,31,80,64.05229445273298,0.15673553403726714
P1,70,40,0.10334843478260869,0.6897443639130435
P1,70,40,0.8273922813043478,0.6846288243478259
P1,72,40,1.5465276273913042,0.8835559403105588
P1,74,40,2.4625996226086952,0.14705593826086982
P1,75,40,2.644047060869565,0.15182869565217416
P1,77,40,2.8132670434782607,0.16724393018633554
P1,77,40,2.9975730208695652,0.5172540469565217
P1,72,40,3.5491495547826086,0.5046283769565219
P1,69,40,4.08816943173913,0.33804889130434823
P1,77,40,4.443701627391304,1.426639066521739
P1,70,40,5.904732193913043,0.6845368069565216
P1,70,40,6.623591487826086,0.7073268167080746
P1,79,40,7.3634997402484474,0.8566457658385085
P1,75,40,8.254467993043479,0.1519207130434772
P1,77,40,8.440711193043478,0.15189770869565145
P1,79,40,8.626931388695652,0.1485427335403724
P1,74,40,8.80873115962733,0.509048801677018
P1,74,40,9.352171461304348,0.49831661130434846
P1,69,40,9.884902576956522,0.33804889130434823
P1,78,40,10.257434985652175,0.8769307421739132
P1,81,40,11.168665210434785,0.1519207130434772
P1,79,40,11.338046223478262,0.1687598956521743
P1,78,40,11.524197406086959,0.15077167875776354
P1,70,40,11.709160529440995,0.6995456627329197
P1,70,40,12.441222247080747,0.6874160972670804
P1,72,40,13.146213666086958,0.8908767267080737
P1,74,40,14.070563435403727,0.14828266024844616
P1,75,40,14.252386488447206,0.14817040993788844
P1,77,40,14.4340523910559,0.1496642159006214
P1,77,40,14.618108106956521,0.5017032970186346
P1,72,40,15.153306896645962,0.5184827599378892
P1,69,40,15.70439288590062,0.32342308757764116
P1,77,40,16.06220747347826,1.4262205659627334
P1,70,40,17.52100947515528,0.6873228691304334
P1,70,40,18.225723631242236,0.7106043043478252
P1,79,40,18.970742439937887,0.8713780724223597
P1,75,40,19.859092759316766,0.16635929018633533
P1,77,40,20.042843336459622,0.15189770869565322
P1,79,40,20.229063532111798,0.1519207130434772
P1,74,40,20.415973858198754,0.5105791847204948
P1,74,40,20.959134478633537,0.5178399316770168
P1,69,40,21.49403645751552,0.3313007562732935
P1,78,40,21.86074090509316,1.3257326462111827
P1,70,40,63.96598665298142,0.27796048819875097
P1,67,40,23.222857614658377,0.7076827521739126
P1,63,40,23.965714014658378,0.1510695521739116
P1,67,40,24.134933997267073,0.16806976521739259
P1,70,40,24.321315223354027,0.14328688037267057
P1,67,40,24.498011696335393,0.14303141310559297
P1,69,40,24.674910367701855,0.2172857543478237
P1,69,32,24.92681766552794,0.20041123503105496
P1,69,32,25.161016244037256,0.21457769366459445
P1,69,40,25.410054783043467,0.20109265031055656
P1,69,32,25.64574597248446,0.2142782767080753
P1,69,32,25.89280182732918,0.19226316111801012
P1,65,40,26.119063008322968,0.700584844472047
P1,62,40,26.85397399776396,0.15103130645962892
P1,65,40,27.04008693465837,0.15113856521739066
P1,69,40,27.22649116509315,0.15097753478260856
P1,65,40,27.412711360745327,0.15097753478260856
P1,62,40,27.58234542161489,0.2065537089440994
P1,62,32,27.82169850229812,0.2126643527950307
P1,62,32,28.05205319857141,0.21987555652173896
P1,62,40,28.307229343291905,0.21282658881987615
P1,62,32,28.553843275590044,0.19947089080745073
P1,62,32,28.787935709875757,0.21985255217391142
P1,63,40,29.043675044658364,0.674622013726708
P1,55,40,29.751592696459607,0.14751935813664474
P1,60,40,29.93334839931675,0.1474969080745332
P1,60,40,30.115171452360226,0.15102991925465759
P1,63,40,30.30137501944097,0.1510695521739116
P1,65,40,30.48803229770184,0.20089696956521763
P1,69,40,30.723320767267058,0.2174704899378881
P1,72,40,30.974354100062087,0.19827894857143136
P1,72,40,31.206779593105566,0.21314088968944134
P1,72,40,31.453415975465816,0.2143307429813639
P1,69,40,31.68480876565215,0.2147797442236019
P1,69,40,31.934498356459603,0.5229082290683245
P1,69,40,32.49255722900619,0.4890665230434763
P1,69,40,33.01494617024842,0.33691925975155357
P1,74,40,33.38750554055898,1.4114123705590131
P1,74,40,34.83539926204967,0.14835227664596573
P1,77,40,35.0183730821739,0.15159865217390944
P1,79,40,35.20475430826085,0.15146062608695843
P1,81,40,35.39092849521738,0.3294792333540357
P1,79,40,35.75329427472048,0.14353266596273073
P1,77,40,35.92977886763974,0.15566263751552611
P1,74,40,36.10369527248446,0.15680674509317072
P1,74,25,36.29708076329191,0.14333084180124445
P1,77,25,36.475063433043466,0.14205070099378503
P1,79,25,36.65081334720496,0.1468907563975108
P1,81,25,36.83164859751552,0.3333269193788837
P1,79,25,37.200448221242226,0.15074749130435094
P1,77,25,37.38673742993788,0.15070148260869587
P1,74,25,37.5728195995031,0.15083950869564688
P1,75,40,37.74358087341614,0.15707859962732584
P1,77,40,37.91741875335403,0.14361984037267206
P1,79,40,38.09399052068322,0.15104412968943848
P1,81,40,38.27974821124222,0.33411593763975134
P1,79,40,38.64771884254657,0.14787855913044012
P1,77,40,38.82954189559005,0.15139771614907005
P1,75,40,39.01553815086955,0.15196672173912873
P1,75,25,39.20295457260868,0.15079349999999891
P1,77,25,39.39030198130433,0.14994233913044042
P1,79,25,39.558854837826075,0.1428158965217392
P1,81,25,39.734622661304336,0.32448039316770405
P1,79,25,40.09369860018633,0.14713770708074492
P1,77,25,40.2755216532298,0.15069538546584482
P1,75,25,40.46159772565217,0.1508165043478229
P1,75,40,40.64915217347826,0.14886113478260654
P1,77,40,40.83256583869564,0.1516676652173956
P1,79,40,41.018951780683224,0.14781120894409838
P1,81,40,41.1840270873913,0.32970161217391336
P1,79,40,41.54751604304347,0.14794590931677476
P1,77,40,41.72940644627329,0.15122172894410113
P1,75,40,41.915157701304345,0.15208174347826287
P1,75,40,42.102436096956524,0.1474071048447172
P1,79,40,42.285471450372675,0.14639685503105682
P1,81,40,42.466621001552795,0.15032676757764563
P1,82,40,42.6515693126087,0.32939811565217525
P1,81,40,42.998380516645966,0.14298782590062586
P1,79,40,43.17510483919255,0.15026561354037682
P1,81,40,43.36075113968945,0.15083950869564688
P1,84,40,43.54876567447206,1.409873835776395
P1,81,40,44.99399835807454,1.4364186447204972
P1,74,40,46.45059960863355,0.14469065031055806
P1,77,40,46.62907760242237,0.14794590931676765
P1,79,40,46.810968005652185,0.15121895751553183
P1,81,40,46.99690052403728,0.33416748621118586
P1,79,40,47.36492270391306,0.14787855913043302
P1,77,40,47.54674575695654,0.1513237175155311
P1,74,40,47.73269101795033,0.15198972608695271
P1,74,25,47.919436686770204,0.14285706428571388
P1,77,25,48.080883693975174,0.14205070099378503
P1,79,25,48.256703323291944,0.14689075639751792
P1,81,25,48.43751612354039,0.3333673822360268
P1,79,25,48.80635621012425,0.15074749130434384
P1,77,25,48.9926454188199,0.15070148260869587
P1,74,25,49.178727588385115,0.150839508695654
P1,75,40,49.36639705795034,0.1487691173913035
P1,77,40,49.5497877188199,0.15159865217390944
P1,79,40,49.719237744906856,0.1598572821739097
P1,81,40,49.895941481801266,0.3243246860869604
P1,79,40,50.25412086155282,0.14787855913043302
P1,77,40,50.4359439145963,0.15561145242236307
P1,75,40,50.627279580062144,0.1568067450931636
P1,75,25,50.820665070869595,0.14734748099378692
P1,77,25,51.003708150621144,0.14632950484472218
P1,79,25,51.1847230014286,0.14686830633539927
P1,81,25,51.34903500602487,0.3252783872049747
P1,79,25,51.7079191282609,0.14283527068323565
P1,77,25,51.88447757664599,0.15070148260869587
P1,75,25,52.07055974621121,0.150839508695654
P1,75,40,52.2581141940373,0.14888413913043053
P1,77,40,52.441550863602515,0.1516906695652125
P1,79,40,52.62800110273295,0.15146062608695132
P1,81,40,52.81408327229816,0.33415751503105895
P1,79,40,53.1655048850932,0.14794590931676765
P1,77,40,53.347395288323014,0.14781120894409838
P1,75,40,53.528904040496926,0.14839491055900567
P1,75,40,53.7116699961491,0.14736220770186748
P1,79,40,53.89466045242239,0.14639685503105682
P1,81,40,54.07581000360252,0.1503672304347745
P1,82,40,54.26079877751556,0.3342805783850906
P1,81,40,54.62954020124227,0.1472724074534142
P1,79,40,54.79508695925469,0.16348135229814176
P1,81,40,54.9765957114286,0.1471826072049751
P1,84,40,55.160057619006245,1.4350068014906938
P1,81,40,56.61390002260874,0.6915966134161522
P1,81,40,57.52585063055905,0.15120757826086617
P1,79,40,57.71246190012427,0.15083950869564688
P1,78,40,57.898452052298175,0.15106955217391516
P1,74,40,58.08572241527955,1.408410440062113
