NO,33,127,0.10057611545003543,0.4826590727143869
NO,33,127,0.5832351881644223,0.16078728961729272
NO,31,127,2.345375882034018,0.16081015145287036
NO,31,127,2.5061860334868884,0.16046722391920598
NO,33,127,2.6666532574060944,4.5723671155517565e-05
NO,33,127,2.66669898107725,0.48265907271438646
NO,33,127,3.1494266392983694,0.16078728961729238
NO,31,127,4.904640070942593,0.16078728961729283
NO,31,127,5.065427360559886,0.16046722391920643
NO,33,127,5.225894584479092,4.5723671155073475e-05
NO,33,127,5.225940308150247,0.4827047963855424
NO,33,127,5.7086451045357895,0.16081015145287036
NO,31,127,7.470594910347271,0.15737999744861764
NO,31,127,7.628042049433025,0.15711672395464227
NO,33,127,7.785158773387668,0.48272765822111907
NO,33,127,8.267886431608787,0.16081015145287125
NO,31,127,10.029796290361444,0.15742475854004212
NO,31,127,10.187221048901486,0.15717905155917933
NO,40,127,10.344400100460666,4.5723671155073475e-05
NO,36,127,10.344445824131821,0.4826590727143856
NO,36,127,10.82717348235294,0.16074156594613775
NO,36,127,12.595993700992203,0.1607644277817144
NO,36,127,12.756758128773917,0.1604672239192073
NO,20,127,12.917225352693125,4.5723671155073475e-05
NO,35,127,12.91727107636428,0.4827047963855424
NO,35,127,13.399975872749822,0.16081015145286948
NO,31,127,15.155212166229624,0.1607644277817144
NO,31,127,15.316045179518072,0.16042150024805046
NO,33,127,15.476466679766123,4.5723671155073475e-05
NO,33,127,15.476512403437278,0.4827047963855424
NO,33,127,15.95921719982282,0.16081015145287125
NO,31,127,17.714453012012758,0.1607644277817144
NO,31,127,17.875286025301204,0.1607187041105611
NO,33,127,18.036004729411765,4.572367115329712e-05
NO,33,127,18.036050453082918,0.32157457923458566
NO,21,127,18.35769361782424,0.1607644277817144
NO,33,127,18.518458045605954,0.1608101514528677
NO,21,127,19.000865638128985,0.16081015145287125
NO,31,127,20.280419883664067,0.15713381144578165
NO,31,127,20.437553695109848,0.1574180193479826
NO,33,127,20.59497171445783,4.572367115329712e-05
NO,33,127,20.595017438128984,0.4825447635364988
NO,33,127,21.077562201665483,0.16081015145287125
NO,31,127,22.839352697129694,0.15737999744861852
NO,31,127,22.996799836215448,0.1574132053153825
NO,33,127,23.15421304153083,4.572367115329712e-05
NO,33,127,23.154258765201984,0.4827047963855442
NO,33,127,23.636963561587528,0.1608101514528677
NO,31,127,25.405669471048903,0.1606272567682474
NO,31,127,25.56629672781715,0.1607644277817144
NO,33,127,25.7271297411056,0.48252190170092035
NO,33,127,26.20965164280652,0.1607307386250909
NO,31,127,27.964773627108436,0.16087873695960297
NO,31,127,28.12572094957477,0.1607187041105611
NO,33,127,28.28643965368533,4.572367115329712e-05
NO,33,127,28.286485377356485,0.48240759252303533
NO,33,127,28.76889296987952,0.16097018430191312
NO,31,127,30.52431215804394,0.1607644277817144
NO,31,127,30.685076585825655,0.16060439493267253
NO,40,127,30.845680980758328,4.572367115329712e-05
NO,36,127,30.84572670442948,0.48240759252303533
NO,36,127,31.328134296952516,0.16097018430191312
NO,36,127,33.08323293812899,0.1609473224663418
NO,36,127,33.24418026059533,0.1607644277817144
NO,20,127,33.40494468837704,4.572367115684983e-05
NO,35,127,33.4049904120482,0.4824075925230318
NO,35,127,33.88739800457123,0.1609473224663347
NO,31,127,35.6491776704465,0.15755904181431646
NO,31,127,35.806736712260815,0.15744930318922457
NO,33,127,35.96418601545004,4.572367115684983e-05
NO,33,127,35.964231739121196,0.4822246978384115
NO,33,127,36.44652502246634,0.16078728961729638
NO,31,127,38.21564244496811,0.1607644277817144
NO,31,127,38.376406872749826,0.1607644277817215
NO,33,127,38.53717130053155,4.5723671149744405e-05
NO,33,127,38.5372170242027,0.32159744107016763
NO,21,127,38.858814465272864,0.1607644277817144
NO,33,127,39.01964747856131,0.16078728961728928
NO,21,127,39.50205507108434,0.16078728961729638
NO,31,127,40.774563706343024,0.1609473224663347
NO,31,127,40.93551102880936,0.1607644277817144
NO,29,127,41.096344042097805,0.48233900701630716
NO,29,127,41.57875163462084,0.16092446063075272
NO,29,127,43.33380503341602,0.16081015145287125
NO,29,127,43.49461518486889,0.16074156594613953
NO,0,127,43.65535675081503,4.5723671149744405e-05
NO,31,127,43.65540247448618,0.4825676253720772
NO,31,127,44.13797009985826,0.1609473224663347
NO,31,127,45.89309208416017,0.1607644277817144
NO,31,127,46.05385651194189,0.1607644277817144
NO,33,127,46.2146209397236,4.572367115684983e-05
NO,33,127,46.21466666339476,0.4825447635364952
NO,33,127,46.697211426931254,0.16097018430191667
NO,31,127,48.45904788614458,0.15737999744861497
NO,31,127,48.6164278835932,0.15743438320340175
NO,33,127,48.7738622667966,4.572367115684983e-05
NO,33,127,48.773907990467755,0.48254476353650233
NO,33,127,49.25645275400426,0.16078728961728928
NO,45,127,49.738723175513826,0.16092446063075272
NO,33,127,50.22113076803686,0.16081015145287125
NO,31,127,51.02513580163005,0.1609473224663418
NO,31,127,51.18608312409639,0.1607644277817144
NO,42,127,51.346847551878106,4.5723671149744405e-05
NO,29,127,51.346893275549256,0.48236186885188204
NO,29,127,51.82932372990787,0.1608657432671876
NO,29,127,53.58437712870305,0.16081015145287125
NO,29,127,53.745187280155925,0.1607644277817144
NO,31,127,53.90602029344437,0.48252190170092035
NO,31,127,54.38854219514529,0.16092446063075982
NO,31,127,56.14366417944721,0.16087873695960297
NO,31,127,56.30461150191354,0.16071870411056466
NO,40,127,56.465330206024106,4.5723671149744405e-05
NO,36,127,56.465375929695256,0.4824075925230389
NO,36,127,56.947783522218295,0.16097018430190957
NO,36,127,58.70288264468463,0.1607644277817144
NO,36,127,58.863715657973074,0.1607644277817144
NO,32,127,59.02448008575479,0.32159744107016053
NO,20,127,59.34607752682495,0.16092446063075982
NO,32,127,59.50707057296244,0.16078728961729638
NO,20,127,59.98929527080085,0.16092446063075982
NO,32,127,61.26885096020553,0.15742475854004567
NO,32,127,61.42627571874558,0.15742283224663112
NO,35,127,61.58369855099221,0.4825904872076592
NO,35,127,62.06628903819987,0.16081015145286415
NO,33,127,63.82809710131113,0.15737999744862208
NO,33,127,63.98547709875975,0.1574627793054546
NO,35,127,64.1429398780652,4.5723671149744405e-05
NO,35,127,64.14298560173636,0.482659072714398
NO,35,127,64.62571325995748,0.16078728961728928
NO,33,127,66.39435058391213,0.16065011860382583
NO,33,127,66.55500070251595,0.1607644277817144
NO,35,127,66.71576513029767,4.5723671149744405e-05
NO,35,127,66.71581085396882,0.4825447635364952
NO,35,127,67.19835561750531,0.16078728961730349
NO,33,127,68.95345473997166,0.1609473224663276
NO,33,127,69.11440206243799,0.1607644277817144
NO,35,127,69.2751664902197,4.572367116395526e-05
NO,35,127,69.27521221389087,0.4824075925230318
NO,35,127,69.7576198064139,0.1609473224663276
NO,33,127,71.51299327090716,0.16081015145286415
NO,33,127,71.67380342236002,0.1606043949326761
NO,41,127,71.8344078172927,4.572367116395526e-05
NO,38,127,71.83445354096386,0.4824075925230318
NO,38,127,72.3168611334869,0.16092446063075272
NO,38,127,74.0719831177888,0.16092446063075272
NO,38,127,74.23290757841956,0.16078728961728928
NO,37,127,74.39369486803685,0.482407592523046
NO,37,127,74.87610246055989,0.16097018430190246
NO,33,127,76.63789969408222,0.15755904181430935
NO,33,127,76.79545873589653,0.15745459737775036
NO,35,127,76.952981918781,0.4822246978384186
NO,35,127,77.43520661661942,0.16081015145286415
NO,33,127,79.20432403912119,0.1607644277817144
NO,33,127,79.36515705240964,0.16071870411056466
NO,35,127,79.52587575652021,4.5723671149744405e-05
NO,35,127,79.52592148019136,0.32157457923459276
NO,23,127,79.84756464493267,0.1607644277817144
NO,35,127,80.00832907271439,0.16078728961728928
NO,23,127,80.49073666523742,0.16081015145287836
NO,33,127,81.76324530049611,0.1609473224663276
NO,33,127,81.92426120846918,0.16071870411055045
NO,31,127,82.08497991257973,4.572367116395526e-05
NO,31,127,82.08502563625089,0.4824075925230318
NO,31,127,82.56743322877392,0.16092446063075272
NO,31,127,84.32253235124026,0.16078728961728928
NO,31,127,84.48331964085754,0.1607644277817144
NO,33,127,84.64408406863926,4.572367116395526e-05
NO,33,127,84.64412979231042,0.4825447635364952
NO,33,127,85.12667455584692,0.16097018430191667
NO,33,127,86.88852424996456,0.15737999744862918
NO,33,127,87.04597138905032,0.157354006661933
NO,35,127,87.20332539571226,4.572367116395526e-05
NO,35,127,87.20337111938342,0.4825676253720701
NO,35,127,87.68593874475549,0.1609473224663418
NO,33,127,89.44772562997873,0.15742475854004567
NO,33,127,89.60515038851878,0.15743919610206092
NO,35,127,89.76265817012757,0.48252190170092035
NO,35,127,90.24518007182849,0.16081015145287836
NO,47,127,90.72747335517363,0.16092446063076693
NO,35,127,91.20983522402551,0.16078728961728928
NO,33,127,92.01388598128986,0.16087873695960297
NO,33,127,92.1748333037562,0.16071870411056466
NO,31,127,92.33555200786677,4.5723671149744405e-05
NO,31,127,92.33559773153792,0.4824075925230318
NO,31,127,92.81800532406095,0.1609066540396782
NO,31,127,94.57310444652728,0.1607644277817144
NO,31,127,94.73393745981572,0.16071870411056466
NO,33,127,94.89465616392629,4.5723671149744405e-05
NO,33,127,94.89470188759744,0.48252190170093456
NO,33,127,95.3772923748051,0.16092446063076693
NO,33,127,97.13234577360028,0.16081015145287836
NO,33,127,97.29315592505316,0.1607644277817144
NO,35,127,97.45392035283487,0.48259048720764497
NO,35,127,97.93651084004252,0.1609473224663418
NO,35,127,99.69188430453579,0.16081015145286415
NO,35,127,99.85269445598865,0.1607644277817144
NO,35,127,100.01352746927711,0.32157457923457855
NO,23,127,100.33510204851169,0.1607644277817144
NO,35,127,100.4958664762934,0.1608558751240281
NO,23,127,100.97834265432317,0.16074156594613953
NO,35,127,102.25788679277107,0.15708905035435805
NO,35,127,102.41497584312543,0.1574728875265805
NO,35,127,102.57244873065201,0.48270479638554775
NO,35,127,103.05515352703756,0.16081015145286415
NO,33,127,104.81706579223955,0.15737999744861497
NO,33,127,104.9745129313253,0.15713140272856663
NO,31,127,105.13164433405386,4.5723671149744405e-05
NO,31,127,105.13169005772501,0.48270479638554775
NO,31,127,105.61439485411056,0.16081015145286415
NO,31,127,107.38321507274982,0.16081015145286415
NO,31,127,107.54402522420268,0.16046722391921264
NO,33,127,107.70456103362862,0.482659072714398
NO,33,127,108.18722010634302,0.16078728961728928
NO,33,127,109.94245639982282,0.16081015145286415
NO,33,127,110.10326655127568,0.16046722391921264
NO,35,127,110.2637337751949,4.5723671149744405e-05
NO,35,127,110.26377949886604,0.4826590727143838
NO,35,127,110.74650715708717,0.16078728961728928
NO,33,127,112.50174345056696,0.1607644277817144
NO,33,127,112.66250787834868,0.16046722391921264
NO,31,127,112.82297510226789,4.5723671149744405e-05
NO,31,127,112.82302082593904,0.48270479638554775
NO,31,127,113.30572562232459,0.16081015145286415
NO,31,127,115.06096191580438,0.1607644277817144
NO,31,127,115.22179492909284,0.16044436208362356
NO,33,127,115.38230787668319,0.482659072714398
NO,33,127,115.86496694939758,0.16081015145286415
NO,33,127,117.6268912468462,0.15742475854004567
NO,33,127,117.78431600538624,0.15716461286321248
NO,35,127,117.94148061824946,4.572367116395526e-05
NO,35,127,117.94152634192062,0.482841967398997
NO,35,127,118.42436830931962,0.16081015145287836
NO,35,127,120.19318852795888,0.1607644277817144
NO,35,127,120.35402154124733,0.16021358075832381
NO,35,127,120.51423512200566,0.4725428421686786
NO,35,127,120.98677796417434,0.15742475854004567
NO,33,127,122.74540091041813,0.1607644277817144
NO,33,127,122.90623392370658,0.1604215002480487
NO,57,80,0.10071328646350106,0.4827047963855421
NO,57,80,0.5834180828490432,0.48566559075124016
NO,55,80,1.0691530046420976,0.4823538083628631
NO,57,80,1.5515739546420975,0.4722044863217574
NO,69,80,2.023847026470588,0.4824761780297657
NO,59,80,2.5063917900070867,0.16046722391920598
NO,57,80,2.6668590139262927,0.4827047963855424
NO,57,80,3.149563810311835,0.48227042150956745
NO,55,80,3.6318342318214025,0.4788739611977322
NO,57,80,4.110775334656272,0.47229015705173616
NO,69,80,4.583065491708008,0.4824990398653437
NO,71,80,5.065564531573352,4.5723671155073475e-05
NO,59,80,5.065610255244507,0.16046722391920643
NO,57,80,5.226146064670446,0.4826362108788089
NO,57,80,5.708850861055987,0.48222469783841326
NO,55,80,6.191075558894401,0.48240759252303267
NO,57,80,6.673483151417433,0.4823070029411767
NO,69,80,7.15579015435861,0.4723414172572644
NO,71,80,7.628131571615874,4.476109142448337e-05
NO,59,80,7.628176332707299,0.15718819720056754
NO,57,80,7.785364529907866,0.48265907271438735
NO,57,80,8.268092188128985,0.48220183600283484
NO,55,80,8.750362609638554,0.4823618688518785
NO,57,80,9.232724478490432,0.4822670558823514
NO,69,80,9.714991534372784,0.4723414172572653
NO,71,80,10.187332951630049,4.476109142359519e-05
NO,59,80,10.187377712721473,0.15722814425939013
NO,57,80,10.344605856980863,0.4827047963855424
NO,57,80,10.827310653366405,0.48227042150956834
NO,55,80,11.309581074875974,0.4823618688518785
NO,57,80,11.792011529234584,0.48233900701630184
NO,69,80,12.274419121757617,0.48247617802976706
NO,59,80,12.756963885294116,0.1604443620836289
NO,57,80,12.917476832884478,0.48265907271438735
NO,57,80,13.400135905598866,0.48227042150956656
NO,55,80,13.882406327108432,0.47897070159461386
NO,57,80,14.361377028703046,0.47226055829199254
NO,69,80,14.833637586995039,0.4824990398653437
NO,71,80,15.316136626860382,4.5723671155073475e-05
NO,59,80,15.316182350531538,0.1605129475903606
NO,57,80,15.476695298121898,0.48265907271438735
NO,57,80,15.959422956343019,0.4822246978384115
NO,55,80,16.44164765418143,0.4789302732459255
NO,57,80,16.920577927427356,0.472300505350816
NO,69,80,17.392878432778172,0.4824990398653419
NO,71,80,17.875377472643514,4.572367115684983e-05
NO,59,80,17.87542319631467,0.1608101514528677
NO,57,80,18.03623334776754,0.48240759252303533
NO,57,80,18.518640940290574,0.4824075925230318
NO,55,80,19.001048532813606,0.4822246978384115
NO,57,80,19.483341816158752,0.48227331151665354
NO,69,80,19.965615127675406,0.47207285070871663
NO,71,80,20.437687978384123,4.476109142359519e-05
NO,59,80,20.437732739475546,0.1574447315024834
NO,57,80,20.59517747097803,0.48252190170092035
NO,57,80,21.07776795818568,0.48208752682494804
NO,55,80,21.55985548501063,0.4825447635364988
NO,57,80,22.04240024854713,0.4821476925939052
NO,69,80,22.524547941141034,0.4723414172572653
NO,71,80,22.9968893583983,4.476109142359519e-05
NO,59,80,22.996934119489723,0.15750754039688175
NO,57,80,23.154441659886604,0.4826819345499658
NO,57,80,23.63712359443657,0.48227042150956834
NO,55,80,24.11939401594614,0.4824075925230318
NO,57,80,24.60180160846917,0.48240759252303533
NO,69,80,25.084209200992206,0.48220183600283306
NO,71,80,25.56641103699504,4.572367115684983e-05
NO,59,80,25.566456760666195,0.1608101514528677
NO,57,80,25.727266912119063,0.4825447635364988
NO,57,80,26.209811675655562,0.47524117849043535
NO,55,80,26.685119995783133,0.47578576874557044
NO,57,80,27.160905764528703,0.48240759252303533
NO,69,80,27.64331335705174,0.4824990398653419
NO,71,80,28.12581239691708,4.572367115684983e-05
NO,59,80,28.125858120588237,0.1607644277817144
NO,57,80,28.286691133876683,0.48233900701630006
NO,57,80,28.76909872639972,0.48233900701630006
NO,55,80,29.25150631892275,0.47887468256555366
NO,57,80,29.730448143125443,0.4722208501771803
NO,69,80,30.202737578809355,0.48247617802976706
NO,59,80,30.685282342345854,0.16062725676825096
NO,57,80,30.845909599114105,0.4824075925230318
NO,57,80,31.328317191637137,0.4822246978384115
NO,55,80,31.810610474982283,0.4788371419560562
NO,57,80,32.28951475857548,0.4722579094968111
NO,69,80,32.76184125357903,0.4824761780297635
NO,59,80,33.244386017115524,0.1607644277817144
NO,57,80,33.40515044489724,0.4824075925230318
NO,57,80,33.88755803742027,0.48227042150956834
NO,55,80,34.36982845892984,0.4824075925230389
NO,57,80,34.85223605145288,0.48224876573352304
NO,69,80,35.33455195882354,0.4723190367115464
NO,71,80,35.806870995535085,4.476109142359519e-05
NO,59,80,35.80691575662651,0.15745315350815048
NO,57,80,35.9644374956414,0.4822246978384115
NO,57,80,36.44666219347981,0.48252190170092035
NO,55,80,36.92925268068746,0.48233900701630006
NO,57,80,37.411660273210494,0.48233900701630006
NO,69,80,37.894067865733525,0.4824761780297706
NO,59,80,38.37661262927003,0.1607644277817144
NO,57,80,38.53737705705174,0.4824075925230318
NO,57,80,39.019784649574774,0.4824075925230318
NO,55,80,39.502192242097806,0.4788571137845494
NO,57,80,39.981049355882355,0.47209523125443553
NO,69,80,40.45314458713679,0.4824807508504563
NO,71,80,40.93562533798725,4.572367115684983e-05
NO,59,80,40.935671061658404,0.1607644277817144
NO,66,80,41.09643548944012,4.572367115684983e-05
NO,53,80,41.096481213111275,0.4824075925230318
NO,53,80,41.57888880563431,0.4822246978384115
NO,53,80,42.06118208897945,0.47877769982282103
NO,53,80,42.53995978880227,0.47238497455705186
NO,65,80,43.012413348866055,0.4823161451807252
NO,32,80,43.49472949404678,4.572367115684983e-05
NO,57,80,43.49477521771794,0.16081015145286415
NO,55,80,43.6555853691708,0.48254476353650233
NO,55,80,44.1381301327073,0.4822246978384115
NO,65,80,44.620354830545715,4.572367115684983e-05
NO,50,80,44.62040055421687,0.47873823405385707
NO,55,80,45.09920592990787,0.4724258841956086
NO,67,80,45.571631814103476,0.48236186885187493
NO,67,80,46.05406226846208,0.1607644277817144
NO,57,80,46.2148266962438,0.48252190170092035
NO,57,80,46.697417183451456,0.4823847306874498
NO,55,80,47.179801914138906,0.48236186885188204
NO,57,80,47.66223236849752,0.48223456711552615
NO,69,80,48.14453407725018,0.4720280896172966
NO,71,80,48.616562166867475,4.476109142359519e-05
NO,59,80,48.6166069279589,0.15743823352232766
NO,57,80,48.77411374698796,0.48252190170092035
NO,57,80,49.25663564868888,0.48224755967398636
NO,55,80,49.738883208362864,0.4824075925230389
NO,57,80,50.2212908008859,0.4824075925230318
NO,69,80,50.703698393408935,0.48252190170092035
NO,59,80,51.18628888061659,0.16071870411055755
NO,66,80,51.347007584727145,4.572367115684983e-05
NO,53,80,51.3470533083983,0.4824075925230318
NO,53,80,51.82946090092133,0.4754438060595376
NO,53,80,52.30490470698087,0.47549024996456524
NO,53,80,52.780394956945436,0.4825676253720701
NO,65,80,53.262962582317506,0.48233900701630006
NO,32,80,53.745301589333806,4.572367115684983e-05
NO,57,80,53.74534731300496,0.16081015145287125
NO,55,80,53.906157464457834,0.48254476353650233
NO,55,80,54.38870222799434,0.48227042150956834
NO,55,80,54.870972649503905,0.4787902133593178
NO,55,80,55.34983000450036,0.47237390489014786
NO,67,80,55.82220390939051,0.4824990398653455
NO,71,80,56.304702949255855,4.572367115684983e-05
NO,59,80,56.30474867292701,0.1607644277817144
NO,64,80,56.465513100708726,4.5723671149744405e-05
NO,60,80,56.465558824379876,0.48236186885188204
NO,60,80,56.94798927873849,0.4823847306874569
NO,60,80,57.43037400942595,0.47892594163713653
NO,60,80,57.90929995106308,0.4723053182494681
NO,72,80,58.38160526931255,0.6430119874557008
NO,33,80,59.02461725676825,4.572367115684983e-05
NO,56,80,59.02466298043941,0.48254476353650233
NO,56,80,59.50720774397591,0.4822246978384115
NO,56,80,59.989501027321054,0.4822246978384115
NO,56,80,60.471725725159466,0.48261142615167074
NO,68,80,60.95433715131114,0.47205047016300483
NO,71,80,61.42638762147414,4.476109142359519e-05
NO,59,80,61.426432382565565,0.15747192494684725
NO,59,80,61.58390430751241,0.4825447635364952
NO,59,80,62.06644907104891,0.48208752682494804
NO,57,80,62.54860518338059,0.48252190170092035
NO,59,80,63.03112708508151,0.48209811860382956
NO,71,80,63.51329234532247,0.4723190367115535
NO,61,80,63.98567852367116,0.1574213872430832
NO,44,80,64.14309991091424,4.572367116395526e-05
NO,59,80,64.14314563458541,0.48270479638553354
NO,59,80,64.62585043097094,0.4822246978384186
NO,57,80,65.1081437143161,0.48233900701629295
NO,59,80,65.59055130683913,0.48233900701629295
NO,71,80,66.07295889936216,0.48217897416725464
NO,76,80,66.55513787352942,4.5723671149744405e-05
NO,61,80,66.55518359720057,0.1607644277817144
NO,59,80,66.71601661048902,0.48252190170092035
NO,59,80,67.19853851218994,0.48211038866053
NO,57,80,67.68064890085047,0.47909608043940466
NO,59,80,68.15981212292701,0.4721847534372756
NO,71,80,68.63206401800142,0.48247521545003735
NO,61,80,69.11460781895819,0.16071870411056466
NO,44,80,69.27532652306876,4.5723671149744405e-05
NO,59,80,69.2753722467399,0.4824075925230318
NO,59,80,69.75777983926294,0.4824075925230318
NO,57,80,70.24018743178597,0.4789379738837738
NO,59,80,70.71912540566974,0.47229328600283793
NO,71,80,71.19141869167258,0.48249903986533127
NO,76,80,71.67391773153791,4.572367116395526e-05
NO,61,80,71.67396345520908,0.16062725676825096
NO,59,80,71.83465929748405,0.48233900701630716
NO,59,80,72.31706689000708,0.4822246978384186
NO,57,80,72.7992915878455,0.47890091456413586
NO,59,80,73.27819250240964,0.47233034532246165
NO,71,80,73.7505228477321,0.4824990398653455
NO,76,80,74.23302188759745,4.572367116395526e-05
NO,61,80,74.23306761126861,0.1607644277817144
NO,44,80,74.39383203905032,4.5723671149744405e-05
NO,59,80,74.39387776272147,0.48236186885188204
NO,59,80,74.87630821708008,0.4822018360028437
NO,57,80,75.35857863858965,0.48236186885188204
NO,59,80,75.84094050744153,0.4822887139262946
NO,71,80,76.32322922136782,0.47234141725726886
NO,76,80,76.7955706386251,4.476109143070062e-05
NO,61,80,76.79561539971652,0.15745796640679544
NO,44,80,76.95307336612332,4.572367116395526e-05
NO,59,80,76.95311908979448,0.4822246978384044
NO,59,80,77.43541237313963,0.48252190170092035
NO,57,80,77.91793427484055,0.4824075925230318
NO,59,80,78.40034186736358,0.4824075925230318
NO,71,80,78.88274945988661,0.4824990398653455
NO,76,80,79.36524849975196,4.5723671149744405e-05
NO,61,80,79.3652942234231,0.1607644277817144
NO,44,80,79.52605865120482,4.572367116395526e-05
NO,59,80,79.52610437487598,0.4823618688518678
NO,59,80,80.00853482923459,0.48233900701629295
NO,57,80,80.49094242175762,0.47880705850460004
NO,59,80,80.96974948026222,0.4721176118001438
NO,71,80,81.44186709206237,0.48248556374910834
NO,76,80,81.92435265581148,4.572367116395526e-05
NO,61,80,81.92439837948264,0.1607644277817144
NO,55,80,82.08523139277108,0.48233900701630716
NO,55,80,82.56763898529412,0.4822246978384044
NO,55,80,83.04986368313253,0.4788186105953258
NO,55,80,83.52868229372785,0.4724126492912859
NO,67,80,84.00109494301914,0.4823618688518678
NO,71,80,84.48345681187101,4.572367116395526e-05
NO,59,80,84.48350253554217,0.1607644277817144
NO,57,80,84.64433554883061,0.48252190170092035
NO,57,80,85.12685745053153,0.4822246978384186
NO,52,80,85.60915073387669,0.48217897416725464
NO,19,80,86.09132970804394,4.5723671149744405e-05
NO,57,80,86.0913754317151,0.48245596498937005
NO,69,80,86.57389853834161,0.47220713398299097
NO,69,80,87.0461056723246,0.1574026180722825
NO,71,80,87.20350829039688,4.5723671149744405e-05
NO,59,80,87.20355401406803,0.48254476353650944
NO,59,80,87.68609877760454,0.4824075925230318
NO,57,80,88.16850637012757,0.4824075925230318
NO,59,80,88.6509139626506,0.48229785843372497
NO,71,80,89.13321182108433,0.4720728507087273
NO,61,80,89.60535181343019,0.1573978040396895
NO,44,80,89.76274961746988,4.5723671149744405e-05
NO,59,80,89.76279534114103,0.48254476353650944
NO,59,80,90.24534010467754,0.48227042150956834
NO,57,80,90.7276105261871,0.4824075925230318
NO,59,80,91.21001811871014,0.4824075925230318
NO,71,80,91.69242571123317,0.4824990398653455
NO,76,80,92.17492475109852,4.5723671149744405e-05
NO,61,80,92.17497047476967,0.16081015145287836
NO,55,80,92.33578062622254,0.4824075925230318
NO,55,80,92.81818821874558,0.4754166126151489
NO,55,80,93.29360483136072,0.47551744340893265
NO,55,80,93.76912227476966,0.4825447635364952
NO,67,80,94.25166703830615,0.48236186885188204
NO,71,80,94.73402890715803,4.572367116395526e-05
NO,59,80,94.7340746308292,0.1607644277817144
NO,57,80,94.89490764411764,0.48252190170092035
NO,57,80,95.37742954581856,0.48227042150956834
NO,57,80,95.85969996732813,0.4788077810063811
NO,57,80,96.33850774833451,0.4723777552090809
NO,69,80,96.81095408905031,0.4823161451807181
NO,76,80,97.29327023423103,4.572367116395526e-05
NO,61,80,97.2933159579022,0.1607644277817144
NO,44,80,97.45408038568391,4.5723671149744405e-05
NO,59,80,97.45412610935506,0.48254476353650944
NO,59,80,97.93667087289157,0.4824075925230318
NO,57,80,98.4190784654146,0.4789216100283369
NO,59,80,98.89800007544294,0.4723096498582606
NO,71,80,99.3703097253012,0.4824990398653455
NO,69,80,99.85280876516654,4.5723671149744405e-05
NO,57,80,99.85285448883769,0.16081015145287836
NO,59,80,100.01366464029057,0.4824075925230318
NO,59,80,100.4960722328136,0.4824075925230318
NO,59,80,100.97847982533663,0.4822246978384186
NO,59,80,101.46077310868178,0.48224178646350424
NO,71,80,101.94308203678241,0.3149166587172232
P1,71,101,102.57265448717222,0.6434463623316731
P1,71,101,103.21610084950389,0.48224755967399346
P1,71,101,103.69841699468462,0.48233900701629295
P1,66,101,104.18082458720765,0.6363531077604563
P1,61,101,104.81717769496811,4.476109141648976e-05
P1,73,101,104.81722245605953,0.3146047726789476
P1,56,101,105.13182722873847,4.572367116395526e-05
P1,71,101,105.13187295240964,0.6434463623316731
P1,74,101,105.77538790024805,0.4822018360028295
P1,78,101,106.25758973625088,4.572367116395526e-05
P1,78,101,106.25763545992204,0.4823618688518678
P1,76,101,106.73999732877391,4.572367116395526e-05
P1,76,101,106.74004305244507,0.6433091913182096
P1,73,101,107.38342082927002,0.3212773753720626
P1,73,101,107.70469820464209,0.6434463623316873
P1,44,101,108.34814456697377,4.5723671149744405e-05
P1,69,101,108.34819029064492,0.4822246978384186
P1,76,101,108.83041498848334,4.5723671149744405e-05
P1,73,101,108.83046071215449,0.47554343532955556
P1,44,101,109.30600414748405,4.476109143070062e-05
P1,69,101,109.30604890857548,0.6365446622608033
P1,76,101,109.94259357083628,4.5723671149744405e-05
P1,73,101,109.94263929450743,0.3213002372076659
P1,74,101,110.2639395317151,0.6434920860028228
P1,74,101,110.90743161771792,0.3214374082211293
P1,78,101,111.22886902593905,4.5723671149744405e-05
P1,78,101,111.2289147496102,0.47888839989369103
P1,56,101,111.70780314950389,4.476109143070062e-05
P1,83,101,111.70784791059532,0.47225237523032604
P1,76,101,112.18016887133238,0.6429891256201188
P1,67,101,112.82322658245924,0.6434463623316731
P1,67,101,113.46667294479091,0.4822932833451432
P1,67,101,113.94896622813606,0.47546305992204907
P1,69,101,114.42449642969524,0.6365797952870338
P1,76,101,115.06107622498227,4.5723671149744405e-05
P1,73,101,115.06112194865342,0.3212773753720768
P1,44,101,115.3823993240255,4.572367116395526e-05
P1,69,101,115.38244504769666,0.6434463623316731
P1,69,101,116.02595999553508,0.48224755967397925
P1,69,101,116.50820755520905,0.48236186885188204
P1,76,101,116.99056942406094,4.5723671149744405e-05
P1,73,101,116.99061514773209,0.6364551434798074
P1,73,101,117.6270702912119,0.3145703598866163
P1,56,101,117.94164065109851,4.5723671149744405e-05
P1,71,101,117.94168637476966,2.5726830305102766
P1,74,101,120.51443654691707,0.6299004590715924
P1,74,101,121.14433700598866,0.3247351660170068
P1,78,101,121.46907217200567,4.622069454285338e-05
P1,78,101,121.46911839270021,0.32510420198440215
TR,64,80,0.422196418355776,0.32198609227498226
TR,32,80,0.7441825106307582,4.57236711551845e-05
TR,69,80,0.7442282343019134,0.48743673235294105
TR,57,80,1.231734297696669,0.4771972738483343
TR,66,80,1.7089315715450033,4.476109142448337e-05
TR,64,80,1.7089763326364278,0.6365595822466334
TR,32,80,2.3455359148830612,4.5723671155073475e-05
TR,57,80,2.3455816385542163,0.6427376454287739
TR,66,80,2.98831928398299,4.5723671155517565e-05
TR,64,80,2.9883650076541457,0.32196323043940467
TR,32,80,3.3103282380935504,4.5723671155073475e-05
TR,69,80,3.3103739617647054,0.482293283345145
TR,57,80,3.7926672451098504,0.4754880869950391
TR,66,80,4.2681553321048895,4.476109142448337e-05
TR,64,80,4.268200093196314,0.6366000105953225
TR,57,80,4.904868689298369,0.6426919217576188
TR,66,80,5.547560611055988,4.5723671155073475e-05
TR,64,80,5.547606334727143,0.3219860922749822
TR,69,80,5.869661012508858,0.4822475596739908
TR,57,80,6.3519085721828485,0.4823618688518776
TR,66,80,6.834270441034726,4.5723671155073475e-05
TR,64,80,6.834316164705881,0.6364354094613756
TR,32,80,7.470751574167257,4.476109142448337e-05
TR,57,80,7.470796335258681,0.6360056028703038
TR,66,80,8.106801938128985,4.572367115684983e-05
TR,64,80,8.106847661800142,0.3219860922749813
TR,32,80,8.428833754075123,4.5723671155073475e-05
TR,69,80,8.428879477746278,0.48227042150956834
TR,57,80,8.911149899255847,0.4823618688518785
TR,66,80,9.393511768107725,4.5723671155073475e-05
TR,64,80,9.39355749177888,0.6363954624025503
TR,32,80,10.02995295418143,4.476109142359519e-05
TR,57,80,10.029997715272854,0.6360684117647075
TR,64,80,10.666134712544293,0.321940368603828
TR,32,80,10.988075081148121,4.5723671155073475e-05
TR,69,80,10.988120804819276,0.4822475596739899
TR,57,80,11.47043695,0.48233900701630006
TR,64,80,11.952844542523032,0.6432634676470599
TR,32,80,12.596108010170092,4.5723671155073475e-05
TR,57,80,12.596153733841247,0.6427376454287739
TR,66,80,13.23889137927002,4.5723671155073475e-05
TR,64,80,13.238937102941176,0.3219860922749813
TR,69,80,13.56099178072289,0.4822475596739899
TR,57,80,14.04323934039688,0.4755400663004963
TR,66,80,14.518779406697377,4.4761091425371546e-05
TR,64,80,14.518824167788802,0.6365480312898644
TR,57,80,15.1554407845854,0.6426919217576188
TR,66,80,15.798132706343019,4.5723671155073475e-05
TR,64,80,15.798178430014174,0.3219860922749813
TR,69,80,16.12023310779589,0.4822475596739899
TR,57,80,16.60248066746988,0.47549963795180616
TR,66,80,17.077980305421686,4.476109142359519e-05
TR,64,80,17.07802506651311,0.6365879783486896
TR,32,80,17.7146130448618,4.572367115684983e-05
TR,57,80,17.714658768532956,0.6431720203047462
TR,64,80,18.357899374344434,0.32150599372785393
TR,32,80,18.67940536807229,4.572367115684983e-05
TR,69,80,18.679451091743445,0.4824075925230318
TR,57,80,19.161858684266477,0.4822246978384115
TR,66,80,19.64408338210489,4.572367115684983e-05
TR,64,80,19.644129105776045,0.6364474417080075
TR,32,80,20.280576547484053,4.476109142359519e-05
TR,57,80,20.280621308575476,0.6360164324592503
TR,64,80,20.91670632654146,0.3218031975903628
TR,32,80,21.23850952413182,4.572367115329712e-05
TR,69,80,21.238555247802974,0.48213325049610134
TR,57,80,21.720688498299076,0.4824990398653455
TR,66,80,22.20318753816442,4.572367115329712e-05
TR,64,80,22.203233261835575,0.6362760991141059
TR,57,80,22.83957650258682,0.636599769383416
TR,66,80,23.476176271970235,4.572367115329712e-05
TR,64,80,23.47622199564139,0.3216888884124742
TR,69,80,23.797979469560595,0.4822475596739899
TR,57,80,24.280227029234585,0.4823618688518785
TR,66,80,24.762588898086463,4.572367115684983e-05
TR,64,80,24.76263462175762,0.6431491584691713
TR,32,80,25.40578378022679,4.572367115329712e-05
TR,57,80,25.405829503897944,0.6428748164422409
TR,66,80,26.048704320340185,4.572367115329712e-05
TR,64,80,26.04875004401134,0.3217666206945431
TR,69,80,26.37058380634302,0.4719161868887305
TR,57,80,26.842567134868887,0.47926309029057634
TR,66,80,27.321830225159463,4.572367115329712e-05
TR,64,80,27.321875948830616,0.6430119874557079
TR,32,80,27.964887936286324,4.572367115329712e-05
TR,57,80,27.964933659957477,0.6430348492912827
TR,64,80,28.608037094755492,0.3219403686038298
TR,32,80,28.92997746335932,4.572367115329712e-05
TR,69,80,28.930023187030475,0.4822475596739899
TR,57,80,29.412339332211197,0.475488808362865
TR,64,80,29.887895282211197,0.6365311850106323
TR,32,80,30.52442646722183,4.572367115329712e-05
TR,57,80,30.524472190892983,0.6427376454287739
TR,66,80,31.167209836321756,4.572367115684983e-05
TR,64,80,31.167255559992913,0.3219860922749831
TR,69,80,31.489310237774628,0.48195035581148105
TR,57,80,31.97126059358611,0.4757684457122622
TR,66,80,32.44702903929837,4.476109142359519e-05
TR,64,80,32.447073800389795,0.6363191705882372
TR,32,80,33.08339297097803,4.572367115684983e-05
TR,57,80,33.08343869464919,0.6430119874557079
TR,66,80,33.7264506821049,4.5723671149744405e-05
TR,64,80,33.72649640577605,0.3219860922749831
TR,32,80,34.04848249805103,4.572367115684983e-05
TR,69,80,34.04852822172219,0.48197321764705947
TR,57,80,34.530501439369246,0.4826590727143838
TR,66,80,35.01316051208363,4.572367115684983e-05
TR,64,80,35.01320623575479,0.6361280985116977
TR,32,80,35.649334334266484,4.476109142359519e-05
TR,57,80,35.64937909535791,0.6363357756555672
TR,64,80,36.28578345652021,0.3216431647413174
TR,32,80,36.607426621261524,4.572367115684983e-05
TR,69,80,36.60747234493268,0.4825676253720772
TR,57,80,37.09003997030476,0.4823847306874498
TR,64,80,37.57249328649894,0.6432634676470599
TR,32,80,38.215756754146,4.572367115684983e-05
TR,57,80,38.21580247781716,0.6431720203047462
TR,64,80,38.85904308362864,0.32150599372784683
TR,32,80,39.18054907735649,4.572367115684983e-05
TR,69,80,39.180594801027645,0.4824075925230318
TR,57,80,39.66300239355068,0.4754493403260085
TR,66,80,40.138451733876686,4.476109142359519e-05
TR,64,80,40.13849649496811,0.63622724422396
TR,57,80,40.7747923246988,0.6429891256201259
TR,64,80,41.41778145031893,4.572367115684983e-05
TR,60,80,41.417827173990084,0.3219860922749831
TR,65,80,41.7398818517718,0.48190463214032775
TR,32,80,42.221786483912126,4.5723671149744405e-05
TR,57,80,42.221832207583276,0.4755299592133255
TR,64,80,42.6973621667966,4.476109142359519e-05
TR,60,80,42.697406927888025,0.6365581383770404
TR,65,80,43.333965066265066,4.5723671149744405e-05
TR,53,80,43.334010789936215,0.6430119874557079
TR,32,80,43.97702277739192,4.572367115684983e-05
TR,59,80,43.97706850106308,0.3219860922749831
TR,55,80,44.29905459333806,4.5723671149744405e-05
TR,67,80,44.29910031700921,0.4819503558114846
TR,55,80,44.78111925832743,0.4754442884833452
TR,65,80,45.256563546810774,4.476109142359519e-05
TR,62,80,45.2566083079022,0.6366438091070137
TR,62,80,45.89325211700921,0.6430348492912827
TR,64,80,46.536355551807226,0.32194036860383335
TR,32,80,46.85829592041106,4.5723671149744405e-05
TR,69,80,46.85834164408221,0.48224755967399346
TR,57,80,47.340657789262934,0.48233900701630006
TR,64,80,47.823065381785966,0.6361167876328864
TR,57,80,48.45918216941885,0.6363461239546453
TR,66,80,49.0955282933735,4.572367115684983e-05
TR,64,80,49.095574017044655,0.32182605942593767
TR,32,80,49.41740007647059,4.572367115684983e-05
TR,69,80,49.41744580014175,0.4824075925230318
TR,57,80,49.89985339266478,0.4822246978384115
TR,64,80,50.382146676009924,0.6431491584691713
TR,32,80,51.025295834479095,4.572367115684983e-05
TR,57,80,51.02534155815025,0.6430119874557008
TR,64,80,51.66835354560595,4.572367115684983e-05
TR,60,80,51.66839926927711,0.3219244871722182
TR,65,80,51.99039089808647,0.4717595230687479
TR,32,80,52.462150421155215,4.476109142359519e-05
TR,57,80,52.46219518224664,0.47898706431608673
TR,64,80,52.941182246562725,4.572367115684983e-05
TR,60,80,52.94122797023388,0.6433091913182096
TR,65,80,53.58453716155209,4.572367115684983e-05
TR,53,80,53.58458288522325,0.6430348492912827
TR,62,80,54.22768632002126,0.3219860922749831
TR,67,80,54.549672412296246,0.4819503558114846
TR,59,80,55.03169135361446,0.4755186483345142
TR,62,80,55.507277143586116,0.6365470687101364
TR,55,80,56.14382421229625,0.6430348492912827
TR,67,80,56.78692764709427,0.32194036860382624
TR,76,80,57.10886801569809,4.572367115684983e-05
TR,72,80,57.10891373936925,0.48224755967398636
TR,76,80,57.591161299043236,4.572367115684983e-05
TR,64,80,57.59120702271439,0.47549530634302073
TR,67,80,58.066769470694545,0.636273206839121
TR,67,80,58.7031112630404,0.6431262966335964
TR,78,80,59.346237559673995,4.572367115684983e-05
TR,64,80,59.34628328334515,0.3216888884124742
TR,21,80,59.667972171757626,4.5723671149744405e-05
TR,68,80,59.668017895428775,0.48236186885188204
TR,71,80,60.15037976428066,4.572367115684983e-05
TR,59,80,60.150425487951814,0.48208752682494804
TR,66,80,60.63251301477676,4.5723671149744405e-05
TR,64,80,60.63255873844791,0.6364488855776074
TR,21,80,61.26900762402552,4.476109142359519e-05
TR,56,80,61.26905238511694,0.6362893306165844
TR,67,80,61.90534171573353,4.572367115684983e-05
TR,66,80,61.905387439404684,0.32184892126151965
TR,71,80,62.227304946172936,0.48206466498936607
TR,59,80,62.70943819666903,0.4824761780297706
TR,67,80,63.191914374698804,4.572367115684983e-05
TR,66,80,63.19196009836996,0.6362489056697314
TR,44,80,63.82820900403969,4.476109142359519e-05
TR,59,80,63.828253765131116,0.6366264815379239
TR,67,80,64.46488024666904,4.5723671149744405e-05
TR,66,80,64.46492597034019,0.3216888884124671
TR,44,80,64.78661485875266,4.572367116395526e-05
TR,71,80,64.78666058242382,0.48224755967399346
TR,59,80,65.26897672760454,0.48233900701630716
TR,66,80,65.75138432012757,0.6431262966335964
TR,44,80,66.39451061676117,4.5723671149744405e-05
TR,59,80,66.39455634043232,0.6428748164422444
TR,67,80,67.03743115687456,4.5723671149744405e-05
TR,66,80,67.03747688054571,0.3218260594259448
TR,44,80,67.35930293997166,4.5723671149744405e-05
TR,71,80,67.3593486636428,0.4821332504961049
TR,59,80,67.84148191413891,0.47584448951099034
TR,67,80,68.3173264036499,4.476109141648976e-05
TR,66,80,68.31737116474132,0.6362436080793827
TR,44,80,68.9536147728207,4.5723671149744405e-05
TR,59,80,68.95366049649185,0.6430119874557079
TR,67,80,69.59667248394756,4.5723671149744405e-05
TR,66,80,69.59671820761871,0.3219860922749831
TR,44,80,69.91870429989369,4.572367116395526e-05
TR,71,80,69.91875002356485,0.48227042150956834
TR,59,80,70.40102044507442,0.4755073385896509
TR,67,80,70.87652778366407,4.476109141648976e-05
TR,66,80,70.87657254475549,0.636580759000708
TR,44,80,71.5131533037562,4.572367116395526e-05
TR,59,80,71.51319902742736,0.6427147835931919
TR,67,80,72.15591381102055,4.5723671149744405e-05
TR,66,80,72.1559595346917,0.3219860922749831
TR,44,80,72.47794562696669,4.572367116395526e-05
TR,71,80,72.47799135063785,0.4819503558114775
TR,59,80,72.96001029195607,0.4757188717221794
TR,67,80,73.43572916367825,4.476109141648976e-05
TR,66,80,73.43577392476966,0.6363235021970297
TR,44,80,74.07209742696669,4.5723671149744405e-05
TR,59,80,74.07214315063784,0.6430348492912827
TR,67,80,74.71517799992913,4.572367116395526e-05
TR,66,80,74.71522372360029,0.321963230439394
TR,44,80,75.03718695403968,4.572367116395526e-05
TR,71,80,75.03723267771085,0.48199607948262724
TR,59,80,75.51922875719347,0.482659072714398
TR,66,80,76.0019564154146,0.6360999424876042
TR,59,80,76.63812349953933,0.6362958274628028
TR,67,80,77.27441932700214,4.5723671149744405e-05
TR,66,80,77.27446505067329,0.32168888841248133
TR,44,80,77.59615393908577,4.5723671149744405e-05
TR,71,80,77.59619966275692,0.4825676253720701
TR,59,80,78.07876728812899,0.48236186885188204
TR,67,80,78.56112915698087,4.5723671149744405e-05
TR,66,80,78.56117488065202,0.6433091913182238
TR,44,80,79.20448407197024,4.5723671149744405e-05
TR,59,80,79.20452979564139,0.6431491584691713
TR,67,80,79.84767895411056,4.5723671149744405e-05
TR,66,80,79.84772467778171,0.3215517173990179
TR,44,80,80.16927639518073,4.5723671149744405e-05
TR,71,80,80.16932211885188,0.4824075925230318
TR,59,80,80.65172971137491,0.4754221468816411
TR,67,80,81.12715185825655,4.476109143070062e-05
TR,66,80,81.12719661934798,0.6362315758327384
TR,44,80,81.76342819518072,4.5723671149744405e-05
TR,59,80,81.76347391885187,0.6430348492912827
TR,62,80,82.4065773536499,0.3219860922749831
TR,67,80,82.72856344592488,0.4819503558114775
TR,71,80,83.21051380173635,4.572367116395526e-05
TR,59,80,83.21055952540752,0.47552514631466636
TR,65,80,83.68608467172218,4.476109141648976e-05
TR,62,80,83.6861294328136,0.6365629512756925
TR,55,80,84.32276096959603,0.6429891256201188
TR,64,80,84.96575009521615,4.572367116395526e-05
TR,61,80,84.96579581888732,0.3219860922749831
TR,69,80,85.28785049666902,0.4819503558114917
TR,57,80,85.76980085248051,0.4823618688518678
TR,66,80,86.25216272133238,4.572367116395526e-05
TR,64,80,86.25220844500355,0.6365172298724247
TR,64,80,86.88872567487597,0.6362657474131908
TR,66,80,87.52499142228916,4.5723671149744405e-05
TR,66,80,87.52503714596031,0.3219860922749831
TR,44,80,87.8470232382353,4.5723671149744405e-05
TR,71,80,87.84706896190644,0.48227042150956834
TR,59,80,88.32933938341601,0.48236186885188204
TR,67,80,88.8117012522679,4.572367116395526e-05
TR,66,80,88.81174697593906,0.6361353178596687
TR,44,80,89.44788229379873,4.476109141648976e-05
TR,59,80,89.44792705489014,0.6363285563075891
TR,66,80,90.08432419670446,0.3218031975903699
TR,71,80,90.40619597980155,0.48233900701630716
TR,59,80,90.8886035723246,0.48217897416725464
TR,67,80,91.37078254649185,4.5723671149744405e-05
TR,66,80,91.370828270163,0.6431720203047462
TR,44,80,92.01400029046775,4.572367116395526e-05
TR,59,80,92.01404601413891,0.6430348492912827
TR,62,80,92.65714944893692,0.32191919298369953
TR,67,80,92.97906864192062,0.4718042841601715
TR,71,80,93.45087292608079,4.476109141648976e-05
TR,59,80,93.45091768717221,0.4789918772147388
TR,65,80,93.92990956438695,4.572367116395526e-05
TR,62,80,93.92995528805811,0.6433091913182096
TR,55,80,94.57333306488306,0.6429891256201188
TR,66,80,95.21632219050318,4.572367116395526e-05
TR,64,80,95.21636791417434,0.3219860922749831
TR,69,80,95.53842259195605,0.48190463214032775
TR,76,80,96.02032722409638,4.5723671149744405e-05
TR,61,80,96.02037294776753,0.4755371785613107
TR,64,80,96.49591012632884,4.476109143070062e-05
TR,64,80,96.49595488742027,0.6365509190290481
TR,32,80,97.13250580644932,4.572367116395526e-05
TR,57,80,97.13255153012048,0.6430119874557079
TR,67,80,97.77556351757619,4.5723671149744405e-05
TR,66,80,97.77560924124734,0.3219860922749831
TR,44,80,98.09759533352232,4.5723671149744405e-05
TR,71,80,98.09764105719347,0.48227042150956834
TR,59,80,98.57991147870304,0.4754909747342282
TR,67,80,99.05540245343727,4.476109143070062e-05
TR,66,80,99.0554472145287,0.6365971228561307
TR,44,80,99.69204433738483,4.5723671149744405e-05
TR,59,80,99.69209006105598,0.6431720203047462
TR,66,80,100.33533066686746,0.32150599372785393
TR,44,80,100.65683666059532,4.5723671149744405e-05
TR,71,80,100.65688238426647,0.48236186885188204
TR,77,80,101.13924425311835,4.5723671149744405e-05
TR,62,80,101.1392899767895,0.48224755967399346
TR,66,80,101.62160612197023,0.4789006733522285
P1,66,101,102.8941147572289,0.6434463623316873
P1,61,101,103.53756111956059,4.5723671149744405e-05
P1,73,101,103.53760684323174,0.48236186885188204
P1,56,101,104.01996871208362,4.5723671149744405e-05
P1,71,101,104.02001443575477,0.4822689810418126
P1,71,101,104.50228341679659,0.9510269438341652
P1,76,101,105.45331036063075,4.5723671149744405e-05
P1,73,101,105.4533560843019,0.6434692241672622
P1,76,101,106.0968938939759,0.48233900701629295
P1,78,101,106.57930148649893,0.48233900701629295
P1,74,101,107.06164049351523,0.9645179811835618
P1,76,101,108.02622706020553,0.6434235004960982
P1,56,101,108.66965056070163,4.5723671149744405e-05
P1,71,101,108.66969628437278,0.4789726267540715
P1,71,101,109.14866891112685,0.4722129094613763
P1,77,101,109.62088182058822,4.572367116395526e-05
P1,74,101,109.62092754425939,0.9644722575123978
P1,78,101,110.58546838727852,0.4826362108788089
P1,76,101,111.06817318366406,0.3215288555634288
P1,56,101,111.38970203922749,4.572367116395526e-05
P1,83,101,111.38974776289865,0.4755025256909988
P1,78,101,111.86531743022678,0.6365403295180698
P1,74,101,112.50185775974485,4.5723671149744405e-05
P1,74,101,112.501903483416,0.642737645428781
P1,56,101,113.14464112884478,4.5723671149744405e-05
P1,71,101,113.14468685251593,0.6434692241672622
P1,62,101,113.7881560766832,0.4789155944719994
P1,67,101,114.2670716711552,0.47229280357902326
P1,71,101,114.73936447473422,4.572367116395526e-05
P1,71,101,114.73941019840538,0.9644722575123978
P1,76,101,115.70388245591778,4.5723671149744405e-05
P1,73,101,115.70392817958893,0.6434692241672622
P1,64,101,116.34746598926293,0.48233900701629295
P1,71,101,116.82987358178596,0.48221290907157766
P1,74,101,117.31215363249467,3.5169310065910793
P1,78,101,120.82908463908575,4.476109143070062e-05
P1,78,101,120.82912940017718,0.47743080981572916
P1,76,101,121.30662954103472,0.3250239240255155
P1,56,101,121.63165346506024,4.622069454285338e-05
P1,83,101,121.63169968575478,0.7923562263642623
NO,57,64,0.1009190429836995,2.566145727462792
NO,57,64,2.6670647704464914,2.559195603401842
NO,64,64,5.2262603738483335,4.5723671155073475e-05
NO,60,64,5.226306097519489,2.5592184652374206
NO,59,64,7.785593148263642,2.5591727415662646
NO,64,64,10.344765889829906,4.5723671155073475e-05
NO,60,64,10.344811613501061,2.5727795285613055
NO,44,64,12.917591142062367,4.572367115329712e-05
NO,59,64,12.91763686573352,2.5592184652374215
NO,64,64,15.476923916477675,4.803876436463499
NO,57,127,20.59538322749823,0.6432863294826348
NO,66,127,21.238669556980863,4.572367115684983e-05
NO,52,127,21.23871528065202,0.32130023720765166
NO,59,127,21.560084103366407,0.6433320531537916
NO,57,127,22.2034161565202,0.3212884484408214
NO,55,127,22.52477174659816,0.31489427817150784
NO,64,127,22.839666024769667,4.476109142359519e-05
NO,60,127,22.83971078586109,2.5663016127214746
NO,60,127,25.406012398582565,0.3214145463855438
NO,59,127,25.72749553047484,0.6432225591424512
NO,57,127,26.37071808961729,0.3145361894401155
NO,59,127,26.685254279057407,0.9582191108433733
NO,60,127,27.643541975407512,0.6432634676470599
NO,64,127,28.286805443054572,4.572367115329712e-05
NO,52,127,28.286851166725725,2.5592184652374215
NO,55,127,30.84613821746988,0.4816760137845506
NO,67,127,31.32781423125443,4.572367115684983e-05
NO,55,127,31.327859954925586,0.020072691637135875
NO,55,127,31.34793264656272,0.18088284309000713
NO,67,127,31.52881548965273,4.572367115329712e-05
NO,55,127,31.528861213323882,0.020072691637139428
NO,55,127,31.54893390496102,0.18088284309000713
NO,67,127,31.72981674805103,4.572367115329712e-05
NO,55,127,31.729862471722182,0.020072691637135875
NO,55,127,31.749935163359318,0.060789620800850486
NO,57,127,31.81072478416017,4.572367115684983e-05
NO,57,127,31.810770507831325,0.9511850549255918
NO,64,127,32.76195556275692,4.5723671149744405e-05
NO,60,127,32.76200128642807,0.6433091913182167
NO,44,127,33.40531047774628,4.572367115684983e-05
NO,59,127,33.40535620141744,0.9646322903614433
NO,60,127,34.370057077285615,0.9646067842664792
NO,62,127,35.334663861552094,4.476109142359519e-05
NO,62,127,35.33470862264352,0.6298889058469186
NO,64,127,35.96459752849044,4.488748483557764
NO,62,127,40.4533460120482,0.643295233912113
NO,60,127,41.09664124596031,4.572367115684983e-05
NO,60,127,41.09668696963147,0.9646322903614504
NO,60,127,42.06138784549965,0.1605815330970941
NO,59,127,42.22203796410348,0.1605642077958862
NO,57,127,42.382602171899364,0.6299712098157357
NO,59,127,43.0125733817151,0.3215517173990037
NO,64,127,43.334125099114104,4.572367115684983e-05
NO,60,127,43.33417082278526,0.32157457923458566
NO,62,127,43.65581398752658,0.9647923232104887
NO,62,127,44.62060631073707,0.1606043949326761
NO,60,127,44.78121070566974,4.5723671149744405e-05
NO,60,127,44.78125642934089,0.16052474202692935
NO,59,127,44.94184831300496,0.6299435339475536
NO,60,127,45.571860432459246,0.3215288555634359
NO,62,127,45.89338928802268,4.5723671149744405e-05
NO,62,127,45.89343501169383,0.32159744107016763
NO,62,127,46.215032452764,2.0867920997519533
NO,62,127,48.30182455251595,0.15751428072288576
NO,60,127,48.45933883323884,4.476109142359519e-05
NO,60,127,48.45938359433026,0.15737999744862208
NO,59,127,48.61683073341602,0.15739732274982288
NO,64,127,48.774228056165846,4.5723671149744405e-05
NO,60,127,48.774273779836996,0.6433091913182167
NO,57,127,49.417651556661944,0.6428976782778193
NO,59,127,50.060549234939764,0.6433549149893665
NO,57,127,50.70390414992913,0.6433091913182167
NO,64,127,51.34721334124735,4.572367115684983e-05
NO,60,127,51.347259064918504,0.9578023058823533
NO,60,127,52.30512851243799,0.1572009530829206
NO,44,127,52.46232946552091,4.476109142359519e-05
NO,59,127,52.46237422661233,0.15727916438696354
NO,57,127,52.6196533909993,0.643469224167255
NO,59,127,53.26319120067328,0.3215288555634359
NO,60,127,53.58478864174345,0.3215288555634288
NO,44,127,53.90631749730688,4.572367115684983e-05
NO,59,127,53.90636322097804,0.9648151850460636
NO,57,127,54.8711784060241,0.3212268399362159
NO,55,127,55.192472387597455,0.47196094798015764
NO,67,127,55.66443333557761,4.476109142359519e-05
NO,55,127,55.664478096669036,0.019627738589655053
NO,0,127,55.68410583525869,4.476109142359519e-05
NO,55,127,55.684150596350115,0.13821334588944012
NO,50,127,55.82243252774629,0.6432863294826348
NO,52,127,56.46578744273565,2.076490807016299
NO,59,127,58.54227824975195,0.16092446063075982
NO,64,127,58.70320271038271,4.572367115684983e-05
NO,60,127,58.70324843405387,0.16062725676825096
NO,62,127,58.86394427632885,0.16087873695960297
NO,68,127,59.024891598795186,0.6432634676470599
NO,78,127,59.668155066442246,4.572367115684983e-05
NO,64,127,59.6682007901134,0.6428976782778122
NO,62,127,60.31116705389795,0.8004605726789578
NO,44,127,61.111627626576905,4.476109142359519e-05
NO,59,127,61.11167238766833,0.1574919001771775
NO,64,127,61.269164287845506,4.476109142359519e-05
NO,60,127,61.26920904893693,0.15737999744862208
NO,62,127,61.42658904638555,4.476109142359519e-05
NO,62,127,61.426633807476975,0.15743053288447584
NO,59,127,61.58413292586819,0.6432634676470528
NO,67,127,62.22739639351524,4.572367115684983e-05
NO,54,127,62.2274421171864,0.3212773753720768
NO,49,127,62.548719492558476,4.572367115684983e-05
NO,61,127,62.54876521622963,0.6433091913182167
NO,44,127,63.19207440754785,4.5723671149744405e-05
NO,59,127,63.192120131219,0.321328877923456
NO,57,127,63.513449009142455,0.31493903926293854
NO,65,127,63.828388048405394,4.476109142359519e-05
NO,62,127,63.82843280949682,2.566283563784552
NO,62,127,66.39471637328137,0.32146027005669
NO,61,127,66.71617664333806,0.6433091913182238
NO,59,127,67.35955442016301,0.3212545135365019
NO,64,127,67.68080893369951,4.5723671149744405e-05
NO,61,127,67.68085465737066,0.9513684309000752
NO,62,127,68.63222308827073,0.6433091913182096
NO,66,127,69.27553227958894,4.572367116395526e-05
NO,54,127,69.27557800326011,2.5591956034018324
NO,19,127,71.83477360666194,4.572367116395526e-05
NO,57,127,71.8348193303331,0.9646780140326001
NO,59,127,72.7994973443657,0.9511855362154478
NO,65,127,73.75068288058115,4.5723671149744405e-05
NO,62,127,73.7507286042523,0.6433091913182096
NO,61,127,74.39410638107725,0.9646322903614504
NO,62,127,75.3587386714387,0.9646919748405338
NO,64,127,76.32343064627923,0.6298484763642875
NO,66,127,76.95327912264352,4.5723671149744405e-05
NO,66,127,76.95332484631467,0.16039863841247382
NO,64,127,77.11372348472715,0.16092446063076693
NO,66,127,77.27464794535791,4.167375810524447
NO,64,127,81.44209089751949,0.6433005281006388
NO,62,127,82.08539142562013,0.9646780140326001
NO,62,127,83.05006943965273,0.16065011860382583
NO,61,127,83.21071955825656,0.1605603574769674
NO,44,127,83.37127991573352,4.476109141648976e-05
NO,59,127,83.37132467682494,0.629930299043238
NO,64,127,84.00125497586818,4.5723671149744405e-05
NO,61,127,84.00130069953933,0.32159744107016763
NO,62,127,84.3228981406095,0.32159744107016763
NO,64,127,84.64449558167966,0.9648151850460636
NO,64,127,85.60931076672573,0.16062725676825096
NO,62,127,85.7700066090007,0.16062725676825096
NO,61,127,85.93063386576895,0.6434213363926347
NO,62,127,86.57405520216159,0.314827136534376
NO,64,127,86.88888233869596,0.3148317082211207
NO,64,127,87.20378263242381,2.0867644250177193
NO,64,127,89.29054705744153,0.15751428072289286
NO,62,127,89.44812847980155,0.15737999744862918
NO,61,127,89.60550847725018,0.15749262041104828
NO,62,127,89.76300109766123,0.6432863294826348
NO,44,127,90.40628742714387,4.572367116395526e-05
NO,59,127,90.40633315081503,0.6428976782778051
NO,64,127,91.04923082909283,4.572367116395526e-05
NO,61,127,91.049276552764,0.6433091913182096
NO,44,127,91.69258574408221,4.572367116395526e-05
NO,59,127,91.69263146775337,0.6433091913182096
NO,62,127,92.3360092445783,0.9577970116938275
NO,62,127,93.29380625627213,0.15726809472006664
NO,61,127,93.4510743509922,0.157260634160167
NO,44,127,93.60833498515237,4.5723671149744405e-05
NO,59,127,93.60838070882352,0.6434463623316873
NO,64,127,94.2518270711552,4.5723671149744405e-05
NO,61,127,94.25187279482635,0.32159744107016763
NO,62,127,94.57347023589652,0.32159744107016763
NO,64,127,94.89506767696669,0.9647923232104887
NO,64,127,95.8599285856839,0.16062725676825096
NO,62,127,96.02055584245215,0.16059428897945338
NO,61,127,96.18115013143161,0.6299182667965937
NO,66,127,96.8110683982282,4.5723671149744405e-05
NO,66,127,96.81111412189935,0.3215517173990179
NO,32,127,97.13266583929837,4.5723671149744405e-05
NO,69,127,97.13271156296952,0.32157457923459276
NO,71,127,97.45435472771084,4.8040244370659195
NO,59,64,102.57281452002125,2.5592184652374215
NO,55,64,105.13210157076541,0.4818360466335889
NO,55,64,105.613937617399,0.0200955534727143
NO,55,64,105.63403317087172,0.18090570492557845
NO,55,64,105.8149388757973,0.0200955534727143
NO,55,64,105.83503442927001,0.18090570492559266
NO,55,64,106.0159401341956,0.0200955534727143
NO,0,64,106.03603568766832,4.5723671149744405e-05
NO,55,64,106.03608141133947,0.1808599812544287
NO,55,64,106.2169413925939,0.0200955534727143
NO,0,64,106.23703694606661,4.572367116395526e-05
NO,55,64,106.23708266973777,0.1808599812544287
NO,55,64,106.4179426509922,0.0200955534727143
NO,0,64,106.43803820446492,4.5723671149744405e-05
NO,55,64,106.43808392813607,0.1808599812544287
NO,55,64,106.6189439093905,0.0200955534727143
NO,0,64,106.63903946286321,4.572367116395526e-05
NO,55,64,106.63908518653437,0.1808599812544287
NO,55,64,106.8199451677888,0.0200955534727143
NO,0,64,106.84004072126152,4.5723671149744405e-05
NO,55,64,106.84008644493267,0.1808599812544287
NO,67,64,107.0209464261871,4.5723671149744405e-05
NO,55,64,107.02099214985824,0.020049829801564556
NO,0,64,107.04104197965981,4.5723671149744405e-05
NO,55,64,107.04108770333096,0.1808599812544287
NO,67,64,107.22194768458539,4.572367116395526e-05
NO,55,64,107.22199340825655,0.020049829801550345
NO,0,64,107.2420432380581,4.572367116395526e-05
NO,55,64,107.24208896172927,0.1808599812544287
NO,67,64,107.4229489429837,4.5723671149744405e-05
NO,55,64,107.42299466665484,0.020049829801564556
NO,0,64,107.44304449645641,4.5723671149744405e-05
NO,55,64,107.44309022012756,0.1808599812544287
NO,67,64,107.62395020138199,4.572367116395526e-05
NO,55,64,107.62399592505315,0.020049829801550345
NO,0,64,107.6440457548547,4.572367116395526e-05
NO,55,64,107.64409147852587,0.06076675896527206
NO,64,64,107.70485823749114,4.5723671149744405e-05
NO,61,64,107.70490396116229,2.5591956034018466
NO,44,64,110.26409956456413,4.5723671149744405e-05
NO,71,64,110.26414528823528,2.5592413270729963
NO,59,64,112.82338661530828,2.5592184652374215
NO,64,64,115.3826050805457,4.5723671149744405e-05
NO,61,64,115.38265080421685,2.5592413270730106
NO,62,64,117.94189213128986,2.5726563183557687
NO,44,64,120.51454844964563,4.476109143070062e-05
NO,71,64,120.51459321073706,2.5520622132175674
NO,52,64,0.10107907583274273,2.5661228656272144
NO,60,64,2.6672705269666896,2.559172741566265
NO,64,64,5.226443268532955,4.5723671155073475e-05
NO,64,64,5.22648899220411,2.559241327072998
NO,64,64,7.785730319277108,2.5592184652374206
NO,55,64,10.34501737002126,0.48183604663359425
NO,55,64,10.826853416654854,0.0200955534727143
NO,55,64,10.846948970127569,0.18090570492558378
NO,55,64,11.027854675053153,0.0200955534727143
NO,55,64,11.047950228525867,0.18090570492558555
NO,55,64,11.228855933451452,0.0200955534727143
NO,55,64,11.248951486924167,0.18090570492558378
NO,55,64,11.42985719184975,0.0200955534727143
NO,0,64,11.449952745322465,4.5723671155073475e-05
NO,55,64,11.44999846899362,0.18085998125443048
NO,55,64,11.63085845024805,0.0200955534727143
NO,55,64,11.650954003720765,0.18090570492558378
NO,55,64,11.831859708646348,0.0200955534727143
NO,0,64,11.851955262119063,4.572367115684983e-05
NO,55,64,11.85200098579022,0.1808599812544287
NO,55,64,12.032860967044648,0.0200955534727143
NO,0,64,12.052956520517363,4.5723671155073475e-05
NO,55,64,12.053002244188518,0.18085998125443048
NO,55,64,12.233862225442948,0.0200955534727143
NO,0,64,12.253957778915662,4.5723671155073475e-05
NO,55,64,12.254003502586817,0.1808599812544287
NO,67,64,12.434863483841246,4.5723671155073475e-05
NO,55,64,12.434909207512401,0.020049829801559227
NO,0,64,12.45495903731396,4.5723671155073475e-05
NO,55,64,12.455004760985116,0.1808599812544287
NO,67,64,12.635864742239544,4.572367115684983e-05
NO,55,64,12.635910465910701,0.02004982980155745
NO,0,64,12.655960295712259,4.572367115684983e-05
NO,55,64,12.656006019383415,0.1808599812544287
NO,67,64,12.836866000637844,4.5723671155073475e-05
NO,55,64,12.836911724309,0.020049829801559227
NO,0,64,12.856961554110558,4.5723671155073475e-05
NO,55,64,12.857007277781713,0.06076675896527384
NO,62,64,12.917842622253719,2.5591727415662664
NO,60,64,15.477015363819985,4.5723671155073475e-05
NO,60,64,15.47706108749114,4.80389592927002
NO,57,64,20.755964760595322,0.6431262966335929
NO,66,64,21.399091057228915,4.572367115329712e-05
NO,52,64,21.39913678090007,0.32171175024805265
NO,59,64,21.720917116654853,0.6429891256201294
NO,57,64,22.363906242274982,4.572367115329712e-05
NO,57,64,22.363951965946136,0.31808787537207905
NO,55,64,22.682039841318215,0.31507332253720577
NO,64,64,22.99711316385542,4.47610914271479e-05
NO,60,64,22.997157924946848,2.5695274540751214
NO,60,64,25.56668537902197,0.3212773753720768
NO,45,64,25.887962754394046,4.572367115684983e-05
NO,59,64,25.888008478065203,0.6397091397235997
NO,57,64,26.527717617788802,4.476109142359519e-05
NO,57,64,26.527762378880226,0.3149166587172232
NO,59,64,26.84267903759745,4.476109142359519e-05
NO,59,64,26.842723798688873,0.9612854006378484
NO,64,64,27.80400919932672,4.572367115329712e-05
NO,60,64,27.804054922997874,0.6431720203047497
NO,52,64,28.447226943302624,2.5592870507441496
NO,55,64,31.006513994046774,0.9649523560595341
NO,57,64,31.971466350106308,0.9510478839121213
NO,60,64,32.92258281952516,0.6431262966335964
NO,45,64,33.56570911615876,4.572367115684983e-05
NO,59,64,33.565754839829914,0.9649066323883773
NO,64,64,34.53066147221829,4.5723671149744405e-05
NO,60,64,34.53070719588944,0.9611799992912893
NO,62,64,35.49188719518073,0.6332690045712255
NO,64,64,36.125156199751956,4.488711664316085
NO,62,64,40.61386786406804,0.643217743975903
NO,60,64,41.257085608043944,0.9650895270729976
NO,60,64,42.22217513511694,0.16056132005669355
NO,59,64,42.382803596810774,0.15733523635719138
NO,57,64,42.540138833167966,4.476109143070062e-05
NO,57,64,42.540183594259396,0.6329027350460663
NO,59,64,43.173154914812194,0.3218031975903628
NO,64,64,43.49495811240256,4.5723671149744405e-05
NO,60,64,43.49500383607371,0.32132309904323364
NO,62,64,43.81632693511694,0.9650666652374227
NO,62,64,44.781462185861095,0.1605204104181368
NO,60,64,44.94198259627923,0.15737999744862208
NO,59,64,45.09942973536499,0.6328979210134662
NO,64,64,45.73232765637846,4.5723671149744405e-05
NO,60,64,45.73237338004961,0.32184892126151965
NO,62,64,46.05429088681786,0.3212545135365019
NO,62,64,46.375613985861094,2.0839262722891547
NO,62,64,48.45954025815025,0.15742475854004567
NO,60,64,48.616965016690294,0.15744593416017238
NO,45,64,48.774410950850466,4.5723671149744405e-05
NO,59,64,48.774456674521616,0.1603300529057421
NO,64,64,48.93478672742736,4.572367115684983e-05
NO,60,64,48.934832451098515,0.6431491584691713
NO,33,64,49.577981609567686,4.572367115684983e-05
NO,57,64,49.57802733323884,0.6434463623316802
NO,59,64,50.22147369557052,4.5723671149744405e-05
NO,59,64,50.22151941924167,0.6428976782778193
NO,57,64,50.864485683026224,0.6431262966335964
NO,64,64,51.50761197965982,4.572367115684983e-05
NO,60,64,51.50765770333098,0.9548731871013416
NO,60,64,52.46253089043232,0.15725967158044085
NO,45,64,52.61979056201276,4.572367115684983e-05
NO,59,64,52.61983628568392,0.16074156594613953
NO,57,64,52.780577851630056,4.5723671149744405e-05
NO,57,64,52.780623575301206,0.6430348492912827
NO,59,64,53.42365842459249,4.572367115684983e-05
NO,59,64,53.423704148263646,0.32182605942593767
NO,64,64,53.74553020768958,4.572367115684983e-05
NO,60,64,53.74557593136074,0.3212773753720768
NO,45,64,54.06685330673282,4.572367115684983e-05
NO,59,64,54.066899030403974,0.9649066323883773
NO,57,64,55.03180566279235,4.572367115684983e-05
NO,57,64,55.03185138646351,0.3181352818568399
NO,55,64,55.35005380995749,0.6328459417080055
NO,65,64,55.98289975166549,4.572367115684983e-05
NO,50,64,55.98294547533665,0.6431720203047462
NO,52,64,56.62618608114813,2.077199523919205
NO,59,64,58.703454190574064,0.1605815330970941
NO,64,64,58.86403572367116,4.572367115684983e-05
NO,60,64,58.864081447342315,0.1609473224663347
NO,62,64,59.02502876980865,0.1603300529057421
NO,23,64,59.18535882271439,4.572367115684983e-05
NO,68,64,59.18540454638555,0.6431491584691713
NO,78,64,59.82855370485472,4.5723671149744405e-05
NO,64,64,59.82859942852587,0.6433549149893736
NO,62,64,60.47195434351524,0.797388988695964
NO,45,64,61.26934333221121,4.476109142359519e-05
NO,59,64,61.26938809330263,0.15737999744861497
NO,60,64,61.426835232388385,0.31776491739901047
NO,45,64,61.744600149787395,4.5723671149744405e-05
NO,59,64,61.744645873458545,0.6431720203047533
NO,67,64,62.3878178937633,4.5723671149744405e-05
NO,54,64,62.38786361743445,0.3216888884124742
NO,49,64,62.70955250584692,4.572367115684983e-05
NO,61,64,62.70959822951808,0.6430348492912827
NO,59,64,63.35270166431609,0.3180154395464214
NO,57,64,63.670717103862515,4.476109142359519e-05
NO,57,64,63.67076186495394,0.3150733225372093
NO,62,64,63.98590232912828,2.569509886428065
NO,62,64,66.55541221555634,0.32132309904324075
NO,61,64,66.87673531459959,0.6431491584691713
NO,45,64,67.51988447306876,4.5723671149744405e-05
NO,59,64,67.5199301967399,0.3217117502480562
NO,64,64,67.84164194698796,4.5723671149744405e-05
NO,61,64,67.84168767065911,0.9510712270375592
NO,62,64,68.79275889769667,0.6431720203047462
NO,66,64,69.43593091800142,4.572367116395526e-05
NO,54,64,69.43597664167258,2.5591956034018324
NO,21,64,71.99517224507441,4.572367116395526e-05
NO,57,64,71.99521796874558,0.9649066323883773
NO,59,64,72.96012460113396,4.5723671149744405e-05
NO,59,64,72.9601703248051,0.9510483652019843
NO,65,64,73.91121869000709,4.5723671149744405e-05
NO,62,64,73.91126441367824,0.6431720203047462
NO,61,64,74.55450501948972,0.9648837705528024
NO,62,64,75.51945737554925,0.9611294627214875
NO,64,64,76.48058683827074,0.6332738174698704
NO,66,64,77.11386065574061,4.572367116395526e-05
NO,66,64,77.11390637941177,0.16097018430191667
NO,64,64,77.27487656371369,0.1607644277817144
NO,66,64,77.4356409914954,4.166908466725715
NO,64,64,81.60254945822112,4.5723671149744405e-05
NO,64,64,81.60259518189227,0.6431948821403353
NO,62,64,82.2457900640326,0.9651123889085795
NO,62,64,83.21090245294118,0.16057888770374973
NO,61,64,83.37148134064493,0.15737999744861497
NO,45,64,83.52886133809355,4.476109143070062e-05
NO,59,64,83.52890609918498,0.6328846861091364
NO,64,64,84.16179078529412,4.5723671149744405e-05
NO,61,64,84.16183650896527,0.3218946449326836
NO,62,64,84.48373115389795,0.32132309904322653
NO,64,64,84.80505425294118,0.9650895270729904
NO,64,64,85.77014378001417,0.16065011860384004
NO,62,64,85.930793898618,0.16081015145286415
NO,61,64,86.09160405007087,0.6396073440822079
NO,62,64,86.73121139415308,0.3151180836286329
NO,64,64,87.04632947778171,0.3179661022324609
NO,64,64,87.36429558001417,2.0839671830616595
NO,64,64,89.44826276307583,0.15742475854004567
NO,62,64,89.60568752161588,0.15747360889439221
NO,61,64,89.76316113051027,0.16037577657689894
NO,62,64,89.92353690708717,0.6431720203047462
NO,45,64,90.56670892739191,4.572367116395526e-05
NO,59,64,90.56675465106308,0.6434463623316731
NO,64,64,91.21020101339475,4.572367116395526e-05
NO,61,64,91.21024673706592,0.6428748164422302
NO,45,64,91.85312155350815,4.572367116395526e-05
NO,59,64,91.85316727717931,0.6431720203047462
NO,62,64,92.49640788299078,0.9548455123671147
NO,62,64,93.4512533953579,0.1572873463146749
NO,61,64,93.60854074167257,0.1607644277817144
NO,45,64,93.76930516945428,4.5723671149744405e-05
NO,59,64,93.76935089312543,0.6430119874557079
NO,64,64,94.41236288058114,4.5723671149744405e-05
NO,61,64,94.41240860425229,0.3218946449326694
NO,62,64,94.73430324918496,0.32132309904324075
NO,64,64,95.0556263482282,0.9650895270729904
NO,64,64,96.02071587530119,0.16056853940467875
NO,62,64,96.18135155634302,0.15737999744861497
NO,61,64,96.33873155379163,0.6328955156980811
NO,66,64,96.97169565499645,0.3218031975903557
NO,33,64,97.29349885258681,4.572367116395526e-05
NO,69,64,97.29354457625797,0.3212773753720768
NO,71,64,97.61482195163005,4.5723671149744405e-05
NO,71,64,97.6148676753012,4.643668153295536
NO,54,64,102.57299741470588,2.5591956034018324
NO,50,64,105.13219301810771,4.572367116395526e-05
NO,62,64,105.13223874177888,2.5728252522324624
NO,64,64,107.70506399401134,2.5592184652374073
NO,66,64,110.26435104475549,2.5591727415662575
NO,62,64,112.82352378632174,4.572367116395526e-05
NO,62,64,112.82356950999291,2.5592413270729963
NO,64,64,115.3828108370659,2.5592184652374215
NO,66,64,117.94209788781005,2.5726743672927057
NO,66,64,120.51477225510276,2.551883168851873
NO,33,127,0.10126197051736356,0.4824075925230333
NO,33,127,0.5836695630403969,0.16076442778171507
NO,31,127,2.3458102569099926,0.16081015145286992
NO,31,127,2.5066204083628625,0.16074156594613775
NO,33,127,2.6673619743090002,4.5723671155073475e-05
NO,33,127,2.6674076979801553,0.48240759252303356
NO,33,127,3.149815290503189,0.16081015145287036
NO,31,127,4.905097307654145,0.1607644277817153
NO,31,127,5.065861735435861,0.16074156594613687
NO,33,127,5.2266033013819975,4.5723671155073475e-05
NO,33,127,5.2266490250531525,0.4824304543586111
NO,33,127,5.709079479411764,0.16078728961729283
NO,31,127,7.471020140715804,0.15740237799433032
NO,31,127,7.628422518710134,0.15744497158043913
NO,33,127,7.785936075797307,0.482384730687456
NO,33,127,8.268320806484763,0.1607644277817144
NO,31,127,10.030221520729977,0.15737999744861852
NO,31,127,10.187668659815733,0.15744015754783725
NO,40,127,10.34510881736357,4.5723671155073475e-05
NO,36,127,10.345154541034725,0.48240759252303356
NO,36,127,10.827562133557759,0.16081015145287125
NO,36,127,12.596382352197022,0.16081015145287125
NO,36,127,12.757192503649893,0.16074156594613598
NO,21,127,12.91793406959603,4.572367115684983e-05
NO,35,127,12.917979793267186,0.48238473068745513
NO,35,127,13.400433109461375,0.1607644277817144
NO,31,127,15.155669402941175,0.16076442778171618
NO,31,127,15.316433830722891,0.1607644277817144
NO,33,127,15.47726684401134,0.48238473068745513
NO,33,127,15.959651574698794,0.16078728961729105
NO,31,127,17.71488738688873,0.1607644277817144
NO,31,127,17.87572040017718,0.16071870411055755
NO,33,127,18.036439104287737,4.572367115684983e-05
NO,33,127,18.036484827958894,0.32157457923458566
NO,21,127,18.35812799270021,0.1607644277817144
NO,33,127,18.518892420481926,0.1607644277817144
NO,21,127,19.00130001300496,0.1607644277817144
NO,31,127,20.281091300035435,0.15780522781714978
NO,31,127,20.438896527852584,0.1568067653437275
NO,33,127,20.595703293196312,4.572367115684983e-05
NO,33,127,20.59574901686747,0.48231614518072163
NO,33,127,21.07806516204819,0.16083301328844968
NO,31,127,22.8399122107725,0.15737999744861852
NO,31,127,22.997359349858257,0.15735665205528093
NO,33,127,23.15471600191354,4.572367115329712e-05
NO,33,127,23.15476172558469,0.4825904872076556
NO,33,127,23.63742079829908,0.1607644277817144
NO,31,127,25.406241016938342,0.1606272567682474
NO,31,127,25.56686827370659,0.16076442778171796
NO,33,127,25.727632701488307,0.48252190170092035
NO,33,127,26.210154603189228,0.16076491133947712
NO,31,127,27.965276587491143,0.16087873695960297
NO,31,127,28.126223909957478,0.16078728961729283
NO,33,127,28.28701119957477,4.572367115329712e-05
NO,33,127,28.287056923245924,0.4823390070163036
NO,33,127,28.769395930262228,0.16087873695960297
NO,31,127,30.52470080924876,0.16081015145287125
NO,31,127,30.68551096070163,0.16074156594613598
NO,40,127,30.846252526647767,4.572367115684983e-05
NO,36,127,30.846298250318924,0.48231614518072163
NO,36,127,31.328682981006377,0.16083301328844968
NO,36,127,33.0837358985117,0.1609473224663347
NO,36,127,33.24468322097803,0.16083301328844612
NO,21,127,33.40551623426648,4.572367115684983e-05
NO,35,127,33.405561957937635,0.48233900701630006
NO,35,127,33.887900964953936,0.1608558751240281
NO,31,127,35.649670042452165,0.15760380290574005
NO,31,127,35.807340986995044,0.15748515985116995
NO,33,127,35.964826146846214,4.572367115684983e-05
NO,33,127,35.96487187051737,0.4822018360028366
NO,33,127,36.44707370652021,0.16071870411055755
NO,31,127,38.216031096172934,0.16081015145287125
NO,31,127,38.376841247625805,0.1607644277817144
NO,33,127,38.53767426091425,0.3215288555634288
NO,21,127,38.85927170198441,0.16074156594613953
NO,33,127,39.02008185343728,0.1607644277817144
NO,21,127,39.502443722289165,0.16081015145287125
NO,31,127,40.775066666725735,0.1609473224663347
NO,31,127,40.93601398919207,0.16083301328844612
NO,29,127,41.09691558798725,0.48227042150956834
NO,29,127,41.57925459500355,0.16083301328844612
NO,29,127,43.33437657930546,0.16081015145286415
NO,29,127,43.49518673075833,0.16074156594613953
NO,0,127,43.65592829670447,4.572367115684983e-05
NO,31,127,43.65597402037562,0.4824990398653455
NO,31,127,44.13847306024097,0.160855875124021
NO,31,127,45.89366363004961,0.1607644277817144
NO,31,127,46.05442805783132,0.1607644277817144
NO,33,127,46.21519248561304,4.572367115684983e-05
NO,33,127,46.215238209284195,0.4824761780297706
NO,33,127,46.697714387313965,0.16087873695960297
NO,31,127,48.45971930251595,0.15737999744861497
NO,31,127,48.617166441601704,0.15740454209780097
NO,33,127,48.774570983699505,4.572367115684983e-05
NO,33,127,48.77461670737066,0.4823161451807252
NO,33,127,49.25700143805812,0.16083301328844612
NO,31,127,51.02563876201276,0.1609473224663347
NO,31,127,51.186586084479096,0.16083301328844612
NO,42,127,51.34741909776754,4.572367115684983e-05
NO,29,127,51.3474648214387,0.4822932833451432
NO,29,127,51.829826690290574,0.16076563270730304
NO,29,127,53.58494867459249,0.16081015145287125
NO,29,127,53.74575882604536,0.1607644277817144
NO,31,127,53.90659183933381,0.48245331619418863
NO,31,127,54.389045155527995,0.16083301328845323
NO,31,127,56.144144277994336,0.1609473224663347
NO,31,127,56.30509160046067,0.16081015145287125
NO,40,127,56.46590175191354,4.572367115684983e-05
NO,36,127,56.4659474755847,0.48233900701630006
NO,36,127,56.948286482601,0.16087873695960297
NO,36,127,58.703591361587534,0.16062725676824385
NO,36,127,58.86428720386252,0.16087873695960297
NO,32,127,59.02523452632885,0.32132309904322653
NO,20,127,59.34662621087882,0.16087873695960297
NO,32,127,59.50757353334515,0.16083301328844612
NO,20,127,59.98979823118356,0.1609473224663347
NO,32,127,61.26954475712262,0.15742475854003857
NO,32,127,61.426969515662655,0.15746061406804301
NO,35,127,61.5844301297307,4.5723671149744405e-05
NO,35,127,61.58447585340185,0.4823161451807252
NO,35,127,62.06679199858257,0.1608558751240281
NO,33,127,63.828656614953935,0.15737999744862208
NO,33,127,63.98603661240256,0.15740622604535304
NO,35,127,64.14344283844791,4.572367116395526e-05
NO,35,127,64.14348856211907,0.48261334904323405
NO,35,127,64.62610191116231,0.16081015145286415
NO,33,127,66.39492212980156,0.16065011860384004
NO,33,127,66.5555722484054,0.1607644277817144
NO,35,127,66.71633667618711,4.5723671149744405e-05
NO,35,127,66.71638239985826,0.48245331619419574
NO,35,127,67.19883571605246,0.16090159879517785
NO,33,127,68.95395770035437,0.1609473224663276
NO,33,127,69.1149050228207,0.16083301328845323
NO,35,127,69.27580662161589,0.4823161451807181
NO,35,127,69.7581227667966,0.1608558751240281
NO,33,127,71.51342764578314,0.1607644277817144
NO,33,127,71.67426065907158,0.16071870411056466
NO,41,127,71.83497936318214,4.5723671149744405e-05
NO,38,127,71.83502508685329,0.48233900701630716
NO,38,127,72.3173640938696,0.16083301328845323
NO,38,127,74.07248607817151,0.16092446063075272
NO,38,127,74.23341053880226,0.1608558751240281
NO,37,127,74.39426641392629,0.48233900701630716
NO,37,127,74.8766054209426,0.16087873695960297
NO,33,127,76.63839206608789,0.1576261834514554
NO,33,127,76.79601824953934,0.15753521513110513
NO,35,127,76.95362205017719,0.4822018360028295
NO,35,127,77.43582388618002,0.16065011860382583
NO,33,127,79.20475841399717,0.1607644277817144
NO,33,127,79.36559142728562,0.16071870411055045
NO,35,127,79.52631013139617,4.572367116395526e-05
NO,35,127,79.52635585506734,0.3215974410701534
NO,23,127,79.84795329613749,0.16081015145287836
NO,35,127,80.00876344759037,0.1607644277817144
NO,23,127,80.4911710401134,0.16078728961728928
NO,33,127,81.76381684638554,0.16087873695960297
NO,33,127,81.92476416885188,0.16078728961728928
NO,31,127,82.08555145846917,4.572367116395526e-05
NO,31,127,82.08559718214033,0.48233900701629295
NO,31,127,82.56793618915663,0.16087873695960297
NO,31,127,84.3231038971297,0.16078728961728928
NO,31,127,84.48389118674699,0.1607644277817144
NO,33,127,84.6446556145287,4.5723671149744405e-05
NO,33,127,84.64470133819985,0.48245331619419574
NO,33,127,85.12722323990077,0.16083301328845323
NO,33,127,86.88908376360737,0.15737999744861497
NO,33,127,87.04653090269312,0.15736603890857737
NO,35,127,87.2038969416017,4.572367116395526e-05
NO,35,127,87.20394266527286,0.4824990398653455
NO,35,127,87.68644170513821,0.1608558751240139
NO,33,127,89.44846418798724,0.15737999744861497
NO,33,127,89.60584418543586,0.15745411608789084
NO,35,127,89.76329830152375,4.5723671149744405e-05
NO,35,127,89.7633440251949,0.48233900701630716
NO,35,127,90.2456830322112,0.1608558751240139
NO,33,127,92.01438894167258,0.16087873695960297
NO,33,127,92.1753362641389,0.16078728961728928
NO,31,127,92.3361235537562,4.572367116395526e-05
NO,31,127,92.33616927742736,0.48233900701629295
NO,31,127,92.81850828444365,0.16080654347979362
NO,31,127,94.57367599241672,0.1607644277817144
NO,31,127,94.73450900570516,0.16071870411056466
NO,33,127,94.89522770981573,4.5723671149744405e-05
NO,33,127,94.89527343348688,0.48245331619419574
NO,33,127,95.3777953351878,0.16083301328845323
NO,33,127,97.13291731948972,0.16081015145286415
NO,33,127,97.29372747094259,0.16074156594613953
NO,35,127,97.45446903688872,4.572367116395526e-05
NO,35,127,97.45451476055989,0.48249903986533127
NO,35,127,97.93701380042522,0.1608558751240281
NO,35,127,99.69231867941176,0.1607644277817144
NO,35,127,99.85315169270021,0.1607644277817144
NO,35,127,100.01391612048192,0.32157457923457855
NO,23,127,100.33555928522324,0.1607644277817144
NO,35,127,100.49632371300495,0.16081015145286415
NO,23,127,100.97873130552799,0.16081015145287836
NO,35,127,102.25867011187101,0.1576709445428719
NO,35,127,102.41634105641388,0.15681639114103518
NO,35,127,102.57315744755492,0.48227042150956834
NO,35,127,103.05542786906449,0.1609473224663418
NO,33,127,104.81751340315378,0.1572457141743513
NO,33,127,104.97475911732813,0.15761679546420737
NO,31,127,105.13244449829908,0.4822018360028295
NO,31,127,105.61471491980863,0.16090159879519206
NO,31,127,107.38364944762579,0.16065011860384004
NO,31,127,107.54429956622963,0.16090159879517785
NO,33,127,107.7052011650248,4.5723671149744405e-05
NO,33,127,107.70524688869595,0.48227042150956834
NO,33,127,108.18751731020552,0.16090159879517785
NO,33,127,109.94289077469878,0.16062725676825096
NO,33,127,110.10358661697377,0.1608558751240281
NO,35,127,110.2644424920978,4.5723671149744405e-05
NO,35,127,110.26448821576895,0.48227042150956834
NO,35,127,110.74675863727852,0.1609473224663418
NO,33,127,112.50213210177178,0.16067298043941491
NO,33,127,112.6628050822112,0.16087873695960297
NO,31,127,112.8236838191708,4.5723671149744405e-05
NO,31,127,112.82372954284195,0.48224755967399346
NO,31,127,113.30604568802266,0.16090159879519206
NO,31,127,115.06141915251594,0.16062725676825096
NO,31,127,115.22204640928419,0.16090159879517785
NO,33,127,115.38301659358609,0.48224755967399346
NO,33,127,115.86526415326009,0.16092446063076693
NO,33,127,117.62731647721473,0.15724571417433708
NO,33,127,117.78462933302622,0.15756000212614651
NO,35,127,117.94218933515236,4.572367116395526e-05
NO,35,127,117.94223505882353,0.4823847306874427
NO,35,127,118.42468837501771,0.1607644277817144
NO,35,127,120.19350859365697,0.1607644277817144
NO,35,127,120.35427302143869,0.1606558974840624
NO,35,127,120.51492891892275,0.4721176118001438
NO,35,127,120.98704653072289,0.15755904181430935
NO,33,127,122.74597245630757,0.1608558751240281
NO,33,127,122.9068283314316,0.15982709252303096
