P1,60,80,0.04632183544303797,0.09746387420886077
P1,57,80,0.1442182753164557,0.11640569699367087
P1,60,80,0.26192166930379746,0.09880710443037971
P1,57,80,0.478933033227848,0.10096221635021102
P1,60,80,0.581175032278481,0.11808904008438814
P1,57,80,0.8029497398734177,0.10098648945147681
P1,64,80,0.9053556246835442,0.11318266708860747
P1,57,80,1.1175755037974682,0.11338913924050642
P1,60,80,1.232190351107595,0.0967863662974684
P1,57,80,1.4467165014240506,0.0991258370253163
P1,60,80,1.5471172688291137,0.09885263765822794
P1,62,80,1.764401832120253,0.09855667167721505
P1,59,80,1.8636187356012657,0.11615526424050615
P1,62,80,1.9810716968354427,0.09882987104430407
P1,59,80,2.1981058273734178,0.09876157120253115
P1,62,80,2.298142328955696,0.09887540427215225
P1,59,80,2.5151536928797467,0.09880710443037932
P1,66,80,2.615349560759493,0.11303754272151911
P1,59,80,2.827424315506329,0.11338913924050642
P1,62,80,2.9420391628164557,0.09678636629746817
P1,59,80,3.1399230813291137,0.11581376503164575
P1,62,80,3.257011776740506,0.09882987104430407
P1,64,80,3.4743646398734174,0.09842007199367098
P1,60,80,3.57346771028481,0.11617803085443024
P1,64,80,3.690966204746835,0.09880710443037977
P1,60,80,3.891312407278481,0.11306079034810113
P1,64,80,4.0055989056962025,0.09676408069620202
P1,60,80,4.218025256962025,0.09671950949367147
P1,67,80,4.3160819025316455,0.11539915585442984
P1,60,80,4.532655890664556,0.09912583702531652
P1,64,80,4.63305665806962,0.11554056566455717
P1,60,80,4.84972652278481,0.11581376503164531
P1,64,80,4.966815218196202,0.09885263765822838
P1,62,80,5.184077014873417,0.10058122136075998
P1,59,80,5.285333030748945,0.10163801518987281
P1,62,80,5.388320634968355,0.11804250253164561
P1,59,80,5.610118611339662,0.10996136708860771
P1,62,80,5.721293781381856,0.09409140395569615
P1,59,80,5.92787870907173,0.09409046856540115
P1,66,80,6.0233351744725745,0.09873880458860729
P1,59,80,6.239913972732068,0.09912583702531652
P1,62,80,6.340314740137131,0.11554056566455628
P1,59,80,6.556961838238397,0.11585929825949304
P1,62,80,6.674096066877637,0.09882987104430363
P1,64,80,6.874761002004219,0.11270213370253224
P1,60,80,6.98810941814346,0.09738807753164558
P1,64,80,7.0867677749472575,0.11305485522151937
P1,60,80,7.299252487763713,0.11542673259493608
P1,64,80,7.415954150738396,0.09887540427215225
P1,60,80,7.616277586656118,0.11549503243670944
P1,67,80,7.733161382542193,0.09873880458860818
P1,60,80,7.9497629474156115,0.09912583702531652
P1,64,80,8.050163714820675,0.11556333227848015
P1,60,80,8.268946679113924,0.10133552109704702
P1,64,80,8.371561982911393,0.11811230886075919
P1,66,80,8.593662453375527,0.11314038786919767
P1,62,80,8.707449123681434,0.09738807753164558
P1,66,80,8.806129766086498,0.11307714082278508
P1,62,80,9.018578402953587,0.09863121677215148
P1,66,80,9.118461783491561,0.11558609889240579
P1,62,80,9.335495914029536,0.11549503243670856
P1,69,80,9.452379709915611,0.09873880458860818
P1,62,80,9.668958508175105,0.09912583702531563
P1,66,80,9.769359275580168,0.09884063048523117
P1,62,80,9.980389979061181,0.09435150458860697
P1,66,80,10.075933611550631,0.1100225677215203
P1,67,80,10.28310517120253,0.11510799999999932
P1,64,80,10.39889616962025,0.09946733623417892
P1,67,80,10.499683969462025,0.0988526376582275
P1,64,80,10.716695333386074,0.10085006482067627
P1,67,80,10.818848449683543,0.11811230886075919
P1,64,80,11.04064642605485,0.11806577130801621
P1,71,80,11.160131592721518,0.09875671313291079
P1,64,80,11.360040371518986,0.11581376503164442
P1,67,80,11.477129066930377,0.09876297347046581
P1,64,80,11.68806043834388,0.0943948546940927
P1,67,80,11.783647420938816,0.1100225677215203
P1,66,80,11.990535799367088,0.10043473739451514
P1,62,80,12.09164533127637,0.11874056582278492
P1,66,80,12.21173548612869,0.10098648945147737
P1,62,80,12.433533462499998,0.09880375284810228
P1,66,80,12.533589379113923,0.11556333227848015
P1,62,80,12.750623509651899,0.0987185318037973
P1,69,80,12.850642544620252,0.10989251740506312
P1,62,80,13.056837321360758,0.11026099330168826
P1,66,80,13.168312117616033,0.09415642911392474
P1,62,80,13.382475514556962,0.10131225232067465
P1,66,80,13.48509081835443,0.10103302700422034
P1,64,80,13.707703201898733,0.09801462310126752
P1,66,80,13.806378056803798,0.11617803085442979
P1,59,80,13.923944851107594,0.09871603797468431
P1,64,80,14.123494222151898,0.11608696439873434
P1,59,80,14.24085611693038,0.09887540427215136
P1,64,80,14.45786748085443,0.09880710443037977
P1,59,80,14.671810826582277,0.09734350632911415
P1,64,80,14.770112613765821,0.09705379351265897
P1,66,80,14.86785726091772,0.11365656645569722
P1,67,80,14.983185247468354,0.09838159098101329
P1,66,80,15.082568569462024,0.1158137650316462
P1,64,80,15.199680031487341,0.09880710443037977
P1,62,80,15.29921566756329,0.11613249762658207
P1,66,80,15.416987361392405,0.0984883718354439
P1,67,80,15.516181498259494,0.09944456962025328
P1,66,80,15.616331832911392,0.11613249762658207
P1,64,80,15.834253861392405,0.11282992009493675
P1,62,80,15.948331775158227,0.09678636629746862
P1,64,80,16.16075812642405,0.5305528852848092
P1,64,80,17.108987310759492,0.11636016376582248
P1,66,80,17.225802806803795,0.09969500237341933
P1,60,80,17.326795506170885,0.11549503243670856
P1,64,80,17.544080069462023,0.11278566693038172
P1,60,80,17.658113730063288,0.09676408069620379
P1,64,80,17.853625309968354,0.11361199525316223
P1,60,80,18.06806165806962,0.11613249762658029
P1,64,80,18.185173120094937,0.09917137025316336
P1,66,80,18.28564218734177,0.11551779905063242
P1,67,80,18.402867482436708,0.09842007199367231
P1,69,80,18.502289285443037,0.09912583702531563
P1,71,80,18.6021208875,0.11610973101265643
P1,67,80,18.718936383544303,0.09946733623417714
P1,71,80,18.82002014936709,0.11278710996835173
P1,72,80,18.933520398575947,0.09732122072784932
P1,71,80,19.032134184177213,0.11307714082278508
P1,69,80,19.24485313433544,0.0984883718354439
P1,67,80,19.344001737974683,0.11613249762658029
P1,69,80,19.561605033860758,0.5326932325949372
P1,64,80,20.539424985021093,0.09328942700421905
P1,66,80,20.633126238027423,0.1108245446729974
P1,59,80,20.745316311023203,0.09396135363924074
P1,64,80,20.935276473259492,0.11534906904008224
P1,59,80,21.05190047267932,0.09887540427214958
P1,64,80,21.268934603217296,0.09880710443037799
P1,59,80,21.48283994894514,0.09734350632911415
P1,64,80,21.58111945052742,0.09707607911392557
P1,66,80,21.678908668881853,0.11363428085443061
P1,67,80,21.79421436983122,0.09841959098101327
P1,66,80,21.89363569182489,0.1158137650316462
P1,64,80,22.010747153850208,0.09882987104430185
P1,62,80,22.110282789926156,0.11613249762658029
P1,66,80,22.22805448375527,0.09846560522152004
P1,67,80,22.32724862062236,0.09942180300632586
P1,66,80,22.427376188660332,0.11613249762658384
P1,64,80,22.645298217141345,0.11279240110759758
P1,62,80,22.75933861191983,0.09678636629746507
P1,64,80,22.971764963185652,0.5305904042721501
P1,64,80,23.920031666508436,0.11636016376582248
P1,66,80,24.03684716255274,0.09969500237341933
P1,60,80,24.13783986191983,0.11549503243670856
P1,64,80,24.355124425210967,0.11274814794304078
P1,60,80,24.46912056682489,0.09676408069620379
P1,64,80,24.66460986112869,0.11364005300633195
P1,60,80,24.879106013818564,0.11613249762658029
P1,64,80,24.99621747584388,0.09917137025316336
P1,66,80,25.096686543090716,0.11551779905063242
P1,67,80,25.213911838185652,0.10046236666666886
P1,69,80,25.31539803101266,0.10131225232067465
P1,71,80,25.417431615400844,0.11867075949367134
P1,67,80,25.536823706962025,0.1016612839662443
P1,71,80,25.64013707405063,0.10967640395569589
P1,72,80,25.750507079694092,0.0946549553270053
P1,71,80,25.84641918808017,0.1099792176160328
P1,69,80,26.053399257647676,0.0984883718354439
P1,67,80,26.15254786128692,0.11610973101265643
P1,69,80,26.370151157172995,0.5327842990506326
P1,67,80,27.34771206397679,0.204807573364981
P1,64,80,27.55384181555907,0.20526274947257406
P1,66,80,27.76064349377637,0.21959191244725318
P1,76,80,27.980980007067508,0.10161474641349955
P1,74,80,28.08366511719409,0.31869637858649824
P1,72,80,28.40299896097046,0.21627737447257545
P1,71,80,28.62090196439873,0.2048725985232096
P1,69,80,28.826749940295354,0.11026099330169004
P1,71,80,28.93742275959915,0.9551622727848113
P1,71,80,30.327987197257382,0.20541447484177056
P1,69,80,30.534637150105482,0.20532777463080265
P1,64,80,30.741547203586496,0.21976754161392265
P1,66,80,30.962664334229952,0.220401849789031
P1,67,80,31.184462310601262,0.19895961128692008
P1,69,80,31.38412768691983,0.11613249762658029
P1,71,80,31.501284682172994,0.3116086337025301
P1,69,80,31.81382931112869,0.2114680704113887
P1,67,80,32.026968801635014,0.2151039335443059
P1,69,80,32.24339319878692,0.09880710443037799
P1,66,80,32.34263286888185,0.9673163109177239
P1,67,80,34.16780639372362,0.1988906457278503
P1,64,80,34.36740280448312,0.21628283227848044
P1,66,80,34.58532483296413,0.2108439185126585
P1,76,80,34.7968818907173,0.11365656645569544
P1,74,80,34.91156359483122,0.3138293101265859
P1,72,80,35.22632633612869,0.2160551661392347
P1,71,80,35.44408899831223,0.21521280142405175
P1,69,80,35.660326297362865,0.09912583702531919
P1,71,80,35.75997576650844,0.9582898631329115
P1,71,80,37.153369288660336,0.19909403876582132
P1,69,80,37.353169092457804,0.21626006566455658
P1,64,80,37.57111388755274,0.21082339398734717
P1,66,80,37.78320756081224,0.21111150079114083
P1,67,80,37.995656197679324,0.2155262428797471
P1,69,80,38.21191097220464,0.09944456962025328
P1,71,80,38.312380039451476,0.3327568291139258
P1,69,80,38.64607029973629,0.19934447151898382
P1,67,80,38.84641650226793,0.211395445411398
P1,69,80,39.05910451255274,0.11307714082278153
P1,66,80,39.17260507979958,0.965346632911384
P1,67,80,40.55665250938818,0.22741045253165026
P1,79,80,40.78406296191983,2.2285601268379196e-05
P1,67,80,40.7840852475211,0.19594318354429419
P1,64,80,40.981781460337544,0.09826070569620526
P1,66,80,41.08047473169831,0.11640569699366665
P1,59,80,41.198269192141346,0.21553153401898584
P1,64,80,41.415439922362864,0.10055242879747084
P1,59,80,41.517039446097044,0.2207043438818559
P1,64,80,41.73909337900844,0.10098648945147204
P1,59,80,41.95210673839662,0.09467663037974461
P1,64,80,42.047715396044296,0.11030434340717932
P1,66,80,42.15927689251055,0.09406972890295151
P1,67,80,42.25497225036919,0.11707797399789399
P1,66,80,42.373097319303795,0.10128898354430049
P1,64,80,42.47573589187763,0.10100975822784619
P1,62,80,42.57746698217299,0.11858981170886551
P1,66,80,42.697661357173,0.09640751107595236
P1,67,80,42.794759721888184,0.11367885205696382
P1,66,80,42.9097088532173,0.21115607199367048
P1,64,80,43.12246948850211,0.10049948586497948
P1,62,80,43.2240160693038,0.22072761265823004
P1,64,80,43.44609327099156,0.5140753824367081
P1,64,80,44.40431975638187,0.09663036708860773
P1,66,80,44.501395835495785,0.11392399367088757
P1,60,80,44.61659010843883,0.19475386946202633
P1,64,80,44.81232454435655,0.11336685363924204
P1,60,80,44.92669425005275,0.21135664240506458
P1,64,80,45.13934345733123,0.09676857278481776
P1,60,80,45.35365605780592,0.09942180300632941
P1,64,80,45.454056825210984,0.09914860363923594
P1,66,80,45.55420715986288,0.11579099841772234
P1,67,80,45.6717056543249,0.10050605479958108
P1,69,80,45.77325880406119,0.11836826540084644
P1,71,80,45.8929533897152,0.10100975822784619
P1,67,80,45.99468448001056,0.11869402827004194
P1,71,80,46.11505386017934,0.09852603401898818
P1,72,80,46.214308425843896,0.09944456962025328
P1,71,80,46.31477749309073,0.2158538520042157
P1,69,80,46.53219194889242,0.10965409182489338
P1,67,80,46.64282141809073,0.20558787526370992
P1,69,80,46.849666446413515,0.5372070067510535
P1,64,80,47.80505672352322,0.09432982953586588
P1,66,80,47.899798379061195,0.11084621972573672
P1,59,80,48.01172835142407,0.20543614989450987
P1,64,80,48.21811820363926,0.10099032014768028
P1,59,80,48.31985312463082,0.22096030042194315
P1,64,80,48.541837251213096,0.10131225232067465
P1,59,80,48.755040906962044,0.09467663037974461
P1,64,80,48.85064956460972,0.11030434340717932
P1,66,80,48.96190761033757,0.09435150458860875
P1,67,80,49.05723449229959,0.11786209836498074
P1,66,80,49.17614368560128,0.1012889835443076
P1,64,80,49.2784797640823,0.10131225232067465
P1,62,80,49.380536617246854,0.11850624182489611
P1,66,80,49.500023425527445,0.09700922231012754
P1,67,80,49.597723501476814,0.11367885205696382
P1,66,80,49.71238291998947,0.21140121360759423
P1,64,80,49.92478698565403,0.10118181745780674
P1,62,80,50.02673667273209,0.2210301067510514
P1,64,80,50.248790605643485,0.514268866244727
P1,64,80,51.20685879446205,0.0994390400843912
P1,66,80,51.30675316682492,0.1163829303797499
P1,60,80,51.424137828217326,0.19925340506328837
P1,64,80,51.624415730907195,0.11349320094937099
P1,60,80,51.73864435669834,0.21166864082278636
P1,64,80,51.95131584957809,0.09700922231012754
P1,60,80,52.165722712710995,0.09942180300632941
P1,64,80,52.26612348011606,0.09917137025316691
P1,66,80,52.36629658138188,0.1158137650316462
P1,67,80,52.483112077426185,0.09912583702531919
P1,69,80,52.58323964546416,0.11579099841772234
P1,71,80,52.70003237489454,0.09912583702531919
P1,67,80,52.7998639769515,0.11615526424051126
P1,71,80,52.91704373881859,0.09910307041138822
P1,72,80,53.01687534087555,0.09942180300632941
P1,71,80,53.11732164150846,0.21596409968354635
P1,69,80,53.334287472204664,0.11344798575949255
P1,67,80,53.44844859720467,0.211713212025316
P1,69,80,53.66114237568568,0.5308624786392357
P1,67,80,54.60994078386078,0.20567457547468848
P1,64,80,54.81665576186711,0.2055445251582242
P1,66,80,55.02317566439876,0.2204930157173024
P1,76,80,55.244390012183565,0.1016147464135031
P1,74,80,55.34677262821732,0.33560143306961976
P1,72,80,55.68330749245783,0.21600963291139408
P1,71,80,55.9003416229958,0.19918510522151678
P1,69,80,56.100528459229984,0.1158137650316391
P1,71,80,56.21686585638188,0.95830028243671
P1,71,80,57.593206703692005,0.2116914113924082
P1,69,80,57.805900967141376,0.21140121360759423
P1,64,80,58.018305032805934,0.21594918829113396
P1,66,80,58.235255952109725,0.2159413330696225
P1,67,80,58.45222178280593,0.21591856645569862
P1,69,80,58.66884611429327,0.09942180300632941
P1,71,80,58.76901921555909,0.31634210047468514
P1,69,80,59.086317513818585,0.21600963291139408
P1,67,80,59.30335164435656,0.2113952824367118
P1,69,80,59.51572749324897,0.11334456803797366
P1,66,80,59.62949548771099,0.9487262056962038
P1,67,80,61.43771487141352,0.21623729905063271
P1,64,80,61.65495390147681,0.21600963291139408
P1,66,80,61.87196526540086,0.20355442642404853
P1,76,80,62.07624102389242,0.11869402827004194
P1,74,80,62.19570292178272,0.30806579926159827
P1,72,80,62.50465739820677,0.2056529004219385
P1,71,80,62.71128567600213,0.22017554514768278
P1,69,80,62.932485047310145,0.1013355210970488
P1,71,80,63.034262675158246,0.9494778218881876
P1,71,80,64.41846898992618,0.2208791194092754
P1,69,80,64.64037193549579,0.22072761265822294
P1,64,80,64.86214664309072,0.1993258857594924
P1,66,80,65.06247425986287,0.21596409968354635
P1,67,80,65.279462857173,0.21149757911392442
P1,69,80,65.49165128992617,0.11367885205696382
P1,71,80,65.60604328122363,0.31410282753164154
P1,69,80,65.92107953992617,0.21603239952531794
P1,67,80,66.13813643707806,0.21591856645569862
P1,69,80,66.35507950116035,0.09910307041138822
P1,66,80,66.45463790385021,0.955778818723644
P1,64,80,67.41116132341773,0.09945829156119146
P1,60,80,67.5110749472574,0.11638293037974279
P1,64,80,67.6284596086498,0.21598686629747021
P1,62,80,67.84544820595993,0.09908030379747856
P1,59,80,67.94527980801689,0.09937626977848879
P1,62,80,68.04568057542195,0.21591856645569862
NO,52,64,0.04645843512658228,1.7166457
NO,54,64,1.7645384318037973,1.7084374446202533
NO,55,64,3.4744784729430376,0.23215116218354437
NO,67,64,3.706629635126582,2.2766613923863588e-05
NO,55,64,3.706652401740506,0.10012756803797496
NO,0,64,3.8067799697784808,2.2766613923863588e-05
NO,55,64,3.8068027363924046,0.1651894825949367
NO,67,64,3.9719922189873413,2.228560126615875e-05
NO,55,64,3.9720145045886075,0.09796750316455638
NO,0,64,4.069982007753164,2.228560126660284e-05
NO,55,64,4.0700042933544305,0.163331171677215
NO,67,64,4.2333354650316455,2.228560126571466e-05
NO,55,64,4.233357750632911,0.09831447231012636
NO,0,64,4.3316722229430376,2.2766613923863588e-05
NO,55,64,4.331694989556961,0.16685651344936758
NO,67,64,4.498551503006329,2.2766613923863588e-05
NO,55,64,4.498574269620253,0.10012756803797451
NO,0,64,4.598701837658227,2.2766613923863588e-05
NO,55,64,4.598724604272151,0.16683374683544372
NO,67,64,4.765558351107595,2.2766613923863588e-05
NO,55,64,4.765581117721519,0.10010480142405065
NO,0,64,4.8656859191455695,2.2766613923863588e-05
NO,55,64,4.865708685759493,0.16687928006329145
NO,67,64,5.032587965822785,2.2766613923863588e-05
NO,55,64,5.032610732436709,0.10010480142405065
NO,0,64,5.132715533860759,2.2766613923863588e-05
NO,55,64,5.132738300474683,0.05004101740506339
NO,54,64,5.1842136145569615,1.6891586239978906
NO,55,64,6.874897601687763,0.22720266693038038
NO,55,64,7.102100268618144,0.09852464319620235
NO,55,64,7.200624911814346,0.16430925712025246
NO,67,64,7.364934168934599,2.2766613924751766e-05
NO,55,64,7.364956935548523,0.1000820348101259
NO,0,64,7.465038970358649,2.2766613924751766e-05
NO,55,64,7.465061736972574,0.16687928006329056
NO,67,64,7.631941017035865,2.2766613923863588e-05
NO,55,64,7.6319637836497884,0.10133419857594994
NO,0,64,7.733297982225738,2.2766613923863588e-05
NO,55,64,7.733320748839662,0.16564988291139215
NO,67,64,7.898970631751054,2.2766613923863588e-05
NO,55,64,7.898993398364978,0.1001275680379754
NO,0,64,7.999120966402954,2.2766613923863588e-05
NO,55,64,7.9991437330168775,0.16813144382911283
NO,67,64,8.16727517684599,2.2766613925639945e-05
NO,55,64,8.167297943459916,0.10178834831223504
NO,0,64,8.269086291772151,2.326877637237601e-05
NO,55,64,8.269109560548523,0.16969918607594892
NO,67,64,8.438808746624472,2.3268776370599653e-05
NO,55,64,8.438832015400843,0.1023128097046424
NO,0,64,8.541144825105485,2.3268776370599653e-05
NO,55,64,8.541168093881856,0.0511447704641359
NO,57,64,8.593802066033755,1.6879143417194094
NO,59,64,10.283241770886075,1.7060585504746832
NO,57,64,11.990665849683543,1.715362000316457
NO,52,64,13.70781954578059,0.4316568393459921
NO,54,64,14.140683015664557,0.41624200237341746
NO,55,64,14.558382081329114,0.22739731012658204
NO,67,64,14.785779391455696,2.2285601264826482e-05
NO,55,64,14.785801677056961,0.09856921439873467
NO,0,64,14.884370891455696,2.228560126660284e-05
NO,55,64,14.884393177056962,0.0974103631329104
NO,59,64,14.983318961075948,0.43232517009493776
NO,55,64,15.834367694462024,0.22737550553797448
NO,67,64,16.0617432,2.2285601268379196e-05
NO,55,64,16.061765485601267,0.09912635443037843
NO,0,64,16.160891840031645,2.2285601264826482e-05
NO,55,64,16.16091412563291,0.09676408069620379
NO,54,64,16.25912677041139,0.43243467405063285
NO,50,64,16.69283637484177,0.43240629825949384
NO,52,64,17.126517603481012,0.4162420023734157
NO,54,64,17.54421666914557,0.4232657776898705
NO,55,64,17.968935821044305,0.23233329509493572
NO,55,64,18.20126911613924,0.10003650158227728
NO,0,64,18.301305617721518,2.2766613923863588e-05
NO,55,64,18.30132838433544,0.10010480142405243
NO,59,64,18.402981315506327,0.41569560363924296
NO,62,64,19.244989734018986,0.4323379984177187
NO,61,64,19.67880756234177,0.4322013987341755
NO,57,64,20.112306658069617,0.4255959745780622
NO,52,64,20.53955503533755,0.41096570553797207
NO,54,64,20.951727371413497,0.4162647689873431
NO,55,64,21.369471970305902,0.22733654351265997
NO,67,64,21.596808513818562,2.2285601264826482e-05
NO,55,64,21.596830799419827,0.09859149999999772
NO,0,64,21.695422299419825,2.2285601268379196e-05
NO,55,64,21.695444585021093,0.0973880775316438
NO,59,64,21.794350488502104,0.43233799841772225
NO,55,64,22.645412050210965,0.22733798655063708
NO,67,64,22.8727500367616,2.2285601264826482e-05
NO,55,64,22.872772322362867,0.09912635443037843
NO,0,64,22.971898676793245,2.2285601268379196e-05
NO,55,64,22.971920962394513,0.09676408069620024
NO,54,64,23.07013360717299,0.43247219303797735
NO,50,64,23.503880730590716,0.43240629825949384
NO,52,64,23.937561959229956,0.4162420023734157
NO,54,64,24.355261024894514,0.42323932199366965
NO,55,64,24.77998017679325,0.23233329509493572
NO,67,64,25.012313471888184,2.2766613923863588e-05
NO,55,64,25.012336238502108,0.10001373496835342
NO,0,64,25.11234997347046,2.2766613923863588e-05
NO,55,64,25.112372740084385,0.10010480142405243
NO,59,64,25.21402567125527,0.42473854498945585
NO,62,64,26.053535857331223,0.43233799841772225
NO,61,64,26.487353685654007,0.43226969857595066
NO,57,64,26.92092108122363,0.4254688045358641
NO,55,64,27.347842114293247,0.2208037622890302
NO,67,64,27.568645876582277,2.167505274286441e-05
NO,55,64,27.56866755163502,0.09537023206750916
NO,55,64,27.66403778370253,0.09532688196202699
NO,54,64,27.760773544092824,0.4414227199367069
NO,52,64,28.20375527204641,0.4157811640295357
NO,54,64,28.621032014715187,0.41161876492616045
NO,55,64,29.034176142774257,0.2152355680379756
NO,52,64,29.250777707647675,0.21557706724683712
NO,54,64,29.467561405432484,0.2203514699894562
NO,55,64,29.68849459483122,0.1017776278481044
NO,59,64,29.79143566149789,0.9487893638713061
NO,52,64,30.741677253902953,0.8588698649788995
NO,55,64,31.602072482014766,0.2274458924050613
NO,67,64,31.829518374419827,2.2285601264826482e-05
NO,55,64,31.82954066002109,0.0986137856012661
NO,55,64,31.928154445622358,0.09741036313291218
NO,52,64,32.02708022964135,0.43216323575948934
NO,50,64,32.46076882853375,0.21519003481012788
NO,47,64,32.67732486017932,0.2156226004746884
NO,48,64,32.89415409119198,0.19902573892404973
NO,57,64,33.09372622885021,0.11633739715189506
NO,55,64,33.211224723312235,0.22613041650843257
NO,67,64,33.43735513982067,2.167505274286441e-05
NO,55,64,33.43737681487341,0.09532688196202344
NO,0,64,33.53270369683543,2.167505274286441e-05
NO,55,64,33.532725371888176,0.15892148670886286
NO,67,64,33.69164685859704,2.167505274286441e-05
NO,55,64,33.69166853364978,0.031472176582276745
NO,54,64,33.72439786329113,0.4422450916139269
NO,55,64,34.167921733280586,0.2324471281645586
NO,67,64,34.400368861445145,2.2766613923863588e-05
NO,55,64,34.40039162805907,0.10012756803797629
NO,0,64,34.500519196097045,2.2766613923863588e-05
NO,55,64,34.50054196271097,0.08343964003164217
NO,54,64,34.58543866603375,0.4232901503164541
NO,52,64,35.01022195163502,0.4324327500000038
NO,54,64,35.44422559799578,0.43201926582278105
NO,55,64,35.87749702758439,0.1990485055379736
NO,52,64,36.07788876334388,0.2156226004746884
NO,54,64,36.29471799435654,0.21121042642405286
NO,55,64,36.50646327521097,0.11385713686708954
NO,59,64,36.62145697774262,0.9482681463607605
NO,52,64,37.571250487236284,0.8571254501582288
NO,55,64,38.429901300527426,0.23228776186708444
NO,67,64,38.66218906239451,2.2766613923863588e-05
NO,55,64,38.662211829008434,0.10003650158228083
NO,0,64,38.762248330590715,2.2766613923863588e-05
NO,55,64,38.76227109720464,0.09953898734177358
NO,52,64,38.86279065100211,0.4076036471519018
NO,50,64,39.27188743343882,0.21521232041138916
NO,47,64,39.488442984071725,0.21564536708861226
NO,48,64,39.70531774831223,0.21566813370252902
NO,57,64,39.92153228074894,0.09962670253164418
NO,55,64,40.02229731397679,0.23278862737341655
NO,67,64,40.25508594135021,2.2766613923863588e-05
NO,55,64,40.25510870796413,0.10040076740506265
NO,55,64,40.355509475369196,0.16662884731012895
NO,55,64,40.522138322679325,0.03335308939873016
NO,50,64,40.55678910907173,0.42362635443037533
NO,52,64,40.981918060021094,0.4321786321202481
NO,54,64,41.415553755432484,0.44055417436708666
NO,55,64,41.857018282014764,0.22190918997890208
NO,67,64,42.078927471993666,2.167505274286441e-05
NO,55,64,42.07894914704641,0.09521850669831622
NO,0,64,42.174167653744725,2.1675052735758982e-05
NO,55,64,42.17418932879746,0.07943906830168856
NO,59,64,42.25510230068565,0.44122192041140096
NO,55,64,43.12258091650844,0.23716192536920033
NO,67,64,43.35974284187764,2.3268776374152367e-05
NO,55,64,43.359766110654014,0.1023128097046353
NO,55,64,43.46207892035865,0.08517997832278468
NO,54,64,43.54845102658228,0.4119343773734201
NO,50,64,43.96162088196203,0.4416068799578099
NO,52,64,44.404453469989456,0.42322585363924503
NO,54,64,44.82854846207807,0.4078140007911415
NO,55,64,45.23761462663503,0.2324471281645586
NO,67,64,45.47006175479959,2.2766613923863588e-05
NO,55,64,45.47008452141351,0.10037800079113879
NO,0,64,45.57046252220465,2.2766613923863588e-05
NO,55,64,45.570485288818574,0.0998088354430422
NO,59,64,45.67184225400845,0.4418387483649795
NO,62,64,46.532321999208875,0.4116092515822771
NO,61,64,46.945123378691996,0.4420060310126601
NO,57,64,47.38843246118145,0.4316884239978904
NO,52,64,47.82129133802744,0.41253712035864964
NO,54,64,48.23473594066457,0.4401939713607632
NO,55,64,48.67584026424052,0.22190918997890918
NO,67,64,48.89774945421943,2.1675052735758982e-05
NO,55,64,48.897771129272165,0.09521850669831622
NO,55,64,48.99298963597048,0.07977087621308243
NO,59,64,49.07376106956753,0.4416171352320717
NO,55,64,49.941619488765845,0.23820246371307974
NO,55,64,50.179821952478925,0.1023128097046424
NO,0,64,50.28213476218357,2.3268776374152367e-05
NO,55,64,50.28215803095994,0.08366274931434248
NO,54,64,50.36673113248948,0.4129827341244692
NO,50,64,50.78073769277429,0.4421432683544282
NO,52,64,51.223837158913526,0.43239504430380293
NO,54,64,51.657123627267964,0.4077657523734146
NO,55,64,52.06584557742619,0.23299352689873132
NO,67,64,52.29883910432492,2.2766613923863588e-05
NO,55,64,52.29886187093884,0.10040076740506265
NO,0,64,52.399262638343906,2.2766613923863588e-05
NO,55,64,52.39928540495783,0.099490102848101
NO,59,64,52.499754472204664,0.43295269699367367
NO,62,64,53.3506148076477,0.42416907990506303
NO,61,64,53.775740085337574,0.43295269699367367
NO,57,64,54.20967174672998,0.4312643625527386
NO,55,64,54.64199818686711,0.22154071408227338
NO,67,64,54.863538900949386,2.167505274286441e-05
NO,55,64,54.86356057600213,0.09537023206750916
NO,0,64,54.95893080806964,2.167505274286441e-05
NO,55,64,54.95895248312238,0.08004404003165178
NO,54,64,55.039927274208885,0.442168884388181
NO,52,64,55.48305235638188,0.43295269699366656
NO,54,64,55.91698401777428,0.4159038544303826
NO,55,64,56.33382386745783,0.21144578481012388
NO,52,64,56.54611650511606,0.21187420015822056
NO,54,64,56.75890136983124,0.21603239952531794
NO,55,64,56.975502934704664,0.09958116930379646
NO,59,64,57.075949235337575,0.9580043164556926
NO,52,64,58.03490974957808,0.8668615917721567
NO,55,64,58.90272753913504,0.23308459335442677
NO,67,64,59.13581213248947,2.2766613923863588e-05
NO,55,64,59.13583489910339,0.10003650158228083
NO,0,64,59.235871400685674,2.2766613923863588e-05
NO,55,64,59.2358941672996,0.08280632515823072
NO,52,64,59.319658773312256,0.42407545332278573
NO,50,64,59.74469042441985,0.21600963291139408
NO,47,64,59.96156518866036,0.21616899920885402
NO,48,64,60.17862208581225,0.2160551661392418
NO,57,64,60.395246417299596,0.09958116930379646
NO,55,64,60.49566995131858,0.22994454272151899
NO,55,64,60.7256144940401,0.09798978876582254
NO,0,64,60.823604282805924,2.2285601268379196e-05
NO,55,64,60.82362656840719,0.16339802848101215
NO,67,64,60.987024596888205,2.2285601268379196e-05
NO,55,64,60.98704688248947,0.03274125712025011
NO,54,64,61.020767104008456,0.432884397151895
NO,55,64,61.45460769894516,0.23299352689873842
NO,67,64,61.6876012258439,2.2766613923863588e-05
NO,55,64,61.68762399245782,0.10017310126582402
NO,0,64,61.78779709372365,2.2766613923863588e-05
NO,55,64,61.78781986033757,0.10008368760548336
NO,54,64,61.88881103022153,0.42428225184599455
NO,52,64,62.31400363428271,0.4128086986814381
NO,54,64,62.72781289034812,0.44218494783755347
NO,55,64,63.17095403597048,0.21603239952531794
NO,52,64,63.38782880021099,0.21451559636076212
NO,54,64,63.60301632320677,0.18996016223628942
NO,55,64,63.79354003681436,0.11069449435654377
NO,59,64,63.90503650812238,0.9728232794303722
NO,52,64,64.87881598533755,0.8410522207278461
NO,55,64,65.72082440385022,0.23306182674051001
NO,67,64,65.95388623059073,2.2766613923863588e-05
NO,55,64,65.95390899720465,0.10003650158228083
NO,0,64,66.05394549878693,2.2766613923863588e-05
NO,55,64,66.05396826540085,0.09983160205695185
NO,52,64,66.15477883185655,0.43117937858650635
NO,50,64,66.58658678697259,0.19004686244724667
NO,47,64,66.77745730142406,0.20653582536920112
NO,48,64,66.98490060907174,0.22086722531645364
NO,57,64,67.20634955379748,0.11881037215189849
NO,55,64,67.32571837658229,0.2352837550105562
NO,67,64,67.56100213159284,2.2766613923863588e-05
NO,55,64,67.56102489820677,0.10008203481012856
NO,0,64,67.6611069330169,2.2766613923863588e-05
NO,55,64,67.66112969963082,0.16694757990505593
NO,67,64,67.82807727953588,2.2766613923863588e-05
NO,55,64,67.8281000461498,0.03303435680381028
NO,50,64,67.86213613396626,0.3994630079113932
TR,33,80,0.04657226819620253,0.1477553243670886
TR,33,80,0.2621493354430379,0.14916685443037975
TR,45,80,0.5814542575949366,0.15243375400843884
TR,43,80,0.803205696413502,0.06713041983122359
TR,33,80,0.9056115812236286,0.24414433080168785
TR,33,80,1.2324354927215189,0.06433853085443042
TR,31,80,1.3305812806962025,0.14901021123417713
TR,36,80,1.5473677015822784,0.14918962104430378
TR,33,80,1.9812993629746833,0.14918962104430356
TR,45,80,2.2983927617088606,0.14918962104430333
TR,43,80,2.5154041256329114,0.06568168117088558
TR,33,80,2.615599993512658,0.24400473022151914
TR,33,80,2.9422843044303795,0.06433853085443042
TR,31,80,3.0404329784810127,0.14905302136075926
TR,36,80,3.2572622094936707,0.14916685443037947
TR,33,80,3.4745923060126582,0.14877982199367068
TR,33,80,3.6911938708860754,0.14918962104430378
TR,45,80,4.005866332911392,0.14601525949367122
TR,43,80,4.2182703985759495,0.06429395965189855
TR,33,80,4.316327525158227,0.23246989477848157
TR,33,80,4.633307090822784,0.08241514240506387
TR,31,80,4.750236419936709,0.14907578797468357
TR,36,80,4.967065650949367,0.14916685443037903
TR,33,80,5.388576591508438,0.15241048523206757
TR,45,80,5.721532206962025,0.14201494556962047
TR,43,80,5.928095459599156,0.06253252716244795
TR,33,80,6.023562840611815,0.2325154280063284
TR,33,80,6.340565172890296,0.08241514240506298
TR,31,80,6.45749450200422,0.14905302136075882
TR,36,80,6.674346499630802,0.14914408781645516
TR,33,80,6.8749877061181435,0.1456364042721523
TR,33,80,7.087012916561181,0.14601525949367122
TR,45,80,7.416181816877637,0.14925792088607626
TR,43,80,7.616528019409283,0.08239237579113912
TR,33,80,7.7334345819092825,0.2325154280063293
TR,33,80,8.050391380959915,0.08248344224683457
TR,31,80,8.167389009915611,0.15221379535864976
TR,36,80,8.371841208227847,0.15245702278481055
TR,33,80,8.806374907700421,0.14601525949367122
TR,45,80,9.11873498285865,0.14918962104430378
TR,43,80,9.3357463467827,0.08239237579113912
TR,33,80,9.452652909282701,0.23249266139240454
TR,33,80,9.76958694171941,0.06574998101265805
TR,31,80,9.86978218491561,0.14188489525316506
TR,36,80,10.076193712183544,0.14201494556962047
TR,33,80,10.28333283734177,0.14875705537974682
TR,33,80,10.499911635601265,0.14918962104430378
TR,45,80,10.819127674999999,0.15245702278480877
TR,43,80,11.040902382594934,0.0842329704641358
TR,33,80,11.160387549261602,0.23252781276371337
TR,33,80,11.477379499683543,0.06572721439873419
TR,31,80,11.577452644198312,0.14190657030590614
TR,36,80,11.783907521571729,0.14201494556962047
TR,33,80,12.211968173892403,0.15245702278481055
TR,45,80,12.533862578481012,0.14918962104430378
TR,43,80,12.750873942405063,0.06570444778481033
TR,33,80,12.850880970200421,0.23725512732067422
TR,33,80,13.16852886814346,0.06261922737341763
TR,31,80,13.264029150527426,0.15206974588607558
TR,36,80,13.485346774894515,0.15245702278481055
TR,40,80,13.707935889662446,0.14834658486286934
TR,40,80,13.924195283860758,0.14903025474683673
TR,52,80,14.241106549683543,0.14918962104430378
TR,40,80,14.458117913607595,0.06568168117088646
TR,40,80,14.558495914398733,0.24379710759493634
TR,40,80,14.88450460506329,0.06485109968354585
TR,38,80,14.983430389082278,0.14867833227848237
TR,43,80,15.199930464240506,0.1491668544303799
TR,36,80,15.417237794145569,0.14880258860759454
TR,36,80,15.633315726898735,0.14973601977848006
TR,48,80,15.94857691677215,0.14605983069620265
TR,36,80,16.16102555363924,0.06427167405063017
TR,36,80,16.25923819841772,0.1488333694620252
TR,48,80,16.47555181155063,0.14953112025316528
TR,35,80,16.69295020791139,0.1490530213607606
TR,47,80,16.909529006170885,0.14950835363924142
TR,33,80,17.126608669936708,0.1493034541139231
TR,33,80,17.32706870553797,0.14909855458860832
TR,45,80,17.658336586075947,0.14608211629747103
TR,33,80,17.870250368512657,0.06482881408227925
TR,33,80,17.969049654113924,0.23233329509493572
TR,33,80,18.28586985348101,0.08241514240506476
TR,33,80,18.40309514857595,0.1487342887658194
TR,45,80,18.61910478148734,0.14973601977848006
TR,31,80,18.82027058212025,0.14569765189873252
TR,31,80,19.032379325791137,0.14601525949366945
TR,43,80,19.361008398575947,0.14973601977848006
TR,31,80,19.561832699999997,0.08241514240506476
TR,30,80,19.67892139541139,0.14887088844936613
TR,42,80,19.89527252753164,0.14948558702531756
TR,29,80,20.11242049113924,0.15244631956750965
TR,41,80,20.31684925712025,0.15275951687763722
TR,40,80,20.539663410601264,0.14119129356539872
TR,40,80,20.745554736603374,0.14186322020042041
TR,52,80,21.052150905432484,0.14918962104430378
TR,40,80,21.269162269356535,0.06568168117088646
TR,40,80,21.36958580337552,0.24375862658228087
TR,40,80,21.69555601302742,0.06482881408227925
TR,38,80,21.794464321571727,0.14871152215189554
TR,43,80,22.01099758660337,0.1491668544303799
TR,36,80,22.228304916508435,0.14880258860759454
TR,36,80,22.444360082647673,0.1497360197784836
TR,48,80,22.759583753533754,0.14605983069620265
TR,36,80,22.97203239040084,0.06427167405063372
TR,36,80,23.070245035179322,0.14887088844936613
TR,48,80,23.286596167299574,0.14953112025316528
TR,35,80,23.503994563660335,0.1490530213607606
TR,47,80,23.72057336191983,0.14950835363924142
TR,33,80,23.937653025685652,0.1493034541139231
TR,33,80,24.138113061286916,0.14909855458860832
TR,45,80,24.46934342283755,0.14605983069620265
TR,33,80,24.681234919672995,0.06485109968354408
TR,33,80,24.780094009862868,0.23233329509493572
TR,33,80,25.096914209229958,0.0824151424050612
TR,33,80,25.214139504324894,0.15189138407173175
TR,45,80,25.43479012257384,0.15303874219409153
TR,31,80,25.64039303059072,0.1416729258966214
TR,31,80,25.846657613660337,0.14201494556962047
TR,43,80,26.169554521888184,0.1497132531645562
TR,31,80,26.370378823312233,0.08241514240506476
TR,30,80,26.487467518723626,0.14889365506329355
TR,42,80,26.70386418407173,0.14950835363923787
TR,29,80,26.921034914293248,0.15250976133966176
TR,41,80,27.12550385327004,0.15275951687763722
TR,36,80,27.34795048955696,0.14145139419830954
TR,36,80,27.554058566086496,0.14197159546413474
TR,48,80,27.86189040959915,0.15299220464135033
TR,36,80,28.083921073734174,0.0844656582278489
TR,35,80,28.203848347151894,0.2991415821729966
TR,39,80,28.6211403899789,0.300437906065401
TR,40,80,29.034289975843876,0.14882535522152196
TR,40,80,29.250891540717294,0.14918962104430378
TR,52,80,29.56959114757384,0.15294566708860557
TR,51,80,29.791575274156116,0.0844889270042195
TR,38,80,29.91099063449367,0.23288186603375394
TR,38,80,30.227904072521095,0.06622807990506274
TR,50,80,30.328247297890293,0.14207997072784906
TR,38,80,30.534875575685653,0.1420149455696169
TR,37,80,30.741785629166664,0.15179370801687497
TR,37,80,30.962897021993665,0.15245702278481232
TR,49,80,31.284296084862866,0.14969048655063233
TR,37,80,31.501535114926156,0.06593211392405252
TR,36,80,31.602186315084385,0.2438679754746822
TR,36,80,31.92826587362869,0.06485109968354408
TR,48,80,32.02721394324894,0.14863071202532296
TR,36,80,32.24364363154008,0.14912132120252863
TR,35,80,32.46088266160337,0.1488253552215184
TR,35,80,32.67743869324894,0.1492123876582312
TR,47,80,32.99407675970464,0.14969048655063233
TR,35,80,33.211338556381854,0.06595488053797283
TR,36,80,33.31142308338607,0.14201494556962047
TR,48,80,33.51770456033755,0.1423617464134992
TR,35,80,33.724506238554845,0.15234737542194665
TR,47,80,33.94563611693037,0.15306201097046568
TR,36,80,34.168035566350206,0.149075787974688
TR,36,80,34.38438669847046,0.14975878639240392
TR,48,80,34.699159529166664,0.14655011392405015
TR,36,80,34.911831022046414,0.0645391012658223
TR,35,80,35.01033337964135,0.31598392484176685
TR,39,80,35.4443394310654,0.3158640015822769
TR,40,80,35.87761086065401,0.14934898734176727
TR,40,80,36.0780025964135,0.14923515427215506
TR,52,80,36.408896912869196,0.14657239952531853
TR,51,80,36.621568405748945,0.0645391012658223
TR,38,80,36.71980333612869,0.23262781803797594
TR,38,80,37.03637165970464,0.0829843077531649
TR,50,80,37.15364248802743,0.14925792088607182
TR,38,80,37.37015298644515,0.1497132531645562
TR,37,80,37.57136432030591,0.14567729034809673
TR,37,80,37.7834304168249,0.14603754509493427
TR,49,80,38.111783404166665,0.15000921914556642
TR,37,80,38.31263047220464,0.08266557515823081
TR,36,80,38.430015133597045,0.2323105284810154
TR,36,80,38.74628893422996,0.08296154113924104
TR,48,80,38.86290207900844,0.1464164003164541
TR,36,80,39.059371939767935,0.14594840268986786
TR,35,80,39.27200078549578,0.1488253552215184
TR,35,80,39.488556817141344,0.14925792088607892
TR,47,80,39.80521765021097,0.1496449533227846
TR,35,80,40.02241114704641,0.0826655751582237
TR,36,80,40.1394998424578,0.14916685443038347
TR,48,80,40.35564607505274,0.15000921914556642
TR,31,80,40.556880175527425,0.1458180561708815
TR,43,80,40.768841896255275,0.14628268670885802
TR,40,80,40.98203189309071,0.1485749224683559
TR,40,80,41.198496858280585,0.1490757879746809
TR,52,80,41.517295402637124,0.15273624810127018
TR,40,80,41.73932606677215,0.0842329704641287
TR,40,80,41.85712665727848,0.22193086503164494
TR,40,80,42.15949364303797,0.06255420221518904
TR,38,80,42.255210675949364,0.15146348765822637
TR,43,80,42.47599184841772,0.15245702278480877
TR,36,80,42.69790649878692,0.14565868987341446
TR,36,80,42.90995399483123,0.14605983069620265
TR,48,80,43.22427202584389,0.15273624810126307
TR,36,80,43.446325958755274,0.06713041983122281
TR,36,80,43.54855940184599,0.14194992041139187
TR,48,80,43.7547541785865,0.1423617464134992
TR,35,80,43.96172925722574,0.1519215295886056
TR,47,80,44.18264270875528,0.15282932320674547
TR,33,80,44.40456489799579,0.14588154588607694
TR,33,80,44.61681296445148,0.146015259493673
TR,45,80,44.92693939166667,0.14626040110759675
TR,33,80,45.13956631334389,0.06431624525315982
TR,33,80,45.237728459704655,0.2492033560126572
TR,33,80,45.57059912188819,0.06654681250000039
TR,33,80,45.67195608707807,0.15193557436708716
TR,45,80,45.89320934625529,0.15245702278480877
TR,31,80,46.115309816719424,0.14885749361813794
TR,31,80,46.3311239218882,0.15005475237341415
TR,43,80,46.6430598436709,0.1422967212552777
TR,31,80,46.84990487199369,0.06255420221518904
TR,30,80,46.94523175395571,0.15210831482067277
TR,42,80,47.16633199071732,0.15285259198311962
TR,29,80,47.38854880506331,0.14909018138185104
TR,41,80,47.60516476334389,0.14950835363924142
TR,40,80,47.82139971329116,0.14203662062236333
TR,40,80,48.02716098897681,0.1428385975738351
TR,52,80,48.33686260015824,0.15329469873417878
TR,40,80,48.558567501424065,0.08558383570674977
TR,40,80,48.675948639504234,0.22193086503164494
TR,40,80,48.97747029820677,0.06337785421941078
TR,38,80,49.07387741344939,0.15289912953586082
TR,43,80,49.29523328306964,0.15334123628691998
TR,36,80,49.51638105685656,0.14648325712025922
TR,36,80,49.7284062672996,0.14686211234177193
TR,48,80,50.04376941703589,0.15331796751054583
TR,36,80,50.26549758707808,0.06801463333333402
TR,36,80,50.36683950775319,0.1424701216772135
TR,48,80,50.57307763459918,0.14279524746835648
TR,35,80,50.78083076787977,0.15285259198312673
TR,47,80,51.00216336872366,0.15331796751054583
TR,33,80,51.22392822536922,0.14962218670886074
TR,33,80,51.440484257014795,0.15005475237341415
TR,45,80,51.754935131223654,0.14686211234177193
TR,33,80,51.96733919688821,0.0651185268987362
TR,33,80,52.065936643881884,0.2497725213607609
TR,33,80,52.399376471413525,0.06656957911392425
TR,33,80,52.49986830527428,0.149576653481013
TR,45,80,52.71640157030593,0.15005475237341415
TR,31,80,52.93373166682492,0.14969048655063233
TR,31,80,53.150355998312264,0.15005475237341415
TR,43,80,53.46476165733125,0.1468843979430332
TR,31,80,53.67718800859707,0.06516309810126586
TR,30,80,53.77585391840719,0.1496449533227846
TR,42,80,53.99247824989454,0.14998645253164256
TR,29,80,54.2097855797996,0.14962218670886074
TR,41,80,54.42636437805909,0.1500319857594974
TR,36,80,54.64210656213082,0.14221002104430625
TR,36,80,54.832175099630824,0.1428385975738422
TR,48,80,55.15910994678272,0.15331796751055293
TR,36,80,55.38086138560129,0.06801463333332691
TR,35,80,55.4831661894515,0.3165014667721522
TR,39,80,55.9170978508439,0.3000412049050638
TR,40,80,56.33393529546416,0.1465055427215205
TR,40,80,56.54622793312239,0.14657239952531853
TR,52,80,56.875534732964155,0.1499636859177258
TR,51,80,57.076063068407194,0.08291600791139331
TR,38,80,57.1928785644515,0.23315289319620547
TR,38,80,57.50976706366036,0.06654681250000039
TR,50,80,57.60960939119201,0.1467952555379739
TR,38,80,57.8219243144515,0.1468843979430403
TR,37,80,58.0350235826477,0.1496449533227846
TR,37,80,58.25162514752112,0.15003198575949028
TR,49,80,58.56874131286922,0.1499636859177187
TR,37,80,58.78566161033757,0.08325750712025837
TR,36,80,58.90284137220466,0.23310735996835064
TR,36,80,59.2196160383439,0.06656957911392425
TR,48,80,59.31979248691985,0.1464164003164541
TR,36,80,59.53175084055909,0.1467952555379739
TR,35,80,59.74480425748947,0.1496449533227846
TR,35,80,59.96167902172998,0.14975878639240392
TR,47,80,60.27854475432491,0.15000921914556642
TR,35,80,60.4957837843882,0.06627361313291402
TR,36,80,60.59526601223631,0.14686211234177193
TR,48,80,60.807714649103396,0.14683982674050355
TR,35,80,61.020880937078076,0.149576653481013
TR,47,80,61.23741420210972,0.1500319857594974
TR,36,80,61.45472153201479,0.1496449533227846
TR,36,80,61.6713230968882,0.15007751898734512
TR,48,80,61.99096095849158,0.15331796751054583
TR,36,80,62.212689128533775,0.06799136455695987
TR,35,80,62.31411200954643,0.30158668386076215
TR,39,80,62.727929234229975,0.32341272278480915
TR,40,80,63.1710678690401,0.14962218670886074
TR,40,80,63.38794263328061,0.14975878639240392
TR,52,80,63.69836488022154,0.14275189736286364
TR,51,80,63.90514488338609,0.06307440348101068
TR,38,80,64.00145292267935,0.23317565981011512
TR,38,80,64.31831865527428,0.0832347405063274
TR,50,80,64.43556016587554,0.15313181729958103
TR,38,80,64.65710218570676,0.15334123628691998
TR,37,80,64.87892981840717,0.14966771993671557
TR,37,80,65.07886622188819,0.15000921914557352
TR,49,80,65.40999684688819,0.146795255537981
TR,37,80,65.62233405574895,0.06514081250000459
TR,36,80,65.72093823691984,0.23308459335443388
TR,36,80,66.03766736983123,0.08330304034809899
TR,48,80,66.15491543154009,0.1495766534810059
TR,36,80,66.37144869657173,0.15000921914557352
TR,35,80,66.57072064836498,0.1428385975738422
TR,35,80,66.77754400163504,0.14255682188817786
TR,47,80,67.10412981919832,0.15329469873418589
TR,35,80,67.30882524493673,0.08504737763712455
TR,36,80,67.42818170595993,0.1497132531645633
TR,48,80,67.64485157067513,0.15003198575948318
TR,35,80,67.86222720042196,0.14955388686709625
TR,47,80,68.06207253744728,0.14998645253163545
P1,62,40,0.04670886787974683,0.21452980300632912
P1,60,40,0.26228593512658227,0.09873880458860756
P1,57,40,0.3617760379746835,0.11633739715189872
P1,60,40,0.47932759810126574,0.1011959084388186
P1,57,40,0.7003344360759494,0.10194050928270038
P1,60,40,0.80334530907173,0.10124244599156107
P1,57,40,1.0195857150316454,0.09732122072784821
P1,64,40,1.1179543590189873,0.11361199525316446
P1,57,40,1.3307149943037975,0.11534127531645555
P1,60,40,1.4471035338607594,0.09937626977848102
P1,57,40,1.6470399373417721,0.11658782990506311
P1,60,40,1.7647888645569618,0.09848837183544301
P1,62,40,1.9814359626582276,0.0987615712025316
P1,59,40,2.080926065506329,0.11636016376582248
P1,62,40,2.198492859810126,0.09901200395569631
P1,59,40,2.398064997468354,0.11642846360759496
P1,62,40,2.5155407253164555,0.09905753718354404
P1,59,40,2.7294345267405062,0.09732122072784799
P1,66,40,2.827803170727848,0.11361199525316446
P1,59,40,3.0405695781645568,0.09867050474683525
P1,62,40,3.1402873471518986,0.1160869643987339
P1,59,40,3.35691167863924,0.11665612974683537
P1,62,40,3.4747289056962023,0.09839730537974667
P1,64,40,3.69133047056962,0.09873880458860773
P1,60,40,3.7908205734177214,0.09967223575949369
P1,64,40,3.8916766731012657,0.11329823575949316
P1,60,40,4.103410409651898,0.1139462792721524
P1,64,40,4.218404112183544,0.09696465110759522
P1,60,40,4.432551089240506,0.09942180300632941
P1,67,40,4.533042923101266,0.0993762697784808
P1,60,40,4.750373019620253,0.09869327136075956
P1,64,40,4.850113555221519,0.11606419778480959
P1,60,40,5.066737886708861,0.11656506329113903
P1,64,40,5.184464047310126,0.10054322056962128
P1,62,40,5.388716204166666,0.11794942742616055
P1,59,40,5.50743350121308,0.10184743417721531
P1,62,40,5.6104909117616035,0.11019596814345967
P1,59,40,5.8164039128164555,0.11082454467299652
P1,62,40,5.928225509915612,0.09435836629746852
P1,59,40,6.123098476687764,0.11613249762658295
P1,66,40,6.240301005168777,0.0993762697784808
P1,59,40,6.457631101687764,0.0986705047468357
P1,62,40,6.5573488706751055,0.1161097310126582
P1,59,40,6.773995968776371,0.09996820174050658
P1,62,40,6.875121419725739,0.11265371439873384
P1,64,40,7.087146630168776,0.11296571281645562
P1,60,40,7.20087005342827,0.09756283623417694
P1,64,40,7.299639520200421,0.11567716534810124
P1,60,40,7.515876819251055,0.09974053560126528
P1,64,40,7.616664619092827,0.11574546518987283
P1,60,40,7.832992984599156,0.11608696439873434
P1,67,40,7.950127213238396,0.09939903639240555
P1,60,40,8.167525609599156,0.10072300622362818
P1,64,40,8.269342248312237,0.10156820886075835
P1,60,40,8.490744655485232,0.1021033907172999
P1,64,40,8.59405802257384,0.11305681708860682
P1,66,40,8.806508621308017,0.11298799841772045
P1,62,40,8.920254330168776,0.09752179113924164
P1,66,40,9.018957258175105,0.09886706012658308
P1,62,40,9.235095146624472,0.09974053560126706
P1,66,40,9.335882946466246,0.11574546518987283
P1,62,40,9.55218854535865,0.11608696439873434
P1,69,40,9.66932277399789,0.09939903639240377
P1,62,40,9.869912235232066,0.1098274922468363
P1,66,40,9.980758454957805,0.09456825511603384
P1,62,40,10.186953231698311,0.09537787463080072
P1,66,40,10.283469437025316,0.11508523338607546
P1,67,40,10.500048235284808,0.0987843378164559
P1,64,40,10.599583871360759,0.11629186392404911
P1,67,40,10.717105132436707,0.1010917915084395
P1,64,40,10.938031122257382,0.10194050928270038
P1,67,40,11.041041995253163,0.11832172784809991
P1,64,40,11.25995833670886,0.09939903639240555
P1,71,40,11.360450170569619,0.11604143117088483
P1,64,40,11.577582694514767,0.10984916729957739
P1,67,40,11.688450589293247,0.0945899301687767
P1,64,40,11.894667041086496,0.09513180648734298
P1,67,40,11.990904275263711,0.10041529314346143
P1,66,40,12.212107786550632,0.10091668312236202
P1,62,40,12.313769070516877,0.11892671603375504
P1,66,40,12.43392903169831,0.0990228822257393
P1,62,40,12.650222742246834,0.09974053560126528
P1,66,40,12.751010542088606,0.09893840084388295
P1,62,40,12.961553789504219,0.09463328027426066
P1,69,40,13.057227472310126,0.11047774382911335
P1,62,40,13.264159200843881,0.11764151919831178
P1,66,40,13.382894352531645,0.10154494008438775
P1,62,40,13.587217477848101,0.1195084354430378
P1,66,40,13.708075502320675,0.09796105527426135
P1,64,40,13.924331883544303,0.09860220490506322
P1,66,40,14.023685386708861,0.09942180300632764
P1,59,40,14.123858487974683,0.11636016376582248
P1,64,40,14.340801552056961,0.11640569699367198
P1,59,40,14.458254513291138,0.09926243670886237
P1,64,40,14.672189681803797,0.09729893512658272
P1,59,40,14.868213830537973,0.11416913528481132
P1,64,40,14.983564102689872,0.09832146835443112
P1,66,40,15.082955601898734,0.11604143117088661
P1,67,40,15.20006706392405,0.09876157120253204
P1,66,40,15.2996027,0.11658782990506289
P1,64,40,15.417374393829114,0.09842007199367053
P1,62,40,15.516568530696203,0.09939903639240377
P1,66,40,15.616741631962025,0.11601866455696097
P1,67,40,15.73351159477848,0.09992266851265796
P1,66,40,15.83461812721519,0.11308965110759495
P1,64,40,16.046143279113924,0.1139462792721524
P1,62,40,16.161159267246834,0.09712065031645523
P1,64,40,16.358349283069618,0.5502918251582294
P1,64,40,17.32720530522152,0.11538119936708569
P1,66,40,17.4433378028481,0.09994543512658183
P1,60,40,17.54444433528481,0.11304539794303992
P1,64,40,17.75590294841772,0.09734350632911415
P1,60,40,17.853981879588606,0.11410227848101329
P1,64,40,18.068425923892406,0.11610973101265643
P1,60,40,18.286006453164557,0.11604143117088483
P1,64,40,18.403231748259493,0.09837453876582103
P1,66,40,18.502676317879747,0.09905753718354404
P1,67,40,18.60250791993671,0.1160641977848087
P1,69,40,18.719323415981012,0.09992266851265796
P1,71,40,18.820407181803798,0.1127343615506291
P1,67,40,18.9338769681962,0.09761093354430628
P1,71,40,19.032513039398733,0.11298799841771867
P1,72,40,19.146281033860756,0.09776693275316362
P1,71,40,19.245217400158225,0.09844283860759617
P1,69,40,19.461204266455695,0.09971776898733964
P1,67,40,19.561969299683543,0.11595036471518938
P1,69,40,19.77802446582278,0.537894040242616
P1,64,40,20.745684786919828,0.09385297837552642
P1,66,40,20.84025304203586,0.09467663037974816
P1,59,40,20.93562327410337,0.11563973338607525
P1,64,40,21.151845907805903,0.1164056969936702
P1,59,40,21.26929886904008,0.09928520332278268
P1,64,40,21.48321880416666,0.09727664952531612
P1,59,40,21.679265238502104,0.11414684968354294
P1,64,40,21.79460092125527,0.09835177215189717
P1,66,40,21.8940227242616,0.11604143117088483
P1,67,40,22.011134186286917,0.09878433781645413
P1,66,40,22.110669822362865,0.11658782990506111
P1,64,40,22.228441516191978,0.09842007199367231
P1,62,40,22.32761288644514,0.09939903639240555
P1,66,40,22.427785987710966,0.11601866455696097
P1,67,40,22.54455595052742,0.09992266851265796
P1,66,40,22.64566248296413,0.11305213212025578
P1,64,40,22.857150115875523,0.1139462792721524
P1,62,40,22.972166104008437,0.09712065031645523
P1,64,40,23.169393638818562,0.5502918251582294
P1,64,40,24.138249660970462,0.11538119936708924
P1,66,40,24.254382158597043,0.09994543512658183
P1,60,40,24.35548628597046,0.11301028401898705
P1,64,40,24.566909785179323,0.09732122072784932
P1,60,40,24.664966430748944,0.11414861471519089
P1,64,40,24.87947027964135,0.11610973101265643
P1,60,40,25.0970508089135,0.11604143117088483
P1,64,40,25.214276104008437,0.10042386371308254
P1,66,40,25.31579360021097,0.10124244599156285
P1,67,40,25.417827184599155,0.11862422194093014
P1,69,40,25.537219276160336,0.10212665949367405
P1,71,40,25.64052786207806,0.10961074171940766
P1,67,40,25.750853880537974,0.09493673101265898
P1,71,40,25.846787663976794,0.10989251740506134
P1,72,40,25.95743880822785,0.09514085131856476
P1,71,40,26.05376352347046,0.09844283860759617
P1,69,40,26.269727623154008,0.0997405356012635
P1,67,40,26.37051542299578,0.11595036471518938
P1,69,40,26.586593355748942,0.5380030152426194
P1,67,40,27.554188616402953,0.125975406540082
P1,79,40,27.680164022943035,2.167505274286441e-05
P1,67,40,27.68018569799578,0.07967749388185652
P1,64,40,27.761011969672992,0.21957246819620124
P1,66,40,27.98137557626582,0.22142567594936935
P1,76,40,28.204011228586495,0.09826823238396543
P1,74,40,28.303030759229955,0.3170909032700422
P1,72,40,28.621270440295355,0.12558525559071754
P1,72,40,28.746855695886072,0.07924399282700634
P1,71,40,28.827096741139236,0.20616873707805894
P1,69,40,29.034426575527423,0.09821517246835398
P1,71,40,29.133415812869195,0.9766482659810123
P1,71,40,30.535005626002107,0.20580462579113856
P1,69,40,30.74191567948312,0.22005059145569206
P1,64,40,30.963036634651896,0.22058799999999934
P1,66,40,31.184881148575947,0.19885950590717272
P1,67,40,31.384537485970462,0.13293425870253017
P1,79,40,31.517471744672992,2.2766613923863588e-05
P1,67,40,31.517494511286916,0.08366730617088436
P1,69,40,31.602322914767928,0.11260289794303802
P1,71,40,31.715661237552737,0.31050528243670783
P1,69,40,32.027347656856534,0.21538531012658524
P1,67,40,32.243780231223624,0.13234232674050617
P1,67,40,32.37612255796413,0.0837356060126595
P1,69,40,32.461019261286914,0.09819240585443367
P1,66,40,32.55996296540084,0.9569179429324848
P1,67,40,34.36781260353375,0.13297979193038145
P1,79,40,34.50079239546413,2.2766613923863588e-05
P1,67,40,34.500815162078055,0.08369007278481178
P1,64,40,34.585689098786915,0.21081393670886683
P1,66,40,34.797260745938814,0.21206978164557455
P1,76,40,35.01046709324894,0.09817861550633467
P1,74,40,35.10941977362869,0.33384962658227835
P1,72,40,35.444476030748945,0.13193252768986952
P1,60,40,35.576408558438814,2.2766613923863588e-05
P1,72,40,35.57643132505274,0.08321197389241064
P1,71,40,35.66069056318565,0.19913957199366905
P1,69,40,35.86058143343882,0.11585929825949393
P1,71,40,35.977192029957806,0.9580958639240507
P1,71,40,37.35357889150844,0.21676093117088158
P1,69,40,37.571500919989454,0.21106035838607795
P1,64,40,37.78356413043249,0.21128978560126654
P1,66,40,37.99603793897679,0.2154860007911381
P1,67,40,38.21229800464135,0.13293425870253373
P1,79,40,38.34523226334388,2.2766613923863588e-05
P1,67,40,38.345255029957805,0.08371283939873564
P1,69,40,38.43015173328059,0.09819240585443367
P1,71,40,38.52909543739452,0.31663806645569537
P1,69,40,38.84680353470464,0.21165469541139004
P1,67,40,39.05950565337553,0.1295462001582237
P1,79,40,39.189051853533755,2.2285601268379196e-05
P1,67,40,39.18907413913502,0.08192187025316144
P1,69,40,39.27213738517932,0.11490310047468455
P1,66,40,39.387769017299576,0.9505288979430375
P1,67,40,40.76897560986286,0.12981362737342295
P1,79,40,40.89878923723629,2.228560126127377e-05
P1,67,40,40.89881152283755,0.2652394485759473
P1,79,40,41.164050971413495,2.2766613923863588e-05
P1,67,40,41.16407373802742,0.03351245569620431
P1,64,40,41.19863345796413,0.09844283860759617
P1,66,40,41.29782759483122,0.11679272943037944
P1,59,40,41.415804188185646,0.21965006086498562
P1,64,40,41.63622211867088,0.1021731970464188
P1,59,40,41.739465679430374,0.21229425812236258
P1,64,40,41.9524535392405,0.09465495532700174
P1,59,40,42.159623693354426,0.09456825511603029
P1,64,40,42.25534072626582,0.11705852974683495
P1,66,40,42.37346961972574,0.1015682088607548
P1,67,40,42.476131461075944,0.10093995189873795
P1,66,40,42.577862551371304,0.11901880975739232
P1,64,40,42.69804021239452,0.09634065427215432
P1,62,40,42.795138577109704,0.11392399367088757
P1,66,40,42.91008770843882,0.09642979667721363
P1,67,40,43.007275215559076,0.11439199129746669
P1,66,40,43.122826058122364,0.20254880105485285
P1,64,40,43.32618926635021,0.11920594135020934
P1,62,40,43.446465571413505,0.21187797257383778
P1,64,40,43.65903714567511,0.522698080801689
P1,64,40,44.61694667805908,0.09645208227848201
P1,66,40,44.71413418517933,0.09754407674050469
P1,60,40,44.81270339957807,0.12983591297468422
P1,60,40,44.94253931255275,0.08120873101265147
P1,64,40,45.024505754008445,0.11416913528481132
P1,60,40,45.13970002695149,0.13033425791139308
P1,60,40,45.27003428486288,0.0832347405063274
P1,64,40,45.3540203236287,0.09939903639240555
P1,60,40,45.554571425685666,0.1163146305379712
P1,64,40,45.672092686761616,0.10046805400843795
P1,66,40,45.77363110448314,0.11864749071730074
P1,67,40,45.89334895891351,0.10096322067510499
P1,69,40,45.99508004920887,0.11915940379746814
P1,71,40,46.11544942937765,0.09847196402953529
P1,67,40,46.2146954582806,0.09939903639240555
P1,71,40,46.315164525527436,0.11547226582278824
P1,72,40,46.43141085622364,0.10000079077003932
P1,71,40,46.5325387497363,0.20467752304852382
P1,69,40,46.73795322457807,0.11106297025316536
P1,67,40,46.85003492231014,0.1279595924578132
P1,79,40,46.97799451476795,2.326877636704694e-05
P1,67,40,46.97801778354432,0.06771213924050556
P1,69,40,47.04652106118145,0.5577558042194042
P1,64,40,48.01209682732069,0.09391800353375857
P1,66,40,48.10675178264769,0.1107378444620295
P1,59,40,48.218465004483136,0.22005887964135695
P1,64,40,48.439315022521114,0.1018474341772162
P1,59,40,48.54225608918778,0.21243801693037767
P1,64,40,48.755409382858666,0.09463328027425888
P1,59,40,48.96227608623419,0.09430815448312302
P1,64,40,49.05760296819622,0.1178426541139217
P1,66,40,49.176515986023226,0.10126571476793345
P1,67,40,49.278898602056984,0.1012424459915593
P1,66,40,49.380932186445165,0.11842267104430704
P1,64,40,49.500402280748965,0.09696465110759789
P1,62,40,49.598102356698334,0.11361199525316579
P1,66,40,49.71278406081226,0.09669722389240576
P1,67,40,49.8102389951477,0.11387942246835792
P1,66,40,49.92514355527428,0.20325440142405427
P1,64,40,50.12916582631859,0.11892671603375504
P1,62,40,50.24920944361817,0.21200324377636548
P1,64,40,50.46192796413504,0.5225278657700443
P1,64,40,51.42452486065403,0.09878433781646123
P1,66,40,51.524083263343904,0.09964946914557515
P1,60,40,51.62480276334391,0.13026608148734198
P1,48,40,51.75506884483125,2.2285601268379196e-05
P1,60,40,51.75509113043252,0.08091901819620517
P1,64,40,51.836745573470495,0.11390170806961919
P1,60,40,51.951716990400875,0.13036118275315545
P1,48,40,52.08207817315403,2.2766613923863588e-05
P1,60,40,52.082100939767955,0.0832347405063345
P1,64,40,52.166086978533784,0.09939903639239844
P1,60,40,52.36670638043252,0.1157454651898675
P1,64,40,52.4834991098629,0.09905753718354049
P1,66,40,52.58362667790087,0.11574546518987461
P1,67,40,52.70044217394517,0.0990575371835476
P1,69,40,52.800273776002136,0.11608696439873256
P1,71,40,52.9174307712553,0.0990575371835476
P1,67,40,53.01723960669834,0.09939903639240555
P1,71,40,53.11768590733125,0.11551779905062887
P1,72,40,53.2339777712553,0.09962670253164418
P1,71,40,53.3346972712553,0.21111711787974485
P1,69,40,53.546594385179354,0.11387942246835081
P1,67,40,53.6615212309072,0.13047421677215
P1,79,40,53.79199544767935,2.2766613923863588e-05
P1,67,40,53.79201821429327,0.06627361313291402
P1,69,40,53.85904312568567,0.5499958591772156
P1,67,40,54.81702423776373,0.12623550717299992
P1,79,40,54.94325974493673,2.167505274286441e-05
P1,67,40,54.943281419989475,0.07924399282700278
P1,64,40,55.02356581534812,0.2204518964135076
P1,66,40,55.24480885015825,0.2208439565400866
P1,76,40,55.46674643918779,0.09885765928270018
P1,74,40,55.56635539672998,0.3333032278480985
P1,72,40,55.900728655432516,0.13259275949366867
P1,60,40,56.033321414926185,2.2766613923863588e-05
P1,72,40,56.03334418154011,0.06650127927215266
P1,71,40,56.10091549166669,0.21585026661392703
P1,69,40,56.317835789135046,0.1131532998417697
P1,71,40,56.431724513818594,0.9604985221518945
P1,71,40,57.80630210796416,0.2113343568037962
P1,69,40,58.01868388802745,0.2159118322784792
P1,64,40,58.23566575116036,0.2158730332278438
P1,66,40,58.452608815242634,0.21585026661392703
P1,67,40,58.6692559133439,0.13293425870253373
P1,79,40,58.80219017204644,2.2766613923863588e-05
P1,67,40,58.80221293866036,0.08314367405063194
P1,69,40,58.8864038769515,0.09887540427214958
P1,71,40,58.98603057948314,0.31663806645569537
P1,69,40,59.3037614434072,0.21129748180379693
P1,67,40,59.51612863407175,0.12981362737342295
P1,79,40,59.64594226144517,2.228560126127377e-05
P1,67,40,59.64596454704643,0.08135495094936829
P1,69,40,59.72838952885023,0.09887540427214958
P1,66,40,59.82801623138187,0.9626945039556958
P1,67,40,61.655363700527445,0.13270659256328798
P1,79,40,61.78807029309073,2.2766613923863588e-05
P1,67,40,61.78809305970466,0.08321197389240353
P1,64,40,61.872352297837566,0.20349315685654545
P1,66,40,62.07663659309073,0.22082897594936668
P1,76,40,62.29850597157174,0.10997921761603635
P1,74,40,62.409200465928286,0.3014349584915621
P1,72,40,62.711632476846006,0.1351071295358679
P1,60,40,62.846739606381874,2.3268776374152367e-05
P1,72,40,62.84676287515825,0.08502410886075751
P1,71,40,62.93290388528483,0.2205647312236252
P1,69,40,63.15453898022154,0.09896679783755502
P1,71,40,63.25425707631858,0.9465403178797516
P1,71,40,64.64079077347047,0.2206578063291147
P1,69,40,64.86251894351267,0.19929508454640654
P1,64,40,65.06286129229959,0.21591856645569862
P1,66,40,65.27987265622363,0.21139977848102376
P1,67,40,65.49203014514768,0.1304376242088665
P1,79,40,65.62246776935655,2.228560126127377e-05
P1,67,40,65.62249005495781,0.08107501740506962
P1,69,40,65.70463478122363,0.09874136471519535
P1,71,40,65.80415021081224,0.3333032278481056
P1,69,40,66.13850070290084,0.21589579984177476
P1,67,40,66.35548930021098,0.1326382927215235
P1,79,40,66.4881275929325,2.2766613923863588e-05
P1,67,40,66.48815035954642,0.06631399926160952
P1,69,40,66.55548308628693,0.10997921761604346
P1,66,40,66.66617758064348,0.961621796202536
P1,64,40,67.62886940770044,0.09878433781645413
P1,60,40,67.72845057700424,0.11633739715189506
P1,64,40,67.84583523839665,0.19916233860759291
P1,62,40,68.04604484124474,0.11549503243671211
P1,59,40,68.16231393855487,0.09933073655062685
