NO,33,101,0.04753897024090695,0.09966934341048653
NO,33,101,0.14720831365139347,0.09963155408597074
NO,40,101,0.24683986773736422,3.7789324515813405e-05
NO,36,101,0.24687765706188003,0.1198951728861597
NO,33,101,0.3668413992914502,0.1204991928200283
NO,41,101,0.4873405921114785,4.571289560700853e-05
NO,38,101,0.4873863050070855,0.12052204926783178
NO,7,101,0.6079083542749173,4.571289560706404e-05
NO,33,101,0.6079540671705244,0.12052204926783183
NO,40,101,0.7284761164383562,4.571289560706404e-05
NO,36,101,0.7285218293339633,0.12052204926783172
NO,7,101,0.849043878601795,4.571289560706404e-05
NO,33,101,0.849089591497402,0.12059061861124232
NO,33,101,1.090247972272083,0.12052204926783183
NO,40,101,1.2107700215399149,4.571289560706404e-05
NO,36,101,1.210815734435522,0.11963502871988685
NO,33,101,1.3305187839395374,0.11953519130845525
NO,38,101,1.4501219960321212,0.11953519130845525
NO,7,101,1.5696571873405765,4.5347189419064904e-05
NO,33,101,1.5697025345299955,0.11955786490316478
NO,31,101,1.6892603994331603,4.5347189419064904e-05
NO,31,101,1.6893057466225794,0.23918375059045816
NO,33,101,1.9285575179971661,0.11958053849787431
NO,33,101,2.0481380564950404,0.11955786490316456
NO,40,101,2.167695921398205,4.534718941950899e-05
NO,36,101,2.1677412685876245,0.12044305673122313
NO,7,101,2.2881843253188476,4.571289560661995e-05
NO,33,101,2.2882300382144543,0.12054490571563559
NO,38,101,2.4088435132735,0.12049919282002852
NO,7,101,2.5293427060935287,4.571289560706404e-05
NO,33,101,2.529388418989136,0.12052204926783183
NO,40,101,2.6499104682569676,4.571289560661995e-05
NO,36,101,2.6499561811525743,0.11770639267831884
NO,7,101,2.767662573830893,4.4633065658938875e-05
NO,33,101,2.767707206896552,0.11767507760982499
NO,42,101,2.885382284506377,4.4633065658938875e-05
NO,28,101,2.885426917572036,0.11769739414265512
NO,33,101,3.0031912613131793,0.11765276107699574
NO,40,101,3.120844022390175,4.4633065658938875e-05
NO,36,101,3.120888655455834,0.11951323216816245
NO,7,101,3.2404018876239964,4.5347189419064904e-05
NO,33,101,3.2404472348134155,0.11955786490316456
NO,40,101,3.36000509971658,4.5347189419064904e-05
NO,36,101,3.360050446905999,0.11958053849787431
NO,38,101,3.479699006188002,0.11958053849787431
NO,39,101,3.5992795446858765,0.11960321209258362
NO,40,101,3.71888275677846,0.119557864903165
NO,7,101,3.838440621681625,4.5347189419064904e-05
NO,33,101,3.838485968871044,0.11958053849787431
NO,33,101,3.958134528153047,0.1199659896079357
NO,40,101,4.078100517760983,4.534718941950899e-05
NO,36,101,4.078145864950402,0.11955786490316456
NO,7,101,4.197703729853567,4.5347189418620815e-05
NO,33,101,4.197749077042985,0.1194218233349087
NO,41,101,4.317170900377894,4.5347189418620815e-05
NO,38,101,4.317216247567313,0.11955786490316456
NO,7,101,4.436774112470477,4.5347189418620815e-05
NO,33,101,4.436819459659896,0.11958053849787476
NO,36,101,4.556468018941899,0.12044214265469932
NO,33,101,4.676978730940009,0.12054490571563559
NO,33,101,4.918274250401511,0.12063633150684971
NO,40,101,5.038910581908361,4.571289560661995e-05
NO,36,101,5.038956294803968,0.1196478284364666
NO,33,101,5.158672144024563,0.11953519130845525
NO,38,101,5.278275356117147,0.11953519130845525
NO,7,101,5.397810547425602,4.5347189418620815e-05
NO,33,101,5.397855894615021,0.1194218233349078
NO,31,101,5.517345024610298,0.2352385725555024
NO,33,101,5.752583597165801,4.4633065659382964e-05
NO,33,101,5.75262823023146,0.11785360987246118
NO,33,101,5.870481840103921,0.11769739414265423
NO,36,101,5.988246183845064,0.12032641974492186
NO,33,101,6.108572603589986,0.12056776216343934
NO,38,101,6.229208935096835,0.12049919282002808
NO,7,101,6.3497081279168635,4.571289560750813e-05
NO,33,101,6.349753840812471,0.12052204926783183
NO,40,101,6.470275890080303,4.571289560661995e-05
NO,36,101,6.470321602975909,0.11958364718941894
NO,7,101,6.589905250165328,4.534718941950899e-05
NO,33,101,6.589950597354748,0.11958053849787387
NO,42,101,6.709531135852622,4.5347189418620815e-05
NO,28,101,6.70957648304204,0.11930845536136125
NO,33,101,6.828884938403402,0.11955786490316456
NO,40,101,6.948442803306566,4.5347189418620815e-05
NO,36,101,6.948488150495985,0.12050449518186124
NO,33,101,7.069061215021256,0.12049919282002808
NO,40,101,7.1895604078412845,4.571289560750813e-05
NO,36,101,7.189606120736892,0.12052204926783183
NO,38,101,7.310128170004724,4.571289560661995e-05
NO,38,101,7.31017388290033,0.12056776216343934
NO,39,101,7.43074164506377,0.12054490571563559
NO,40,101,7.551355120122816,0.1205449057156347
NO,26,101,7.67190002583845,0.12100203467170534
NO,26,101,7.792902060510156,0.12066728682097327
NO,38,101,7.913569347331129,0.11771971067548481
NO,26,101,8.031289058006614,0.11767507760982454
NO,29,101,8.148964135616438,4.4633065659382964e-05
NO,29,101,8.149008768682098,0.11769739414265423
NO,31,101,8.266773112423241,0.11765276107699485
NO,32,101,8.384492823098725,0.12215970864430759
NO,33,101,8.506652531743033,0.12249774298535776
NO,41,101,8.62915027472839,4.6462257911272786e-05
NO,26,101,8.629196736986302,0.12254420524326903
NO,26,101,8.75174094222957,0.12256743637222556
NO,38,101,8.874308378601796,0.11773983179026892
NO,26,101,8.992048210392065,0.11767507760982454
NO,29,101,9.10972328800189,4.4633065659382964e-05
NO,29,101,9.109767921067549,0.11767507760982454
NO,0,101,9.227442998677374,4.4633065659382964e-05
NO,31,101,9.227487631743033,0.11769739414265423
NO,32,101,9.345251975484176,0.12049739319792074
NO,33,101,9.465749368682097,0.12052204926783183
NO,41,101,9.586271417949929,4.571289560750813e-05
NO,26,101,9.586317130845536,0.12056776216343934
NO,26,101,9.706884893008976,0.1205449057156347
NO,38,101,9.82749836806802,0.11960869787435158
NO,26,101,9.947107065942372,0.11955786490316456
NO,29,101,10.066664930845537,4.5347189418620815e-05
NO,29,101,10.066710278034956,0.11955786490316456
NO,0,101,10.18626814293812,4.534718942039717e-05
NO,31,101,10.18631349012754,0.11958053849787298
NO,32,101,10.305962049409542,0.12045859943316017
NO,33,101,10.426489218186113,0.12049919282002897
NO,41,101,10.546988411006142,4.5712895605731774e-05
NO,26,101,10.547034123901748,0.12043062347661859
NO,26,101,10.667464747378366,0.12038491058101108
NO,38,101,10.787918227302788,0.12024777189419034
NO,26,101,10.908165999196978,0.12052204926783183
NO,29,101,11.02868804846481,4.5712895605731774e-05
NO,29,101,11.028733761360415,0.12068204440245722
NO,0,101,11.149415805762873,4.571289560750813e-05
NO,31,101,11.14946151865848,0.12053320760510111
NO,32,101,11.269994726263581,0.11758581147850755
NO,33,101,11.387580537742089,0.11771971067548392
NO,33,101,11.505300248417573,0.11812140826641482
NO,33,101,11.623488606282477,0.11779165914029122
NO,40,101,11.741280265422768,4.534718942039717e-05
NO,36,101,11.741325612612188,0.11942182333490692
NO,7,101,11.860747435947095,4.5347189418620815e-05
NO,33,101,11.860792783136514,0.1194218233349087
NO,41,101,11.980214606471423,4.5347189418620815e-05
NO,38,101,11.980259953660841,0.1197165800661324
NO,33,101,12.1000445545111,0.11967123287671377
NO,40,101,12.219715787387814,4.5347189418620815e-05
NO,36,101,12.219761134577233,0.12037558507321755
NO,7,101,12.34013671965045,4.571289560750813e-05
NO,33,101,12.340182432546058,0.12043062347661682
NO,33,101,12.581295100425132,0.12070490085025831
NO,40,101,12.70200000127539,4.571289560750813e-05
NO,36,101,12.702045714170998,0.12052204926783183
NO,7,101,12.82256776343883,4.571289560750813e-05
NO,33,101,12.822613476334437,0.1205449057156347
NO,38,101,12.943226951393482,0.12049919282002897
NO,7,101,13.063726144213511,4.571289560750813e-05
NO,33,101,13.063771857109119,0.12052204926783183
NO,31,101,13.18429390637695,4.5712895605731774e-05
NO,31,101,13.184339619272556,0.24081553405762968
NO,33,101,13.425223722673596,0.1205449057156347
NO,33,101,13.545768628389231,0.12068204440245722
NO,36,101,13.666519242135099,0.11958218455361269
NO,7,101,13.786101426688711,4.534718942039717e-05
NO,33,101,13.786146773878132,0.11942182333490692
NO,41,101,13.905568597213039,4.5347189418620815e-05
NO,38,101,13.905613944402457,0.1196939064714222
NO,7,101,14.02530785087388,4.5347189418620815e-05
NO,33,101,14.025353198063298,0.1197165800661324
NO,40,101,14.14506977812943,4.5347189418620815e-05
NO,36,101,14.14511512531885,0.12046371913084641
NO,7,101,14.265578844449696,4.571289560750813e-05
NO,33,101,14.265624557345303,0.12038491058101108
NO,42,101,14.386009467926314,4.5712895605731774e-05
NO,28,101,14.38605518082192,0.12052204926783183
NO,33,101,14.506645799433162,0.12061347505904685
NO,40,101,14.627259274492209,4.5712895605731774e-05
NO,36,101,14.627304987387815,0.12052204926783183
NO,7,101,14.747827036655647,4.571289560750813e-05
NO,33,101,14.747872749551254,0.12052204926783183
NO,40,101,14.868394798819086,4.571289560750813e-05
NO,36,101,14.868440511714693,0.1205449057156347
NO,38,101,14.989053986773738,0.12038491058101108
NO,39,101,15.10950746669816,0.11757321341521099
NO,40,101,15.227080680113371,0.1174072792158718
NO,24,101,15.344554908927732,0.11769739414265423
NO,24,101,15.462252303070386,0.11814372479924451
NO,36,101,15.58039602786963,0.11973121993386826
NO,24,101,15.700127247803499,0.11958053849787298
NO,24,101,15.939333671988665,0.11962588568729338
NO,36,101,16.05895955767596,0.12054106561171452
NO,26,101,16.299634112942844,0.12038491058101286
NO,26,101,16.420087592867265,0.12097917822390158
NO,38,101,16.541066771091167,0.12072775729806651
NO,26,101,16.661794528389233,0.12052204926783006
NO,29,101,16.782316577657063,4.5712895605731774e-05
NO,29,101,16.78236229055267,0.12052204926783361
NO,0,101,16.902884339820503,4.5712895605731774e-05
NO,31,101,16.90293005271611,0.12054490571563647
NO,32,101,17.023543527775157,0.12049919282002719
NO,33,101,17.144111289938593,0.12024777189419211
NO,33,101,17.264359061832785,0.12054490571563292
NO,33,101,17.384903967548418,0.12086489598488726
NO,45,101,17.505768863533305,0.12056776216343579
NO,33,101,17.626405195040153,0.12054490571563647
NO,31,101,17.86751786291923,0.1205760409069434
NO,33,101,18.105835931034484,0.11769739414265601
NO,33,101,18.22353332517714,0.11754117841284994
NO,33,101,18.341141453188477,0.11751886188001848
NO,33,101,18.458727264666983,0.12047111724137949
NO,33,101,18.579266951251775,0.12054490571563292
NO,33,101,18.699811856967408,0.12052204926783361
NO,31,101,18.82033390623524,4.5712895605731774e-05
NO,31,101,18.820379619130847,0.12052204926783361
NO,33,101,18.94090166839868,4.5712895605731774e-05
NO,33,101,18.940947381294286,0.12054490571563647
NO,31,101,19.06156085635333,0.12020205899858283
NO,40,101,19.181762915351914,4.571289560928449e-05
NO,24,101,19.181808628247524,0.12056776216343579
NO,24,101,19.30237639041096,0.12097917822390514
NO,36,101,19.423424137978273,0.12068204440245722
NO,24,101,19.54410618238073,0.1205906186112422
NO,24,101,19.785264563155412,0.12056776216343934
NO,36,101,19.90583232531885,0.1205906186112422
NO,26,101,20.14653357713746,0.12043062347661859
NO,26,101,20.26696420061408,0.12097917822390158
NO,38,101,20.38801194818139,0.11977381308455648
NO,26,101,20.507785761265946,0.11955786490316456
NO,29,101,20.62734362616911,4.534718941684446e-05
NO,29,101,20.627388973358528,0.11958053849787476
NO,31,101,20.747037532640533,0.11955732947567199
NO,32,101,20.866594862116205,0.11769739414265246
NO,33,101,20.984292256258858,0.11742959574870326
NO,33,101,21.10172185200756,0.11756349494567786
NO,33,101,21.219352296551726,0.11796519253660875
NO,45,101,21.337317489088335,0.12074521459612697
NO,33,101,21.458062703684462,0.1205906186112422
NO,31,101,21.699243940906946,0.12054490571563292
NO,33,101,21.939404492725554,0.11960321209258495
NO,33,101,22.05900770481814,0.11958053849787476
NO,33,101,22.17865626410014,0.11953519130845436
NO,45,101,22.298259476192726,0.1205202205479452
NO,33,101,22.41877969674067,0.1205906186112422
NO,33,101,22.659915221067546,0.12054490571563647
NO,45,101,22.780528696126595,0.12054490571563292
NO,35,101,23.021207091497402,0.12038491058100931
NO,35,101,23.141660571421824,0.12093346532829585
NO,41,101,23.26259403675012,4.5712895605731774e-05
NO,38,101,23.262639749645725,0.12052204926783006
NO,20,101,23.383161798913555,4.571289560928449e-05
NO,35,101,23.383207511809164,0.12038491058100931
NO,42,101,23.503592422390174,4.571289560928449e-05
NO,40,101,23.503638135285783,0.12052204926783006
NO,20,101,23.624160184553613,4.5712895605731774e-05
NO,35,101,23.62420589744922,0.12049631336797617
NO,41,101,23.744702210817195,4.463306565583025e-05
NO,38,101,23.74474684388285,0.1176750776098281
NO,20,101,23.86242192149268,4.463306565583025e-05
NO,35,101,23.862466554558335,0.11774202720831539
NO,35,101,24.098062191639112,0.11782733391591904
NO,41,101,24.21588952555503,4.5712895605731774e-05
NO,38,101,24.215935238450637,0.12054490571563647
NO,20,101,24.336480144166273,4.5712895605731774e-05
NO,35,101,24.33652585706188,0.12052204926783361
NO,42,101,24.457047906329713,4.5712895605731774e-05
NO,40,101,24.45709361922532,0.12052204926783361
NO,20,101,24.577615668493152,4.5712895605731774e-05
NO,35,101,24.577661381388758,0.12038491058101286
NO,33,101,24.69804629196977,4.5712895605731774e-05
NO,33,101,24.698092004865376,0.24095267274444865
NO,35,101,24.939044677609825,4.571289560928449e-05
NO,35,101,24.939090390505434,0.12068204440245367
NO,35,101,25.0598410042513,0.12049919282002719
NO,41,101,25.180340197071327,4.571289560928449e-05
NO,38,101,25.180385909966937,0.12038491058100931
NO,35,101,25.300839389891358,0.12049919282002719
NO,42,101,25.421338582711385,4.5712895605731774e-05
NO,40,101,25.42138429560699,0.12052204926783361
NO,20,101,25.541906344874825,4.5712895605731774e-05
NO,35,101,25.54195205777043,0.12052204926783361
NO,41,101,25.662474107038264,4.5712895605731774e-05
NO,38,101,25.66251981993387,0.12054490571563647
NO,35,101,25.783133294992915,0.12049919282002719
NO,42,101,25.903632487812942,4.571289560928449e-05
NO,30,101,25.90367820070855,0.1202249154463857
NO,8,101,26.023903116154937,4.5712895605731774e-05
NO,35,101,26.023948829050543,0.12052204926783361
NO,41,101,26.144470878318376,4.5712895605731774e-05
NO,38,101,26.144516591213982,0.12054490571563647
NO,35,101,26.265130066273027,0.12049919282003074
NO,41,101,26.385629259093058,4.5712895605731774e-05
NO,38,101,26.385674971988664,0.12056776216343934
NO,40,101,26.506242734152103,0.12056776216343934
NO,41,101,26.626810496315542,0.12054490571563292
NO,42,101,26.747423971374587,0.12049919282002719
NO,40,101,26.867923164194615,4.571289560928449e-05
NO,28,101,26.867968877090224,0.12100203467170445
NO,28,101,26.98897091176193,0.1206872636750127
NO,40,101,27.10965817543694,0.11771971067548392
NO,28,101,27.227377886112425,0.11769739414265601
NO,31,101,27.34514222985357,0.11765276107699663
NO,33,101,27.462861940529052,0.11770171346244496
NO,34,101,27.580563653991497,0.12056776216343934
NO,35,101,27.701131416154936,0.12052204926783361
NO,42,101,27.82165346542277,4.5712895605731774e-05
NO,28,101,27.821699178318376,0.12054490571563647
NO,28,101,27.94231265337742,0.12054490571563647
NO,40,101,28.062857559093057,0.12056776216343934
NO,28,101,28.183425321256497,0.12052204926783006
NO,0,101,28.303947370524327,4.571289560928449e-05
NO,31,101,28.303993083419936,0.12054490571563292
NO,33,101,28.42460655847898,0.12054490571563647
NO,34,101,28.545151464194618,0.12056776216343934
NO,35,101,28.665719226358057,0.12052204926783006
NO,42,101,28.786241275625887,4.5712895605731774e-05
NO,28,101,28.786286988521493,0.12054490571563647
NO,28,101,28.90690046358054,0.12049919282002719
NO,40,101,29.027468225743977,0.12054490571563647
NO,28,101,29.148013131459614,0.12052204926783361
NO,0,101,29.268535180727447,4.5712895605731774e-05
NO,31,101,29.268580893623053,0.12052204926783006
NO,33,101,29.389102942890883,4.571289560928449e-05
NO,33,101,29.389148655786492,0.12054490571563292
NO,34,101,29.509762130845537,0.1196278974492202
NO,35,101,29.629390028294758,0.11955786490316456
NO,42,101,29.748947893197922,4.534718942039717e-05
NO,28,101,29.748993240387342,0.11946717052432732
NO,28,101,29.86846041091167,0.11938647420878468
NO,40,101,29.987913834718945,0.1174072792158718
NO,28,101,30.105321113934817,0.11767507760982454
NO,0,101,30.22299619154464,4.4633065659382964e-05
NO,31,101,30.2230408246103,0.1178312933396306
NO,33,101,30.34087211794993,4.4633065659382964e-05
NO,33,101,30.34091675101559,0.11773428837978273
NO,34,101,30.458651039395374,0.12043062347661859
NO,35,101,30.579081662871992,0.12056776216343579
NO,35,101,30.699649425035428,0.12102489111951087
NO,35,101,30.82067431615494,0.1206591879546508
NO,41,101,30.94133350410959,4.571289560928449e-05
NO,38,101,30.9413792170052,0.12038491058100931
NO,20,101,31.06176412758621,4.571289560928449e-05
NO,35,101,31.061809840481818,0.12038491058100931
NO,42,101,31.182194751062827,4.5712895605731774e-05
NO,40,101,31.182240463958433,0.12068204440245722
NO,20,101,31.30292250836089,4.5712895605731774e-05
NO,35,101,31.302968221256496,0.12065918795465436
NO,41,101,31.42362740921115,4.5712895605731774e-05
NO,38,101,31.423673122106756,0.11943791440718243
NO,20,101,31.543111036513938,4.534718941684446e-05
NO,35,101,31.543156383703355,0.11946717052432732
NO,35,101,31.782408155077942,0.119671232876712
NO,41,101,31.902079387954654,4.534718942039717e-05
NO,38,101,31.902124735144074,0.12051656348606699
NO,35,101,32.022709867973546,0.1204991928200343
NO,42,101,32.14320906079358,4.5712895605731774e-05
NO,40,101,32.143254773689186,0.1205220492678265
NO,20,101,32.26377682295701,4.57128956128372e-05
NO,35,101,32.263822535852626,0.1205220492678265
NO,33,101,32.38434458512045,4.57128956128372e-05
NO,33,101,32.384390298016065,0.24081553405762435
NO,35,101,32.62520583207369,4.5712895605731774e-05
NO,35,101,32.625251544969295,0.12056776216343934
NO,35,101,32.745819307132734,0.12068204440245722
NO,41,101,32.86650135153519,4.5712895605731774e-05
NO,38,101,32.8665470644308,0.12052204926783361
NO,20,101,32.98706911369863,4.5712895605731774e-05
NO,35,101,32.98711482659424,0.12038491058100931
NO,42,101,33.107499737175246,4.57128956128372e-05
NO,40,101,33.10754545007086,0.1206591879546508
NO,20,101,33.22820463802551,4.5712895605731774e-05
NO,35,101,33.228250350921115,0.12068204440245722
NO,41,101,33.34893239532357,4.5712895605731774e-05
NO,38,101,33.34897810821918,0.11962296060463018
NO,20,101,33.46860106882381,4.534718942039717e-05
NO,35,101,33.46864641601323,0.11942182333491047
NO,42,101,33.58806823934814,4.534718942039717e-05
NO,30,101,33.58811358653756,0.11955786490316456
NO,35,101,33.70773947222485,0.1196435604156818
NO,41,101,33.82738303264053,4.463306566293568e-05
NO,38,101,33.827427665706196,0.11767507760982454
NO,20,101,33.94510274331602,4.463306565583025e-05
NO,35,101,33.94514737638168,0.11767507760982454
NO,41,101,34.0628224539915,4.463306566293568e-05
NO,38,101,34.062867087057164,0.11769739414265246
NO,40,101,34.18063143079831,0.11758581147850578
NO,41,101,34.29821724227681,0.12040038823806753
NO,42,101,34.41861763051488,0.12024777189419211
NO,26,101,34.538933971752485,0.12054490571563292
NO,26,101,34.65947887746812,0.12097917822390514
NO,38,101,34.780526625035435,0.11973870529050146
NO,26,101,34.90026533032594,0.1196258856872987
NO,26,101,35.13951710170053,0.1195805384978712
NO,38,101,35.2590976401984,0.11958053849787831
NO,28,101,35.497873266084085,0.11946717052433087
NO,28,101,35.617340436608416,0.12003401039206096
NO,40,101,35.73737444700048,0.1206807640529064
NO,28,101,35.85805521105338,0.12052204926783361
NO,0,101,35.97857726032122,4.5712895605731774e-05
NO,31,101,35.97862297321682,0.1205220492678265
NO,33,101,36.09914502248465,4.57128956128372e-05
NO,33,101,36.09919073538026,0.12054490571563292
NO,34,101,36.21980421043931,0.1196383200755804
NO,35,101,36.33944253051489,0.11930845536135593
NO,35,101,36.45875098587624,0.11958053849787831
NO,35,101,36.57833152437412,0.1198779733585198
NO,47,101,36.69820949773264,0.11776434374114331
NO,35,101,36.815973841473784,0.11769739414265956
NO,33,101,37.05141326282475,0.11774202720831539
NO,35,101,37.28974050949457,0.12054490571563292
NO,35,101,37.410285415210204,0.12043062347661504
NO,35,101,37.53071603868682,0.12038491058101641
NO,35,101,37.65116951861124,0.11959681242324649
NO,35,101,37.77076633103449,0.11960321209258495
NO,35,101,37.89036954312707,0.11955786490316456
NO,33,101,38.00992740803024,4.5347189413291744e-05
NO,33,101,38.00997275521965,0.11955786490316456
NO,35,101,38.129530620122814,4.534718942039717e-05
NO,35,101,38.129575967312235,0.12051601492678543
NO,33,101,38.25016055158243,0.12020205899858638
NO,41,101,38.37036261058102,4.5712895605731774e-05
NO,26,101,38.370408323476624,0.12054490571563292
NO,26,101,38.49102179853567,0.12097917822389803
NO,38,101,38.61200097675957,0.11975644204062519
NO,26,101,38.73182543958433,0.1195805384978712
NO,26,101,38.97100919017478,0.11960321209258495
NO,38,101,39.09061240226737,0.120539602598015
NO,28,101,39.33126263807275,0.12043062347662215
NO,28,101,39.45169326154937,0.12093220562115903
NO,40,101,39.57269241676902,0.11783129333962705
NO,28,101,39.69052371010865,0.11769739414265956
NO,31,101,39.80828805384979,0.11765276107699663
NO,33,101,39.92594081492679,4.463306566293568e-05
NO,33,101,39.92598544799245,0.11772970840812036
NO,34,101,40.04371515640057,0.11958053849787831
NO,35,101,40.16329569489845,0.11930845536135593
NO,35,101,40.28260415025981,0.11944449692961712
NO,35,101,40.40211666797356,0.11985262163438648
NO,47,101,40.52203731039207,0.12067399886632302
NO,35,101,40.642711309258395,0.12059061861123865
NO,33,101,40.88389254648088,0.12054490571563292
NO,35,101,41.12406004671706,0.11960321209258495
NO,35,101,41.24366325880965,0.11958053849787831
NO,35,101,41.36331181809165,0.1195805384978712
NO,47,101,41.482892356589524,0.12053612857818052
NO,35,101,41.603428485167704,0.12059061861124576
NO,35,101,41.84460972239019,0.12049919282002719
NO,47,101,41.96517748455363,0.11962424038734554
NO,35,101,42.20411018030233,0.11933112895606968
NO,35,101,42.3234413092584,0.11989796882380688
NO,35,101,42.443339278082206,0.11960321209258495
NO,35,101,42.56294249017479,0.11928578176664928
NO,38,101,42.682296292725574,0.1195351913084508
NO,38,101,42.80189950481815,0.11985601388757772
NO,38,101,42.92175551870573,0.11771971067548037
NO,38,101,43.03947522938121,0.11740727921587535
NO,40,101,43.15694945819558,0.11765276107698952
NO,40,101,43.27466916887106,0.11794287600378084
NO,40,101,43.39267899447332,0.1192814970240903
NO,43,101,43.51196049149741,0.23950118091639183
NO,43,101,43.751461672413804,0.11958053849787831
NO,43,101,43.87111023169581,0.12053046032121273
NO,43,101,43.99164069201702,0.1202249154463857
NO,47,101,44.11186560746341,4.5712895605731774e-05
NO,35,101,44.11191132035901,0.12054490571563292
NO,35,101,44.23252479541806,0.1207963266414751
NO,35,101,44.353389691402946,0.11960723504959958
NO,35,101,44.472996926452545,0.11926310817194263
NO,41,101,44.59226003462449,4.534718942039717e-05
NO,38,101,44.59230538181391,0.11960321209257785
NO,38,101,44.711908593906486,0.11987529522910023
NO,38,101,44.83185190991971,0.11953519130845791
NO,38,101,44.9514551220123,0.11928578176664928
NO,40,101,45.07074090377895,0.11960321209258495
NO,40,101,45.19034411587153,0.11989796882380688
NO,40,101,45.31024208469534,0.12024192021728908
NO,43,101,45.43048400491263,0.2414326581483195
NO,43,101,45.67191666306095,0.12051808998582914
NO,43,101,45.79243475304678,0.11769739414265956
NO,43,101,45.91019909678792,0.11736264615021241
NO,47,101,46.02756174293813,4.463306566293568e-05
NO,35,101,46.027606376003796,0.11771971067548037
NO,35,101,46.145326086679276,0.11801910921114711
NO,35,101,46.26334519589042,0.11958053849787831
NO,35,101,46.38299375517243,0.11924043457722888
NO,41,101,46.50223418974966,4.534718942039717e-05
NO,38,101,46.50227953693908,0.11960321209258495
NO,38,101,46.62188274903166,0.11989796882380688
NO,38,101,46.74178071785547,0.12056008233349047
NO,38,101,46.86234080018896,0.12029348478979784
NO,40,101,46.98263428497876,0.12056776216343934
NO,40,101,47.1032020471422,0.12086489598488726
NO,40,101,47.224066943127085,0.11930571275389923
NO,36,101,47.34344067666511,0.23947850732167808
NO,36,101,47.58291918398679,0.11960321209258495
NO,36,101,47.702522396079374,0.12053558001889542
NO,36,101,47.82305797609827,0.12024777189419211
NO,20,101,47.94330574799246,4.5712895605731774e-05
NO,35,101,47.94335146088807,0.12056776216343934
NO,35,101,48.063919223051506,0.12086489598488726
NO,35,101,48.184784119036394,0.11964764539442285
NO,35,101,48.30443176443082,0.11928578176665638
NO,38,101,48.4237855669816,0.1195805384978712
NO,38,101,48.54336610547947,0.11989796882380688
NO,38,101,48.66326407430328,0.12051107770430036
NO,38,101,48.78377515200758,0.12024777189419211
NO,40,101,48.90409149324518,0.12054490571563292
NO,40,101,49.024636398960816,0.12086489598488726
NO,40,101,49.1455012949457,0.11933204378838269
NO,36,101,49.264833338734086,4.5347189413291744e-05
NO,36,101,49.2648786859235,0.23947850732168519
NO,36,101,49.50442521402931,0.11958053849787831
NO,36,101,49.62400575252719,0.11772078186112367
NO,36,101,49.74172653438831,0.11740727921586824
NO,34,101,49.85913381360418,0.11771971067548748
NO,34,101,49.97692047387816,0.11807677520075543
NO,40,101,50.094997249078915,4.463306565583025e-05
NO,37,101,50.09504188214457,0.1204874947094936
NO,15,101,50.215529376854064,4.5712895605731774e-05
NO,34,101,50.21557508974967,0.12038491058100931
NO,41,101,50.33596000033068,4.57128956128372e-05
NO,39,101,50.33600571322629,0.12054490571563292
NO,34,101,50.456550618941925,0.12056776216343934
NO,37,101,50.57718695044878,0.1195600593292383
NO,15,101,50.696747009778015,4.534718942039717e-05
NO,34,101,50.696792356967435,0.1195805384978712
NO,34,101,50.936157496315566,0.11969390647142575
NO,40,101,51.05585140278699,4.534718942039717e-05
NO,37,101,51.05589674997641,0.120509797921585
NO,34,101,51.17647511724141,0.12049919282002719
NO,41,101,51.29697431006144,4.5712895605731774e-05
NO,39,101,51.29702002295704,0.12052204926783361
NO,15,101,51.417542072224876,4.5712895605731774e-05
NO,34,101,51.41758778512048,0.12043062347662215
NO,32,101,51.538018408597104,0.23911883868682082
NO,34,101,51.777137247283925,0.1197165800661324
NO,34,101,51.896921848134184,0.11953519130845791
NO,40,101,52.01645703944264,4.534718942039717e-05
NO,37,101,52.01650238663206,0.11942182333490337
NO,34,101,52.13599223075109,0.11953519130845791
NO,41,101,52.25552742205955,4.534718942039717e-05
NO,39,101,52.25557276924897,0.11955786490316456
NO,15,101,52.375130634152136,4.534718942039717e-05
NO,34,101,52.375175981341556,0.1195460818611167
NO,40,101,52.49472206320267,4.463306566293568e-05
NO,37,101,52.494766696268336,0.11769739414265246
NO,34,101,52.61253104000948,0.11765276107699663
NO,42,101,52.730183801086476,4.463306565583025e-05
NO,29,101,52.73022843415213,0.11738496268304033
NO,2,101,52.84761339683517,4.463306566293568e-05
NO,34,101,52.847658029900835,0.11767507760982454
NO,40,101,52.96533310751066,4.463306565583025e-05
NO,37,101,52.965377740576315,0.11956447071327148
NO,34,101,53.08501023207372,0.1195351913084508
NO,40,101,53.20454542338217,4.534718942039717e-05
NO,37,101,53.20459077057159,0.11955786490316456
NO,39,101,53.32414863547476,4.534718942039717e-05
NO,39,101,53.32419398266418,0.1195805384978712
NO,40,101,53.44377452116205,0.11960321209258495
NO,41,101,53.56344575403876,0.11958053849787831
NO,27,101,53.68302629253664,0.12003401039206096
NO,27,101,53.8030603029287,0.11976192725555279
NO,39,101,53.92282223018425,0.12053978564005519
NO,27,101,54.04336201582431,0.12052204926783361
NO,30,101,54.16388406509214,4.5712895605731774e-05
NO,30,101,54.16392977798775,0.12054490571563292
NO,32,101,54.28454325304679,0.12054490571563292
NO,33,101,54.405088158762425,0.11964343977327019
NO,34,101,54.524731598535695,0.11955786490316456
NO,41,101,54.64428946343886,4.5347189413291744e-05
NO,27,101,54.64433481062827,0.11958053849787831
NO,27,101,54.76398336991028,0.11958053849787831
NO,39,101,54.883563908408156,0.12051528332546013
NO,27,101,55.00407919173362,0.12052204926783361
NO,30,101,55.12460124100145,4.5712895605731774e-05
NO,30,101,55.124646953897056,0.12054490571563292
NO,32,101,55.2452604289561,0.12049793311289392
NO,33,101,55.365758362068995,0.11771971067548748
NO,34,101,55.48347807274448,0.11767507760982454
NO,41,101,55.60115315035431,4.463306565583025e-05
NO,27,101,55.60119778341996,0.11771971067548748
NO,27,101,55.71891749409545,0.11770382125649093
NO,39,101,55.83668933613607,0.11958053849787831
NO,27,101,55.956269874633946,0.11955786490316456
NO,30,101,56.07582773953711,4.534718942039717e-05
NO,30,101,56.07587308672653,0.11960321209258495
NO,32,101,56.195476298819116,0.1195805384978712
NO,33,101,56.315124858101115,0.12053649447331338
NO,34,101,56.43566135257443,0.12052204926783361
NO,41,101,56.55618340184226,4.5712895605731774e-05
NO,27,101,56.55622911473787,0.12043062347662215
NO,27,101,56.67665973821449,0.12038491058100931
NO,39,101,56.79711321813891,0.11930882125649589
NO,27,101,56.91642203939541,0.11955786490316456
NO,30,101,57.03597990429857,4.534718942039717e-05
NO,30,101,57.03602525148799,0.11976192725554569
NO,32,101,57.15578717874354,0.11960321209258495
NO,33,101,57.27539039083612,0.12039387000472601
NO,34,101,57.39578426084085,0.12056776216343934
NO,34,101,57.51635202300429,0.12097917822390514
NO,34,101,57.6373997705716,0.12063633150685149
NO,40,101,57.75803610207845,4.5712895605731774e-05
NO,37,101,57.758081814974055,0.11946735375531858
NO,15,101,57.877549168729374,4.534718942039717e-05
NO,34,101,57.877594515918794,0.11942182333490337
NO,41,101,57.9970163392537,4.534718942039717e-05
NO,39,101,57.99706168644312,0.1197165800661324
NO,15,101,58.11677826650925,4.534718942039717e-05
NO,34,101,58.11682361369867,0.11969390647141864
NO,40,101,58.23651752017009,4.534718942039717e-05
NO,37,101,58.23656286735951,0.12032712900330722
NO,15,101,58.35688999636282,4.5712895605731774e-05
NO,34,101,58.35693570925842,0.12040776702881573
NO,34,101,58.59811694648091,0.12060609626830399
NO,40,101,58.71872304274921,4.463306566293568e-05
NO,37,101,58.718767675814874,0.11767507760982454
NO,15,101,58.8364427534247,4.463306565583025e-05
NO,34,101,58.836487386490354,0.11769739414265956
NO,41,101,58.954184780633014,4.463306565583025e-05
NO,39,101,58.95422941369867,0.11767507760982454
NO,15,101,59.071904491308494,4.463306566293568e-05
NO,34,101,59.07194912437416,0.11771971067548037
NO,32,101,59.18966883504964,0.23893112749173184
NO,34,101,59.42859996254137,0.11960321209258495
NO,34,101,59.548203174633954,0.1197165800661324
NO,40,101,59.66791975470009,4.534718942039717e-05
NO,37,101,59.66796510188951,0.1205070553141212
NO,15,101,59.78847215720363,4.57128956128372e-05
NO,34,101,59.78851787009924,0.12038491058100931
NO,41,101,59.90890278068025,4.5712895605731774e-05
NO,39,101,59.908948493575856,0.1206591879546508
NO,15,101,60.02960768153051,4.57128956128372e-05
NO,34,101,60.02965339442612,0.12068204440245012
NO,40,101,60.15033543882857,4.57128956128372e-05
NO,37,101,60.15038115172418,0.11958401289560783
NO,15,101,60.26996516461979,4.534718942039717e-05
NO,34,101,60.27001051180921,0.11942182333490337
NO,42,101,60.389432335144114,4.534718942039717e-05
NO,29,101,60.389477682333535,0.11955786490316456
NO,34,101,60.50910356802083,0.11964855928200535
NO,40,101,60.62875212730283,4.534718942039717e-05
NO,37,101,60.62879747449225,0.12048328441190392
NO,15,101,60.749280758904156,4.5712895605731774e-05
NO,34,101,60.74932647179976,0.12054490571563292
NO,37,101,60.869871377515395,0.12056776216343934
NO,39,101,60.990507709022246,0.12043062347662215
NO,40,101,61.11093833249887,0.11951910080302497
NO,41,101,61.23045743330189,0.11928578176664928
NO,37,101,61.34974321506854,4.534718942039717e-05
NO,25,101,61.34978856225796,0.11960321209257785
NO,25,101,61.46939177435054,0.1199795582900407
NO,37,101,61.58937133264058,0.1178982429381179
NO,25,101,61.7072695755787,0.11774202720831539
NO,25,101,61.94275362999532,0.11771359159187966
NO,37,101,62.0604672215872,0.12054490571563292
NO,27,101,62.30116847340581,0.12043062347662215
NO,27,101,62.42159909688243,0.12100203467170445
NO,39,101,62.542601131554136,0.119769972791687
NO,27,101,62.66237110434582,0.11955786490316456
NO,30,101,62.78192896924899,4.534718942039717e-05
NO,30,101,62.78197431643841,0.11960321209258495
NO,32,101,62.90157752853099,0.1195805384978712
NO,33,101,63.02122608781299,0.11958053849787831
NO,34,101,63.14080662631087,0.11930845536135593
NO,34,101,63.260115081672225,0.11958053849787831
NO,34,101,63.379695620170104,0.11989796882380688
NO,46,101,63.49959358899391,0.12053612857817342
NO,34,101,63.620198286915496,0.12054490571563292
NO,32,101,63.86131095479457,0.12059061861124576
NO,34,101,64.10157097812947,0.11958053849788541
NO,34,101,64.22115151662736,0.11946717052431666
NO,34,101,64.34061868715168,0.11942182333491758
NO,34,101,64.46010853127072,0.12048694128483817
NO,34,101,64.58059547255556,0.12056776216343223
NO,34,101,64.70116323471899,0.12056776216344645
NO,32,101,64.82173099688244,0.12051575030703532
NO,34,101,64.94231369678796,0.11765276107699663
NO,32,101,65.06003340746345,0.11736264615021241
NO,40,101,65.17739605361366,4.463306565583025e-05
NO,25,101,65.17744068667932,0.11771971067548748
NO,25,101,65.2951603973548,0.11816604133205999
NO,37,101,65.41332643868687,0.12070220127540665
NO,25,101,65.53402863996227,0.12059061861124576
NO,25,101,65.77518702073695,0.12056776216343223
NO,37,101,65.89575478290038,0.11963777113841445
NO,27,101,66.13454229423719,0.11946717052433087
NO,27,101,66.25400946476152,0.12001133679734721
NO,39,101,66.374088822343,0.1206568106754844
NO,27,101,66.49474563301848,0.12054490571563292
NO,30,101,66.61535910807753,0.12054490571564713
NO,32,101,66.73590401379317,0.12056776216343223
NO,33,101,66.8564717759566,0.12052204926783361
NO,34,101,66.97706239456785,0.1202249154463857
NO,34,101,67.09728731001424,0.12045347992442146
NO,34,101,67.21774078993866,0.12084203953708084
NO,46,101,67.33865139881915,0.12068204440245722
NO,34,101,67.45933344322161,0.12059061861123155
NO,32,101,67.70051468044409,0.12046481828059541
NO,34,101,67.93872152593299,0.11771971067548748
NO,34,101,68.05644123660848,0.11769739414265246
NO,34,101,68.17420558034962,0.11771167661785853
NO,46,101,68.29191725696748,0.11960321209258495
NO,34,101,68.41152046906006,0.1196258856872987
NO,34,101,68.65077224043465,0.1195805384978712
NO,46,101,68.77035277893252,0.12053996868209538
NO,35,101,69.01104909371759,0.12038491058100931
NO,45,101,0.04767123287671233,0.09965044874822865
NO,45,101,0.1473783656117147,0.09961265942371281
NO,52,101,0.2469910250354275,3.7789324515813405e-05
NO,48,101,0.2470288143599433,0.11990401072272086
NO,19,101,0.36693282508266417,4.571289560700853e-05
NO,45,101,0.3669785379782712,0.12052204926783183
NO,53,101,0.487500587246103,4.571289560695302e-05
NO,50,101,0.48754630014170997,0.12052204926783183
NO,19,101,0.6080683494095418,4.571289560706404e-05
NO,45,101,0.6081140623051489,0.12054490571563536
NO,52,101,0.7286589680207842,4.5712895606842e-05
NO,48,101,0.7287046809163911,0.12052204926783194
NO,19,101,0.849226730184223,4.571289560695302e-05
NO,45,101,0.84927244307983,0.1205677621634389
NO,45,101,1.0903851109589042,0.1205677621634389
NO,48,101,1.2110214424657535,0.11958803585262179
NO,19,101,1.3306094783183753,4.534718941884286e-05
NO,45,101,1.3306548255077941,0.119557864903165
NO,53,101,1.4502126904109591,4.5347189419064904e-05
NO,50,101,1.4502580376003782,0.11955786490316478
NO,19,101,1.569815902503543,4.534718941884286e-05
NO,45,101,1.5698612496929618,0.11958053849787453
NO,43,101,1.6895098089749647,0.2391384034010393
NO,45,101,1.928648212376004,4.534718941884286e-05
NO,45,101,1.9286935595654229,0.11960321209258407
NO,45,101,2.048296771658007,0.11958053849787431
NO,48,101,2.1679453309400096,0.12042184596126582
NO,45,101,2.288435746244686,0.12049919282002852
NO,53,101,2.4089349390647143,4.571289560706404e-05
NO,50,101,2.4089806519603214,0.12052204926783183
NO,19,101,2.5295027012281532,4.571289560661995e-05
NO,45,101,2.52954841412376,0.12054490571563559
NO,48,101,2.650161889182806,0.11767921691072303
NO,19,101,2.767841106093529,4.4633065658938875e-05
NO,45,101,2.767885739159188,0.11767507760982499
NO,54,101,2.8855608167690128,4.4633065658938875e-05
NO,40,101,2.8856054498346717,0.11767507760982543
NO,7,101,3.003280527444497,4.4633065658938875e-05
NO,45,101,3.003325160510156,0.11767507760982543
NO,52,101,3.1210002381199815,4.4633065658938875e-05
NO,48,101,3.1210448711856404,0.11953840519603176
NO,45,101,3.2406512971658006,0.11953519130845569
NO,52,101,3.3601864884742563,4.5347189418620815e-05
NO,48,101,3.360231835663675,0.119557864903165
NO,50,101,3.47978970056684,4.5347189419064904e-05
NO,50,101,3.479835047756259,0.11960321209258407
NO,51,101,3.599438259848843,0.11958053849787431
NO,52,101,3.7190868191308457,0.11953519130845525
NO,45,101,3.8386900312234298,0.11958053849787387
NO,45,101,3.9582705697213036,0.1199886632026459
NO,52,101,4.0782592329239495,4.5347189418620815e-05
NO,48,101,4.078304580113368,0.11958053849787476
NO,19,101,4.197885118611243,4.5347189418620815e-05
NO,45,101,4.1979304658006615,0.1194218233349078
NO,50,101,4.317420309919698,0.11953519130845525
NO,19,101,4.436955501228153,4.5347189418620815e-05
NO,45,101,4.437000848417572,0.11955786490316456
NO,52,101,4.556558713320737,4.534718941950899e-05
NO,48,101,4.556604060510156,0.12046609622106708
NO,19,101,4.677070156731223,4.571289560661995e-05
NO,45,101,4.67711586962683,0.12056776216343934
NO,45,101,4.918411389088332,0.12068204440245633
NO,52,101,5.039093433490788,4.571289560750813e-05
NO,48,101,5.039139146386396,0.11962369201700529
NO,19,101,5.158762838403401,4.5347189418620815e-05
NO,45,101,5.15880818559282,0.11955786490316456
NO,53,101,5.278366050495984,4.534718941950899e-05
NO,50,101,5.278411397685404,0.11955786490316456
NO,19,101,5.3979692625885685,4.534718941950899e-05
NO,45,101,5.398014609777988,0.11941968096362832
NO,43,101,5.517434290741616,4.4633065658494786e-05
NO,43,101,5.517478923807275,0.23526088908833298
NO,45,101,5.752739812895608,4.4633065658494786e-05
NO,45,101,5.752784445961266,0.11787592640529088
NO,45,101,5.870660372366557,0.11767507760982543
NO,52,101,5.988335449976383,4.4633065658494786e-05
NO,48,101,5.988380083042041,0.1203525156825691
NO,19,101,6.10873259872461,4.571289560750813e-05
NO,45,101,6.108778311620218,0.12052204926783183
NO,53,101,6.2293003608880495,4.571289560661995e-05
NO,50,101,6.229346073783656,0.12054490571563559
NO,45,101,6.349959548842702,0.12049919282002808
NO,48,101,6.4705273110061405,0.11955932791686408
NO,19,101,6.590086638923005,4.5347189418620815e-05
NO,45,101,6.590131986112423,0.11955786490316545
NO,54,101,6.709689851015589,4.5347189418620815e-05
NO,40,101,6.709735198205007,0.11928578176665106
NO,45,101,6.829089000755786,0.11953519130845613
NO,52,101,6.948624192064242,4.5347189418620815e-05
NO,48,101,6.948669539253661,0.12048310155880948
NO,19,101,7.0691526408124705,4.571289560661995e-05
NO,45,101,7.069198353708077,0.12052204926783183
NO,52,101,7.189720402975909,4.571289560750813e-05
NO,48,101,7.1897661158715165,0.12054490571563559
NO,50,101,7.310379590930562,0.12049919282002808
NO,51,101,7.430947353094001,0.12054490571563559
NO,52,101,7.5514922588096365,0.12056776216343845
NO,38,101,7.672060020973075,0.12097917822390247
NO,38,101,7.793107768540388,0.12061779452054733
NO,50,101,7.913725563060935,0.11769739414265512
NO,38,101,8.031489906802078,0.11765276107699663
NO,41,101,8.149142667879074,4.4633065659382964e-05
NO,41,101,8.149187300944734,0.11771971067548392
NO,43,101,8.266907011620217,0.11771971067548392
NO,44,101,8.384626722295701,0.12216519622106858
NO,45,101,8.506861611903638,0.12247451185640124
NO,38,101,8.629405817146907,0.12252097411431251
NO,38,101,8.75192679126122,0.12254420524326903
NO,50,101,8.874470996504488,0.11773342961738287
NO,38,101,8.992204426121871,0.11769739414265423
NO,41,101,9.109968769863015,0.11769739414265423
NO,43,101,9.227666164005669,0.11771971067548392
NO,44,101,9.345385874681153,0.12050063268776512
NO,45,101,9.465955076712328,0.12049919282002897
NO,38,101,9.586522838875768,0.1205449057156347
NO,38,101,9.707067744591402,0.12056776216343934
NO,50,101,9.827635506754842,0.11963027435049689
NO,38,101,9.947265781105338,0.11958053849787476
NO,41,101,10.066914340387342,0.11953519130845436
NO,43,101,10.186517552479925,0.11958053849787476
NO,44,101,10.3060980909778,0.12052826589513366
NO,45,101,10.426626356872934,0.12052204926783183
NO,53,101,10.547148406140765,4.571289560750813e-05
NO,38,101,10.547194119036373,0.12043062347661682
NO,38,101,10.66762474251299,0.12043062347661859
NO,50,101,10.788055365989608,0.12024777189419034
NO,38,101,10.908371707227209,0.12049919282002897
NO,41,101,11.028939469390648,0.12068204440245545
NO,43,101,11.149621513793104,0.12050711166745387
NO,44,101,11.270195575059047,0.11754117841284817
NO,45,101,11.387736753471895,0.11769739414265601
NO,45,101,11.505501097213038,0.11812140826641482
NO,45,101,11.623622505479453,0.1178391487009911
NO,52,101,11.741461654180444,4.5347189418620815e-05
NO,48,101,11.741507001369863,0.1194218233349087
NO,45,101,11.8609968454889,0.1193991497401985
NO,50,101,11.980395995229099,0.11973925366084082
NO,19,101,12.10013524888994,4.5347189418620815e-05
NO,45,101,12.100180596079358,0.11971658006613062
NO,48,101,12.219965196929618,0.12033151785545648
NO,19,101,12.340296714785074,4.571289560750813e-05
NO,45,101,12.340342427680682,0.12043062347661859
NO,45,101,12.581500808455363,0.12068204440245545
NO,48,101,12.702251422201229,0.12049919282002897
NO,19,101,12.822750615021258,4.571289560750813e-05
NO,45,101,12.822796327916866,0.12052204926783183
NO,53,101,12.943318377184697,4.5712895605731774e-05
NO,50,101,12.943364090080303,0.12052204926783183
NO,19,101,13.063886139348135,4.571289560750813e-05
NO,45,101,13.063931852243742,0.1205449057156347
NO,43,101,13.184476757959377,0.24083839050543254
NO,45,101,13.42531514846481,4.571289560750813e-05
NO,45,101,13.425360861360417,0.12056776216343934
NO,45,101,13.545928623523857,0.12068204440245545
NO,52,101,13.666610667926312,4.571289560750813e-05
NO,48,101,13.66665638082192,0.11960376102975978
NO,19,101,13.78626014185168,4.5347189418620815e-05
NO,45,101,13.786305489041098,0.11942182333490692
NO,53,101,13.905727312376005,4.534718942039717e-05
NO,50,101,13.905772659565425,0.11971658006613062
NO,19,101,14.025489239631556,4.5347189418620815e-05
NO,45,101,14.025534586820974,0.1196939064714222
NO,52,101,14.145228493292397,4.5347189418620815e-05
NO,48,101,14.145273840481815,0.12048785555030861
NO,45,101,14.265830265375534,0.12036205413320644
NO,40,101,14.38619231950874,0.12054490571563647
NO,7,101,14.506737225224377,4.5712895605731774e-05
NO,45,101,14.506782938119983,0.12063633150684971
NO,52,101,14.627419269626833,4.571289560750813e-05
NO,48,101,14.62746498252244,0.1205449057156347
NO,45,101,14.748078457581485,0.12049919282002897
NO,52,101,14.868577650401514,4.571289560750813e-05
NO,48,101,14.868623363297122,0.12052204926783183
NO,50,101,14.989145412564953,4.5712895605731774e-05
NO,50,101,14.98919112546056,0.12045347992442146
NO,51,101,15.10964460538498,0.11756997392536661
NO,52,101,15.227281528908836,0.11736264615021241
NO,48,101,15.344644175059049,4.4633065659382964e-05
NO,36,101,15.344688808124708,0.11771971067548392
NO,36,101,15.462408518800192,0.11812140826641482
NO,48,101,15.580596876665096,0.11968908630136887
NO,36,101,15.700285962966465,0.11960321209258318
NO,36,101,15.939515060746341,0.11960321209258495
NO,48,101,16.059118272838926,0.12054234558337029
NO,38,101,16.29979410807747,0.12043062347661504
NO,38,101,16.420224731554086,0.12097917822390514
NO,50,101,16.5412724791214,0.12068204440245722
NO,38,101,16.661954523523857,0.12054490571563647
NO,41,101,16.782499429239493,0.12056776216343579
NO,43,101,16.90313576074634,0.12054490571563647
NO,44,101,17.023680666461978,0.12056776216343579
NO,45,101,17.144248428625414,0.12024777189419211
NO,45,101,17.264564769863014,0.12047633637222788
NO,45,101,17.38510967557865,0.1207963266414751
NO,57,101,17.505974571563534,0.12056776216343934
NO,45,101,17.626542333726974,0.12056776216343934
NO,43,101,17.867723570949458,0.12052654860652012
NO,45,101,18.105969830231462,0.11771971067548392
NO,45,101,18.223689540906946,0.11758581147850933
NO,45,101,18.341275352385455,0.11758581147850578
NO,45,101,18.45886116386396,0.12054292607463424
NO,45,101,18.579404089938595,0.12056776216343934
NO,45,101,18.699971852102035,0.12054490571563292
NO,43,101,18.82058532716108,0.12049919282002719
NO,45,101,18.941084519981107,4.5712895605731774e-05
NO,45,101,18.941130232876713,0.12052204926783361
NO,43,101,19.061652282144546,4.5712895605731774e-05
NO,43,101,19.061697995040152,0.12024777189419211
NO,36,101,19.182014336277753,0.12049919282003074
NO,36,101,19.302582098441192,0.12097917822390158
NO,48,101,19.423561276665094,0.12072775729806295
NO,36,101,19.544289033963157,0.12056776216343934
NO,36,101,19.785424558290035,0.12054490571563647
NO,48,101,19.90603803334908,0.12049919282003074
NO,38,101,20.14673928516769,0.12036205413321
NO,38,101,20.26716990864431,0.12097917822390158
NO,50,101,20.38814908686821,0.11981806315541021
NO,38,101,20.50796715002362,0.11955786490316456
NO,41,101,20.627525014926785,4.534718942039717e-05
NO,41,101,20.627570362116206,0.11960321209258495
NO,43,101,20.74717357420879,0.11955518710438895
NO,44,101,20.86672876131318,0.11774202720831539
NO,45,101,20.984470788521495,0.1174072792158718
NO,45,101,21.101878067737367,0.11760812801133369
NO,45,101,21.2194861957487,0.1180321421350996
NO,57,101,21.3375183378838,0.12068150448748227
NO,45,101,21.45826841171469,0.12049919282002719
NO,43,101,21.699381079593767,0.12056776216343579
NO,45,101,21.939563207888522,0.11958053849787476
NO,45,101,22.059211767170524,0.11958053849787476
NO,45,101,22.1787923056684,0.11960321209258495
NO,57,101,22.298395517760984,0.12052131766650831
NO,45,101,22.4189854047709,0.12052204926783361
NO,45,101,22.660098072649976,0.12056776216343934
NO,45,101,22.780665834813416,0.12056776216343934
NO,47,101,23.021367086632026,0.12043062347661859
NO,47,101,23.141797710108644,0.12097917822390158
NO,50,101,23.262845457675954,0.12049919282003074
NO,32,101,23.383344650495985,4.5712895605731774e-05
NO,47,101,23.38339036339159,0.12038491058101286
NO,52,101,23.503843843316012,0.12049919282002719
NO,32,101,23.62434303613604,4.571289560928449e-05
NO,47,101,23.62438874903165,0.1204696775153522
NO,53,101,23.744858426547,4.463306565583025e-05
NO,50,101,23.744903059612657,0.1176750776098281
NO,32,101,23.862578137222485,4.4633065659382964e-05
NO,47,101,23.862622770288144,0.11771971067548392
NO,47,101,24.09821840736892,0.11785396976853946
NO,53,101,24.216072377137458,4.571289560928449e-05
NO,50,101,24.216118090033067,0.12052204926783006
NO,32,101,24.336640139300897,4.571289560928449e-05
NO,47,101,24.336685852196506,0.12052204926783006
NO,54,101,24.457207901464336,4.571289560928449e-05
NO,52,101,24.457253614359946,0.12054490571563292
NO,47,101,24.57786708941899,0.12033919768540358
NO,45,101,24.698206287104394,4.5712895605731774e-05
NO,45,101,24.698252,0.24097552919225507
NO,47,101,24.939296098535664,0.12068204440245722
NO,47,101,25.05997814293812,0.12052204926783006
NO,53,101,25.18050019220595,4.571289560928449e-05
NO,50,101,25.18054590510156,0.12038491058100931
NO,32,101,25.30093081568257,4.571289560928449e-05
NO,47,101,25.30097652857818,0.12052204926783006
NO,54,101,25.42149857784601,4.5712895605731774e-05
NO,52,101,25.421544290741615,0.12054490571563647
NO,47,101,25.542157765800663,0.12049919282002719
NO,53,101,25.66265695862069,4.5712895605731774e-05
NO,50,101,25.662702671516296,0.12052204926783361
NO,32,101,25.78322472078413,4.5712895605731774e-05
NO,47,101,25.783270433679736,0.12052204926783361
NO,54,101,25.90379248294757,4.5712895605731774e-05
NO,42,101,25.903838195843175,0.12024777189418856
NO,47,101,26.024154537080776,0.12049919282002719
NO,53,101,26.144653729900803,4.571289560928449e-05
NO,50,101,26.144699442796412,0.12052204926783006
NO,32,101,26.265221492064242,4.5712895605731774e-05
NO,47,101,26.265267204959848,0.12052204926783361
NO,53,101,26.38578925422768,4.5712895605731774e-05
NO,50,101,26.385834967123287,0.12054490571563647
NO,52,101,26.506448442182332,0.12054490571563647
NO,53,101,26.62699334789797,0.12056776216343934
NO,54,101,26.747561110061408,0.12052204926783361
NO,52,101,26.86808315932924,4.5712895605731774e-05
NO,40,101,26.868128872224847,0.12102489111950732
NO,40,101,26.989153763344355,0.12066062782239229
NO,52,101,27.109814391166747,0.11769739414265601
NO,40,101,27.22757873490789,0.11769739414265601
NO,43,101,27.345276129050546,0.11767507760982454
NO,45,101,27.46295120666037,4.4633065659382964e-05
NO,45,101,27.46299583972603,0.11772780940009397
NO,46,101,27.580723649126124,0.12054490571563292
NO,47,101,27.70133712418517,0.12049919282002719
NO,54,101,27.821836317005197,4.571289560928449e-05
NO,40,101,27.821882029900806,0.12056776216343579
NO,40,101,27.94244979206424,0.12056776216343934
NO,52,101,28.06301755422768,0.12054490571563647
NO,40,101,28.183631029286726,0.12054490571563647
NO,43,101,28.304175935002363,0.12052204926783361
NO,45,101,28.424697984270196,4.5712895605731774e-05
NO,45,101,28.424743697165802,0.12056776216343934
NO,46,101,28.54531145932924,0.12054490571563647
NO,47,101,28.665924934388286,0.12049919282002719
NO,40,101,28.786492696551726,0.12054490571563647
NO,40,101,28.907037602267362,0.12056776216343579
NO,52,101,29.027605364430798,0.12056776216343934
NO,40,101,29.148173126594237,0.12054490571563647
NO,43,101,29.268786601653286,0.12049919282002719
NO,45,101,29.389285794473313,4.5712895605731774e-05
NO,45,101,29.38933150736892,0.12056776216343934
NO,46,101,29.509899269532358,0.11964947392536729
NO,47,101,29.629548743457725,0.11958053849787476
NO,40,101,29.749197302739727,0.11942182333490692
NO,40,101,29.868619126074634,0.11942860784128584
NO,52,101,29.98804773391592,0.1174072792158718
NO,40,101,30.105521962730283,0.11769739414265246
NO,43,101,30.223219356872935,0.11783129333963416
NO,45,101,30.341117599811056,0.11767057827113803
NO,46,101,30.458856747425603,0.12036205413321
NO,47,101,30.57928737090222,0.12054490571563647
NO,47,101,30.699832276617858,0.12100203467170445
NO,47,101,30.820834311289563,0.12068204440245722
NO,53,101,30.94151635569202,4.5712895605731774e-05
NO,50,101,30.941562068587626,0.12038491058101286
NO,47,101,31.062015548512047,0.12036205413320644
NO,52,101,31.182446171988666,0.12063633150684794
NO,32,101,31.303082503495514,4.571289560928449e-05
NO,47,101,31.303128216391123,0.12068204440245367
NO,53,101,31.423810260793577,4.571289560928449e-05
NO,50,101,31.423855973689186,0.11943645158242688
NO,47,101,31.543360446055743,0.11942182333490692
NO,47,101,31.7825441966462,0.1197165800661324
NO,53,101,31.902260776712332,4.534718941684446e-05
NO,50,101,31.90230612390175,0.12049516986301612
NO,32,101,32.022801293764765,4.5712895605731774e-05
NO,47,101,32.02284700666037,0.12052204926783361
NO,54,101,32.143369055928204,4.5712895605731774e-05
NO,52,101,32.14341476882381,0.12052204926783361
NO,32,101,32.26393681809164,4.5712895605731774e-05
NO,47,101,32.26398253098725,0.12054490571563292
NO,45,101,32.384596006046294,0.24076982116201862
NO,47,101,32.62536582720831,4.5712895605731774e-05
NO,47,101,32.62541154010392,0.12054490571564003
NO,47,101,32.74602501516297,0.12063633150684439
NO,53,101,32.866661346669815,4.5712895605731774e-05
NO,50,101,32.86670705956542,0.12052204926783361
NO,32,101,32.987229108833255,4.5712895605731774e-05
NO,47,101,32.98727482172886,0.12038491058101641
NO,54,101,33.10765973230988,4.5712895605731774e-05
NO,52,101,33.10770544520548,0.12068204440245722
NO,32,101,33.22838748960794,4.5712895605731774e-05
NO,47,101,33.228433202503545,0.12068204440245722
NO,50,101,33.34918381624941,0.11959864133208242
NO,32,101,33.46878245758149,4.5347189413291744e-05
NO,47,101,33.4688278047709,0.11942182333491047
NO,42,101,33.58831764888994,0.11951251771374416
NO,20,101,33.707830166603685,4.534718942039717e-05
NO,47,101,33.707875513793105,0.11966373457723734
NO,53,101,33.82753924837034,4.463306565583025e-05
NO,50,101,33.827583881436,0.11769739414265246
NO,47,101,33.94534822517714,0.11765276107699663
NO,53,101,34.06300098625414,4.463306565583025e-05
NO,50,101,34.063045619319794,0.11771971067548748
NO,52,101,34.18076532999528,0.11760812801133369
NO,53,101,34.298373458006616,0.12038131119508932
NO,54,101,34.41882333854512,0.12020205899857928
NO,50,101,34.539025397543696,4.5712895605731774e-05
NO,38,101,34.5390711104393,0.12056776216343934
NO,38,101,34.65963887260274,0.12102489111951087
NO,50,101,34.78066376372225,0.11973760817194545
NO,38,101,34.900469392678325,0.11953519130845791
NO,38,101,35.13965314326878,0.11960321209258495
NO,50,101,35.259256355361366,0.11960321209258495
NO,40,101,35.49803198124705,0.11946717052433087
NO,40,101,35.61749915177138,0.12001133679735432
NO,52,101,35.737578509352865,0.12063669683514178
NO,40,101,35.85821520618801,0.12054490571563292
NO,43,101,35.97882868124705,0.12049919282002719
NO,45,101,36.09932787406708,4.5712895605731774e-05
NO,45,101,36.099373586962685,0.12056776216343934
NO,46,101,36.219941349126124,0.11965989655173104
NO,47,101,36.339601245677855,0.11933112895606968
NO,47,101,36.458932374633925,0.1195805384978712
NO,47,101,36.578512913131796,0.11987511686348284
NO,59,101,36.69838802999528,0.11774202720831539
NO,47,101,36.816130057203594,0.11771971067548037
NO,45,101,37.05161411162022,0.11769739414265956
NO,47,101,37.28987764818139,0.12056776216343934
NO,47,101,37.41044541034483,0.12043062347661504
NO,47,101,37.53087603382144,0.12043062347662215
NO,47,101,37.651306657298065,0.11961838889939003
NO,47,101,37.770925046197455,0.1195805384978712
NO,47,101,37.890505584695326,0.11960321209258495
NO,45,101,38.01017681757204,0.11953519130845791
NO,47,101,38.129712008880496,4.534718942039717e-05
NO,47,101,38.129757356069916,0.12049462130372746
NO,45,101,38.250251977373644,4.57128956128372e-05
NO,45,101,38.25029769026926,0.12024777189418501
NO,38,101,38.370614031506854,0.12054490571563292
NO,38,101,38.49115893722249,0.12100203467171156
NO,50,101,38.6121609718942,0.1198005092583827
NO,38,101,38.73196148115258,0.11960321209258495
NO,38,101,38.97116790533775,0.1196258856872916
NO,50,101,39.09079379102504,0.12051820897496412
NO,40,101,39.33144548965518,0.12043062347662215
NO,40,101,39.4518761131318,0.12095020283419444
NO,52,101,39.572826315966,0.11787592640528999
NO,40,101,39.69070224237129,0.11771971067548748
NO,43,101,39.808421953046775,0.11767507760982454
NO,45,101,39.9260970306566,4.463306565583025e-05
NO,45,101,39.926141663722255,0.11770953424657904
NO,46,101,40.04391921875296,0.11955786490316456
NO,47,101,40.163477083656126,0.11926310817194263
NO,47,101,40.282808212612196,0.11944449692961712
NO,47,101,40.40225270954181,0.11992064241851352
NO,59,101,40.522173351960326,0.12067509598489323
NO,47,101,40.642917017288624,0.12054490571564003
NO,45,101,40.884029685167704,0.12056776216343223
NO,47,101,41.12426410906945,0.1195805384978712
NO,47,101,41.24384464756732,0.11960321209258495
NO,47,101,41.36344785965991,0.11960321209258495
NO,59,101,41.48305107175249,0.12051455210203699
NO,47,101,41.603634193197934,0.1204991928200343
NO,47,101,41.84474686107701,0.12056776216343934
NO,47,101,41.96531462324045,0.11964581686348197
NO,47,101,42.204291569060004,0.11930845536136303
NO,47,101,42.32360002442137,0.11989796882380688
NO,47,101,42.443497993245174,0.11958053849787831
NO,47,101,42.56314655252718,0.11924043457722888
NO,53,101,42.68238698710441,4.534718942039717e-05
NO,50,101,42.68243233429383,0.11960321209258495
NO,50,101,42.80203554638641,0.11987618804911904
NO,50,101,42.92191173443553,0.11769739414265956
NO,50,101,43.039676078176676,0.11740727921587535
NO,52,101,43.15708335739255,0.11771971067548037
NO,52,101,43.27480306806803,0.11800982560227169
NO,52,101,43.3928128936703,0.11928363939536979
NO,55,101,43.5121645538498,0.23947850732168519
NO,55,101,43.751643061171485,0.11960321209257785
NO,55,101,43.87124627326406,0.12055441388758226
NO,55,101,43.991800687151645,0.12024777189419211
NO,59,101,44.11204845904584,4.5712895605731774e-05
NO,47,101,44.11209417194144,0.12056776216343934
NO,47,101,44.23266193410488,0.12086489598488015
NO,47,101,44.35352683008976,0.11962881152575022
NO,47,101,44.47315564161551,0.11928578176664928
NO,50,101,44.59250944416629,0.11958053849787831
NO,50,101,44.71208998266417,0.11989796882380688
NO,50,101,44.831987951487974,0.11960321209258495
NO,50,101,44.95159116358056,0.11928578176664928
NO,52,101,45.070944966131336,0.1195805384978712
NO,52,101,45.19052550462921,0.11989796882380688
NO,52,101,45.310423473453014,0.12022052659423821
NO,55,101,45.43064400004725,0.24140980170052018
NO,55,101,45.672122371091184,0.12049091421823022
NO,55,101,45.792613285309415,0.11771971067548748
NO,55,101,45.9103329959849,0.11740727921586824
NO,47,101,46.02780722479926,0.11769739414265246
NO,47,101,46.145504618941914,0.11802196570619117
NO,47,101,46.263526584648105,0.11960321209257785
NO,47,101,46.38312979674068,0.11926310817194263
NO,53,101,46.502392904912625,4.534718942039717e-05
NO,50,101,46.502438252102046,0.11958053849787831
NO,50,101,46.62208681138405,0.11982994803967983
NO,50,101,46.74198478020786,0.12053887156353227
NO,50,101,46.86252365177139,0.12027062834199143
NO,52,101,46.98279428011338,0.12054490571564003
NO,52,101,47.10340775517243,0.1207963266414751
NO,52,101,47.224272651157314,0.11925871988663062
NO,48,101,47.343531371043944,4.534718942039717e-05
NO,48,101,47.343576718233365,0.23950118091639183
NO,48,101,47.58307789914976,0.1195805384978712
NO,48,101,47.70272645843176,0.12051436924893721
NO,48,101,47.8232408276807,0.1202249154463857
NO,32,101,47.943465743127085,4.5712895605731774e-05
NO,47,101,47.94351145602269,0.12054490571564003
NO,47,101,48.064124931081736,0.1207963266414751
NO,47,101,48.18498982706662,0.1196233261218751
NO,47,101,48.3046131531885,0.11926310817193553
NO,53,101,48.423876261360434,4.534718942039717e-05
NO,50,101,48.423921608549854,0.11960321209258495
NO,50,101,48.54352482064244,0.11989796882380688
NO,50,101,48.663422789466246,0.12048950122815683
NO,50,101,48.783980860037815,0.12024777189418501
NO,52,101,48.904228631932,0.12056776216343934
NO,52,101,49.02479639409544,0.12086489598488726
NO,52,101,49.14566129008033,0.11935343741143356
NO,48,101,49.26501472749176,4.534718942039717e-05
NO,48,101,49.26506007468118,0.23950118091639183
NO,48,101,49.50456125559757,0.11960178384506293
NO,48,101,49.624163039442635,0.11769739414265246
NO,48,101,49.74192738318378,0.11736264615021241
NO,27,101,49.85929002933399,4.463306565583025e-05
NO,46,101,49.85933466239965,0.11771971067548748
NO,46,101,49.977054373075134,0.11812140826641127
NO,49,101,50.095242730940036,0.12046949749645819
NO,27,101,50.215712228436495,4.5712895605731774e-05
NO,46,101,50.2157579413321,0.12038491058100931
NO,51,101,50.33621142125652,0.12049919282002719
NO,27,101,50.45671061407655,4.5712895605731774e-05
NO,46,101,50.456756326972155,0.12052204926783361
NO,52,101,50.57727837623999,4.5712895605731774e-05
NO,49,101,50.577324089135594,0.11958163580538894
NO,27,101,50.69690572494098,4.534718942039717e-05
NO,46,101,50.6969510721304,0.11960321209258495
NO,46,101,50.936316211478534,0.1197165800661324
NO,52,101,51.056032791544666,4.534718942039717e-05
NO,49,101,51.05607813873409,0.12048840429853414
NO,27,101,51.17656654303262,4.57128956128372e-05
NO,46,101,51.176612255928234,0.1205220492678265
NO,53,101,51.29713430519606,4.57128956128372e-05
NO,51,101,51.29718001809167,0.12054490571563292
NO,46,101,51.41779349315072,0.12033919768540358
NO,44,101,51.53813269083612,4.5712895605731774e-05
NO,44,101,51.53817840373173,0.2390948851204513
NO,46,101,51.77734130963631,0.11971658006612529
NO,46,101,51.89705788970244,0.11955786490317166
NO,52,101,52.01661575460561,4.5347189413291744e-05
NO,49,101,52.01666110179502,0.11942182333491047
NO,27,101,52.136082925129934,4.534718942039717e-05
NO,46,101,52.136128272319354,0.11955786490316456
NO,53,101,52.25568613722252,4.534718942039717e-05
NO,51,101,52.25573148441194,0.1195805384978712
NO,46,101,52.37538004369394,0.1195205517713731
NO,52,101,52.49490059546531,4.463306565583025e-05
NO,49,101,52.494945228530966,0.11767507760983165
NO,27,101,52.6126203061408,4.463306565583025e-05
NO,46,101,52.612664939206454,0.11767507760982454
NO,54,101,52.73034001681628,4.463306566293568e-05
NO,41,101,52.73038464988194,0.11740727921586824
NO,15,101,52.84779192909781,4.463306565583025e-05
NO,46,101,52.847836562163465,0.11767507760983165
NO,52,101,52.9655116397733,4.463306565583025e-05
NO,49,101,52.96555627283895,0.11954465361360178
NO,27,101,53.085100926452554,4.534718942039717e-05
NO,46,101,53.085146273641975,0.11955786490316456
NO,52,101,53.20470413854514,4.534718942039717e-05
NO,49,101,53.20474948573456,0.1195805384978712
NO,51,101,53.324398045016565,0.1195805384978712
NO,52,101,53.443978583514436,0.11960321209258495
NO,53,101,53.56358179560702,0.11960321209258495
NO,39,101,53.683185007699606,0.12005668398677471
NO,39,101,53.80324169168638,0.11973925366083904
NO,51,101,53.92298094534722,0.12051820916390454
NO,39,101,54.04356772385454,0.12049919282002719
NO,42,101,54.164066916674564,4.57128956128372e-05
NO,42,101,54.16411262957018,0.12056776216343223
NO,44,101,54.28468039173361,0.12056776216343934
NO,45,101,54.40524815389705,0.11961948620690066
NO,46,101,54.524935660888076,0.11953519130845791
NO,53,101,54.644470852196534,4.534718942039717e-05
NO,39,101,54.644516199385954,0.11960321209258495
NO,39,101,54.76411941147854,0.11960321209257785
NO,51,101,54.88372262357112,0.1204937068493237
NO,39,101,55.004284899763846,0.12049919282002719
NO,42,101,55.12478409258387,4.57128956128372e-05
NO,42,101,55.124829805479486,0.12056776216343934
NO,44,101,55.245397567642925,0.12051701015587923
NO,45,101,55.365914577798804,0.11769739414265246
NO,46,101,55.48361197194146,0.11771971067548748
NO,39,101,55.60139863221543,0.11769739414265246
NO,39,101,55.71909602635808,0.11772935134624873
NO,51,101,55.83682537770433,0.11960321209258495
NO,39,101,55.956428589796914,0.1195805384978712
NO,42,101,56.07607714907891,0.11958053849787831
NO,44,101,56.19565768757679,0.11960321209258495
NO,45,101,56.315260899669376,0.1205604480396758
NO,46,101,56.43582134770905,0.12054490571564003
NO,39,101,56.5564348227681,0.12038491058101641
NO,39,101,56.67681973334911,0.12043062347661504
NO,51,101,56.79725035682573,0.11930772413793278
NO,39,101,56.91662610174779,0.11953519130845791
NO,42,101,57.036161293056246,4.534718942039717e-05
NO,42,101,57.036206640245666,0.1197165800661324
NO,44,101,57.155991241095926,0.1195351913084508
NO,45,101,57.27559445318851,0.12032694633916208
NO,46,101,57.39598996887108,0.12054490571564003
NO,46,101,57.51653487458672,0.12100203467170445
NO,46,101,57.63753690925842,0.12068204440245722
NO,52,101,57.75821895366088,4.5712895605731774e-05
NO,49,101,57.758264666556485,0.11946589093056303
NO,46,101,57.877798578271175,0.11939914974019672
NO,51,101,57.997265748795506,0.119671232876712
NO,27,101,58.11693698167222,4.534718942039717e-05
NO,46,101,58.11698232886164,0.11971658006612529
NO,52,101,58.236698908927764,4.534718942039717e-05
NO,49,101,58.236744256117184,0.12032859182806277
NO,46,101,58.35714141728866,0.12038491058100931
NO,46,101,58.59825408516773,0.12064748984411722
NO,52,101,58.71890157501185,4.463306565583025e-05
NO,49,101,58.718946208077504,0.11767507760983165
NO,27,101,58.836621285687336,4.463306565583025e-05
NO,46,101,58.83666591875299,0.11767507760982454
NO,53,101,58.954340996362816,4.463306566293568e-05
NO,51,101,58.95438562942848,0.11769739414265246
NO,46,101,59.07214997316962,0.11765276107698952
NO,44,101,59.1898696838451,0.23884364666981384
NO,46,101,59.42871333051492,4.534718942039717e-05
NO,46,101,59.42875867770434,0.11958053849787831
NO,46,101,59.54840723698634,0.119671232876712
NO,52,101,59.668078469863055,4.534718942039717e-05
NO,49,101,59.668123817052475,0.12050833528578409
NO,27,101,59.78863215233826,4.5712895605731774e-05
NO,46,101,59.788677865233865,0.12038491058100931
NO,53,101,59.909062775814874,4.5712895605731774e-05
NO,51,101,59.90910848871048,0.12068204440245722
NO,27,101,60.02979053311294,4.5712895605731774e-05
NO,46,101,60.02983624600854,0.12068204440245722
NO,49,101,60.150518290411,0.11962826296646512
NO,46,101,60.27021457416159,0.11939914974019672
NO,41,101,60.38968174468592,0.11951251771374416
NO,15,101,60.50919426239967,4.534718942039717e-05
NO,46,101,60.50923960958909,0.11969390647141864
NO,49,101,60.62900153684463,0.12046207364195283
NO,46,101,60.74953217982999,0.1204991928200343
NO,52,101,60.870031372650026,4.5712895605731774e-05
NO,49,101,60.87007708554563,0.12056776216343934
NO,51,101,60.99064484770907,0.12045347992442146
NO,52,101,61.11109832763349,0.11954049442607584
NO,53,101,61.23063882205957,0.11926310817194263
NO,49,101,61.34990193023151,4.5347189413291744e-05
NO,37,101,61.349947277420924,0.11960321209258495
NO,37,101,61.46955048951351,0.12002169192253831
NO,49,101,61.58957218143605,0.11783129333962705
NO,37,101,61.707470424374165,0.11765276107699663
NO,37,101,61.942887529192305,0.11773968752952158
NO,49,101,62.06062721672183,0.12056776216343934
NO,39,101,62.301374181436046,0.12038491058100931
NO,39,101,62.421759092017055,0.12097917822389803
NO,51,101,62.542806839584365,0.11972297992442549
NO,39,101,62.66252981950879,0.1195805384978712
NO,42,101,62.78217837879079,0.11958053849787831
NO,44,101,62.90175891728867,0.11960321209258495
NO,45,101,63.02136212938125,0.11960321209258495
NO,46,101,63.14096534147384,0.11928578176664928
NO,46,101,63.26031914402461,0.11955786490316456
NO,46,101,63.37987700892778,0.11989796882380688
NO,58,101,63.499774977751585,0.12056044785072828
NO,46,101,63.62033542560231,0.12056776216343934
NO,44,101,63.8615166628248,0.12054490571564003
NO,46,101,64.10170701969774,0.11960321209258495
NO,46,101,64.22131023179033,0.11946717052431666
NO,46,101,64.34077740231464,0.11946717052433087
NO,46,101,64.46024457283897,0.1205108948512077
NO,46,101,64.58075546769018,0.12054490571563292
NO,46,101,64.70130037340581,0.12056776216344645
NO,44,101,64.82193670491266,0.12046625800661559
NO,46,101,64.94240296291927,4.463306565583025e-05
NO,46,101,64.94244759598493,0.11767507760983165
NO,44,101,65.06012267359476,4.463306565583025e-05
NO,44,101,65.06016730666042,0.11740727921586824
NO,37,101,65.17764153547478,0.11769739414265246
NO,37,101,65.29533892961743,0.1181448046292104
NO,49,101,65.41348373424664,0.12072775729805585
NO,37,101,65.5342114915447,0.12056776216344645
NO,37,101,65.77534701587157,0.12059061861124576
NO,49,101,65.89593763448282,0.11961363471894515
NO,39,101,66.13472368299487,0.11946717052431666
NO,39,101,66.25419085351919,0.12003401039207517
NO,51,101,66.37422486391127,0.12070362068965323
NO,39,101,66.49492848460092,0.12052204926783361
NO,42,101,66.61545053386875,4.5712895598626346e-05
NO,42,101,66.61549624676435,0.12056776216344645
NO,44,101,66.7360640089278,0.12054490571563292
NO,45,101,66.85667748398684,0.12052204926783361
NO,46,101,66.97719953325468,0.1202249154463857
NO,46,101,67.09749301804446,0.12040776702882283
NO,46,101,67.21790078507328,0.12088775243267946
NO,58,101,67.33878853750596,0.12068204440245722
NO,46,101,67.45953915125183,0.1204991928200343
NO,44,101,67.70065181913091,0.12050621185640864
NO,46,101,67.93892237472846,0.11769739414265246
NO,46,101,68.05661976887112,0.11771971067547327
NO,46,101,68.17433947954659,0.11773649258385888
NO,58,101,68.29207597213045,0.1195805384978712
NO,46,101,68.41172453141245,0.11953519130845791
NO,46,101,68.6509082820029,0.11960321209258495
NO,46,101,68.77051149409549,0.12056410510156468
NO,47,101,69.01120908885221,0.1202249154463857
NO,69,127,3.8388260727916865,0.35921776098252245
NO,76,127,4.198043833774209,4.5347189418620815e-05
NO,72,127,4.198089180963628,0.23902503542749187
NO,74,127,4.4371142163911195,4.534718941950899e-05
NO,74,127,4.437159563580539,0.11958053849787387
NO,72,127,4.556808122862542,0.12044488545110976
NO,75,127,4.677321577657062,0.8402912453471902
NO,69,127,5.51767977260274,0.11727338001889454
NO,81,127,5.634953152621635,0.35356082961738355
NO,76,127,5.9885809318375065,0.24090228063297037
NO,74,127,6.229551781813887,0.12049919282002897
NO,72,127,6.350050974633916,4.571289560661995e-05
NO,72,127,6.350096687529523,0.12052204926783183
NO,74,127,6.470618736797355,4.571289560750813e-05
NO,74,127,6.470664449692962,0.059563899196976244
NO,75,127,6.59029070127539,0.11962588568729338
NO,76,127,6.829225042324044,0.11962588568729338
NO,74,127,7.069404061738309,0.12054490571563559
NO,72,127,7.310516729617383,0.1205906186112422
NO,73,127,7.551629397496457,3.116178196598961
NO,72,127,10.667807594095418,0.12038491058101108
NO,74,127,10.78826107401984,0.12024777189419034
NO,75,127,10.90850884591403,0.26067778719886725
NO,72,127,11.169186633112897,4.5712895605731774e-05
NO,76,127,11.169232346008503,0.10109712824752037
NO,74,127,11.270329474256023,0.11754117841284994
NO,44,127,11.387870652668873,4.463306565760661e-05
NO,81,127,11.38791528573453,0.47317225413320685
NO,90,127,11.861087539867738,4.5347189418620815e-05
NO,76,127,11.861132887057156,0.47934667931034625
NO,72,127,12.340479566367502,4.571289560750813e-05
NO,84,127,12.34052527926311,0.9642678199338679
NO,86,127,13.304793099196978,0.0602953093056211
NO,87,127,13.425566569390648,0.24127266301369943
NO,14,127,13.666839232404348,4.571289560750813e-05
NO,91,127,13.666884945299955,0.07874411483230936
NO,91,127,13.745629060132265,0.040812470477089136
NO,87,127,13.786509551393483,0.5998427632498835
NO,56,127,14.386352314643366,4.571289560750813e-05
NO,93,127,14.386398027538974,0.12056776216343756
NO,102,127,14.506965789702411,4.571289560750813e-05
NO,88,127,14.507011502598019,0.12065918795465258
NO,56,127,14.627670690552671,4.571289560750813e-05
NO,93,127,14.627716403448279,0.12052204926783183
NO,102,127,14.74823845271611,4.571289560750813e-05
NO,88,127,14.748284165611718,0.12052204926783183
NO,56,127,14.86880621487955,4.5712895605731774e-05
NO,93,127,14.868851927775156,0.12052204926783183
NO,102,127,14.989373977042987,4.571289560750813e-05
NO,88,127,14.989419689938595,0.12036205413320822
NO,86,127,15.109850313415214,0.11752048162494155
NO,56,127,15.227370795040155,4.463306565760661e-05
NO,81,127,15.227415428105813,0.1174072792158718
NO,84,127,15.344889656920174,0.955041589844118
NO,85,127,16.2999998161077,1.0442196743504972
NO,87,127,17.344219490458197,0.9971897611242326
NO,84,127,18.341476201180917,0.05855858214454557
NO,86,127,18.45899506306094,0.06002229178081819
NO,84,127,18.579609797968825,0.0599753190363721
NO,87,127,18.70015470368446,0.12056776216343934
NO,86,127,18.8207224658479,0.07954043835616531
NO,86,127,18.900262904204066,0.04102732380727403
NO,84,127,18.94129022801134,0.06002103193197783
NO,83,127,19.061903703070385,0.12020205899858283
NO,88,127,19.182105762068968,4.5712895605731774e-05
NO,84,127,19.182151474964574,0.9647249488899412
NO,85,127,20.146876423854515,0.7385535919697652
NO,86,127,20.88543001582428,0.21664890070855236
NO,81,127,21.102078916532832,1.919425308786014
NO,83,127,23.021504225318846,4.571289560928449e-05
NO,71,127,23.021549938214456,0.3619547074161531
NO,77,127,23.38350464563061,4.5712895605731774e-05
NO,74,127,23.383550358526215,0.24099838564005793
NO,76,127,23.624548744166272,0.12053284770902195
NO,74,127,23.745081591875294,0.11767507760982454
NO,77,127,23.86275666948512,4.4633065659382964e-05
NO,77,127,23.86280130255078,0.8355878361360425
NO,56,127,24.69838913868682,4.571289560928449e-05
NO,71,127,24.69843485158243,0.12013348965517068
NO,83,127,24.8185683412376,0.36211470255078027
NO,91,127,25.18068304378838,4.5712895605731774e-05
NO,78,127,25.180728756683987,0.2409526727444522
NO,76,127,25.42168142942844,4.5712895605731774e-05
NO,76,127,25.421727142324045,0.12056776216343934
NO,74,127,25.542294904487484,0.12056776216343934
NO,76,127,25.662862666650923,0.06002103193197783
NO,77,127,25.78347614170997,0.12054490571563292
NO,78,127,26.024291675767596,0.1205906186112422
NO,76,127,26.26547291299008,0.12054490571563647
NO,74,127,26.506585580869157,0.1205906186112422
NO,75,127,26.74776681809164,3.121033696740671
NO,74,127,29.868800514832312,0.11938111828058595
NO,76,127,29.988248582711385,0.1174072792158718
NO,77,127,30.105655861927257,0.3533380241851667
NO,76,127,30.458993886112424,0.12038491058101286
NO,56,127,30.579378796693437,4.5712895605731774e-05
NO,83,127,30.579424509589042,0.4826824647142196
NO,91,127,31.062106974303262,4.5712895605731774e-05
NO,78,127,31.062152687198868,0.48129845323571274
NO,74,127,31.54345114043458,4.534718941684446e-05
NO,86,127,31.543496487623997,0.961347290316489
NO,88,127,32.50491234728389,0.06027245285781646
NO,89,127,32.62559439168635,0.2413183759093087
NO,56,127,32.86691276759566,4.5712895605731774e-05
NO,93,127,32.86695848049126,0.12045347992442146
NO,102,127,32.987411960415685,4.5712895605731774e-05
NO,89,127,32.98745767331129,0.6009506699574914
NO,68,127,33.58840834326878,4.534718942039717e-05
NO,95,127,33.5884536904582,0.1196258856872916
NO,90,127,33.708079576145494,0.09865281058100805
NO,0,127,33.8067323867265,4.534718942039717e-05
NO,91,127,33.80677773391592,0.021006996315541926
NO,95,127,33.827784730231464,0.11771971067548748
NO,103,127,33.94550444090695,4.463306565583025e-05
NO,90,127,33.94554907397261,0.0969653351440698
NO,91,127,34.04251440911668,0.020709742465754744
NO,95,127,34.06322415158243,0.11774202720831539
NO,90,127,34.18096617879075,0.11754117841284994
NO,88,127,34.2985073572036,4.463306565583025e-05
NO,88,127,34.29855199026925,0.1203627740670754
NO,68,127,34.41891476433633,4.5712895605731774e-05
NO,83,127,34.418960477231934,0.12024777189419211
NO,86,127,34.53927681846954,0.9589365515351886
NO,87,127,35.49821337000473,1.0397591557864914
NO,89,127,36.53797252579122,0.9930406467170485
NO,86,127,37.53108174185168,0.059975319036368546
NO,88,127,37.651512365328294,0.059509043646670534
NO,86,127,37.77110643495513,0.059518186112420324
NO,89,127,37.890709647047714,0.11960321209257785
NO,88,127,38.01031285914029,0.07890410958904681
NO,88,127,38.08921696872934,0.04069910250353814
NO,86,127,38.12991607123288,0.05999488393954522
NO,85,127,38.250503398299486,0.12024777189419211
NO,86,127,38.37075117019368,0.9608543145961264
NO,87,127,39.331605484789804,0.7312461855455865
NO,84,127,40.06285167033539,4.5347189413291744e-05
NO,88,127,40.062897017524804,0.22006991025035916
NO,83,127,40.28296692777516,1.9215060300425222
NO,70,127,49.859490878129456,0.3563813454416618
NO,76,127,50.21587222357112,4.5712895605731774e-05
NO,73,127,50.215917936466724,0.24099838564005438
NO,75,127,50.45691632210678,0.12054490571564003
NO,73,127,50.57752979716583,0.11955731653282697
NO,76,127,50.69708711369866,4.534718942039717e-05
NO,76,127,50.69713246088808,0.8411830815304668
NO,51,127,51.538315542418545,4.57128956128372e-05
NO,70,127,51.53836125531416,0.11921812706660262
NO,82,127,51.65757938238076,0.3592177609825242
NO,90,127,52.016797143363284,4.534718942039717e-05
NO,77,127,52.016842490552705,0.23907038261690872
NO,75,127,52.25591287316961,0.11960321209258495
NO,73,127,52.3755160852622,0.11958535899857736
NO,75,127,52.495101444260776,0.05860321521020495
NO,76,127,52.61286578800192,0.11769739414265246
NO,77,127,52.847992777893275,0.11774202720831539
NO,75,127,53.08535033599436,0.1195805384978712
NO,73,127,53.32453408658482,0.1196258856872916
NO,74,127,53.5637858579594,3.1132167269721336
NO,73,127,56.677002584931536,0.12038491058101641
NO,75,127,56.79745606485596,0.11930607846009167
NO,76,127,56.91676214331605,0.3589683514407156
NO,75,127,57.275730494756765,0.1203508999055316
NO,51,127,57.396081394662296,4.5712895605731774e-05
NO,82,127,57.3961271075579,0.481762165092114
NO,90,127,57.877889272650016,4.534718942039717e-05
NO,77,127,57.877934619839436,0.47929822324043414
NO,73,127,58.35723284307987,4.5712895605731774e-05
NO,85,127,58.357278555975476,0.951876909636276
NO,87,127,59.30922348639588,0.05979026924894271
NO,88,127,59.42894006646201,0.2393878129428444
NO,45,127,59.668327879404856,4.534718942039717e-05
NO,92,127,59.66837322659428,0.12044177732640549
NO,102,127,59.78881500392068,4.5712895605731774e-05
NO,88,127,59.78886071681629,0.600911722248469
NO,63,127,60.38977243906476,4.534718942039717e-05
NO,94,127,60.38981778625418,0.1196258856872916
NO,89,127,60.50944367194147,0.1197165800661324
NO,63,127,60.6291602520076,4.534718942039717e-05
NO,94,127,60.62920559919702,0.12048657576760036
NO,102,127,60.74969217496462,4.5712895605731774e-05
NO,89,127,60.74973788786023,0.1205220492678265
NO,63,127,60.870259937128054,4.57128956128372e-05
NO,94,127,60.87030565002367,0.12054490571563292
NO,102,127,60.9908505557393,4.5712895605731774e-05
NO,89,127,60.990896268634906,0.12033919768540358
NO,87,127,61.11130403566372,0.11944815436939393
NO,63,127,61.230752190033115,4.534718942039717e-05
NO,82,127,61.230797537222536,0.11928578176664928
NO,85,127,61.35015133977331,0.9513599803495509
NO,86,127,62.30151132012286,1.0378253014643377
NO,88,127,63.3393366215872,1.0015768222956964
NO,85,127,64.3409134438829,4.53471894275026e-05
NO,85,127,64.34095879107232,0.05951818611242743
NO,87,127,64.46044863519136,0.05992009740198512
NO,85,127,64.5809383192726,0.05997531903638276
NO,88,127,64.70150608143605,0.12056776216343223
NO,87,127,64.82207384359948,0.07954043835616176
NO,87,127,64.90161428195564,0.04096721322626706
NO,85,127,64.9426484447804,0.058558582144542015
NO,84,127,65.06036815545589,0.11740727921586824
NO,85,127,65.17777543467176,0.9571069634860834
NO,86,127,66.13488239815784,0.7408802197449091
NO,82,127,66.87576261790275,4.57128956128372e-05
NO,87,127,66.87580833079836,0.22184468238073407
NO,82,127,67.0976530131791,1.913738927255551
NO,71,127,69.01139194043465,0.12004206386394856
NO,69,64,3.958542652857818,0.3590817194142657
NO,72,64,4.317692393056212,0.23925177137458675
NO,74,64,4.556944164430798,0.12051455191308413
NO,72,64,4.6774587163438825,0.12036205413320733
NO,75,64,4.79782077047709,4.571289560750813e-05
NO,75,64,4.797866483372697,0.8372205684459146
NO,69,64,5.6351540014171,0.11789824293811968
NO,81,64,5.75305224435522,0.35595463174303266
NO,90,64,6.1090068760982525,4.571289560661995e-05
NO,76,64,6.109052588993859,0.2411812372224844
NO,74,64,6.350233826216344,0.12056776216343934
NO,72,64,6.470870157723193,0.11960193230987226
NO,74,64,6.5904720900330656,0.05954085970713319
NO,75,64,6.710097975720359,0.11930845536136037
NO,76,64,6.948986969579594,0.1205313743977321
NO,74,64,7.190131819036372,0.12056776216343934
NO,72,64,7.431244486915446,0.1205906186112422
NO,73,64,7.672265729003307,3.1161324837033533
NO,72,64,10.78839821270666,0.12024777189419034
NO,74,64,10.908714553944261,0.12043062347661859
NO,75,64,11.02921374676429,0.26006246386395837
NO,72,64,11.289276210628248,4.4633065659382964e-05
NO,76,64,11.289320843693908,0.09875065777042913
NO,74,64,11.388071501464337,0.11763044454416693
NO,81,64,11.505768895606993,0.47489918275861953
NO,76,64,11.980736099149741,0.4801740906943799
NO,84,64,12.460978759187531,0.9647249488899377
NO,86,64,13.425703708077469,0.060066744827587115
NO,87,64,13.546180044449695,0.24048822210675525
NO,19,64,13.78666826655645,4.5347189418620815e-05
NO,91,64,13.786713613745869,0.07854133207368896
NO,91,64,13.865254945819558,0.040721776098251894
NO,87,64,13.90597672191781,0.6011490629192267
NO,56,64,14.507125784837037,4.5712895605731774e-05
NO,93,64,14.507171497732642,0.12070490085026009
NO,102,64,14.627876398582902,4.571289560750813e-05
NO,88,64,14.62792211147851,0.12052204926783183
NO,56,64,14.748444160746342,4.571289560750813e-05
NO,93,64,14.74848987364195,0.1205449057156347
NO,102,64,14.869034779357584,4.571289560750813e-05
NO,88,64,14.869080492253191,0.12052204926783183
NO,56,64,14.989602541521023,4.5712895605731774e-05
NO,93,64,14.989648254416629,0.12035989447331374
NO,102,64,15.110008148889943,4.463306565760661e-05
NO,88,64,15.1100527819556,0.11749654534719056
NO,86,64,15.227616276901278,0.11736264615021241
NO,56,64,15.34497892305149,4.4633065659382964e-05
NO,81,64,15.34502355611715,0.11760812801133724
NO,88,64,15.462631684128487,4.4633065659382964e-05
NO,84,64,15.462676317194147,0.9578226917335844
NO,85,64,16.42049900892773,1.0444710952763323
NO,87,64,17.464970104204063,0.9941811745866822
NO,84,64,18.459151278790745,4.4633065659382964e-05
NO,84,64,18.459195911856405,0.05998143811997991
NO,86,64,18.579746936655646,0.05999817548417852
NO,84,64,18.700314698819085,0.060066744827587115
NO,87,64,18.82092817387813,0.12054490571563647
NO,86,64,18.941473079593766,0.0793804432215417
NO,86,64,19.020853522815308,0.041187318941897644
NO,84,64,19.062040841757206,0.05990674969295995
NO,83,64,19.182357182994807,0.12043062347661859
NO,88,64,19.302787806471425,4.5712895605731774e-05
NO,84,64,19.30283351936703,0.9645878102031169
NO,85,64,20.267421329570148,0.7358846126594223
NO,86,64,21.00330594222957,0.21640341884742753
NO,81,64,21.219709361076998,1.9223169135096825
NO,83,64,23.14202627458668,4.5712895605731774e-05
NO,71,64,23.142071987482286,0.3619775638639595
NO,74,64,23.504118120689654,0.2411196869154466
NO,76,64,23.7452378076051,0.11771971067548392
NO,74,64,23.862957518280584,0.11751886188001848
NO,77,64,23.980476380160603,4.4633065659382964e-05
NO,77,64,23.980521013226262,0.8381844666981593
NO,71,64,24.818774049267834,0.12072775729806295
NO,83,64,24.939570375909305,0.36163471714690587
NO,91,64,25.30120509305621,4.571289560928449e-05
NO,78,64,25.30125080595182,0.2411812372224844
NO,76,64,25.542500612517713,0.12054490571563647
NO,74,64,25.66304551823335,0.12056776216343934
NO,76,64,25.78361328039679,0.06002103193197783
NO,77,64,25.90420389900803,0.12027062834199143
NO,78,64,26.14501943306566,0.12056776216343934
NO,76,64,26.386200670288144,0.12056776216343934
NO,74,64,26.62731333816722,0.12056776216343934
NO,75,64,26.86833458025508,3.120047901653283
NO,74,64,29.988382481908364,0.1174072792158718
NO,76,64,30.105856710722723,0.11763044454416871
NO,77,64,30.22348715526689,0.35607449300897187
NO,76,64,30.579630217619275,0.12043062347661859
NO,57,64,30.700060841095894,4.5712895605731774e-05
NO,83,64,30.7001065539915,0.48254532602739886
NO,78,64,31.182720449362307,0.4801978615966007
NO,74,64,31.662918310958908,4.534718941684446e-05
NO,86,64,31.662963658148325,0.9627907286726476
NO,88,64,32.62575438682097,0.060066744827587115
NO,89,64,32.74629929253661,0.24134123235710803
NO,56,64,32.98764052489372,4.5712895605731774e-05
NO,93,64,32.987686237789326,0.12017920255077996
NO,102,64,33.107865440340106,4.5712895605731774e-05
NO,89,64,33.10791115323571,0.600304464478036
NO,69,64,33.70821561771375,4.534718942039717e-05
NO,95,64,33.70826096490317,0.11972461412376134
NO,103,64,33.82798557902693,4.463306565583025e-05
NO,90,64,33.828030212092585,0.11769739414265956
NO,95,64,33.945727606235245,0.11771971067548037
NO,103,64,34.063447316910725,4.463306566293568e-05
NO,90,64,34.06349194997639,0.11767507760982454
NO,95,64,34.18116702758621,0.11756349494567786
NO,103,64,34.29873052253189,4.463306565583025e-05
NO,90,64,34.298775155597546,0.12032246032121208
NO,88,64,34.41916618526217,0.12020205899857928
NO,69,64,34.53936824426075,4.5712895605731774e-05
NO,83,64,34.539413957156356,0.12047633637222788
NO,86,64,34.659958862871996,0.957812372035896
NO,87,64,35.61777123490789,1.0399858917335862
NO,89,64,36.65775712664148,0.9938466644780348
NO,86,64,37.65160379111951,4.5712895605731774e-05
NO,86,64,37.65164950401512,0.05953062012281407
NO,88,64,37.7712651501181,0.059518186112420324
NO,86,64,37.890868362210675,0.05958620689655447
NO,89,64,38.01051692149268,0.11958053849787831
NO,88,64,38.13009745999056,0.07935575805385042
NO,85,64,38.20945321804441,4.5712895605731774e-05
NO,88,64,38.209498930940015,0.04114160604628836
NO,86,64,38.2506405369863,0.05995246258856923
NO,85,64,38.37095687822391,0.12047633637222077
NO,86,64,38.49143321459613,0.9607171759093163
NO,87,64,39.452150390505444,0.7304632070854922
NO,88,64,40.18261359759094,0.21986584789797092
NO,83,64,40.40247944548891,1.8021068803023255
NO,70,64,49.97732217146908,0.35909495781766765
NO,76,64,50.33641712928675,4.5712895605731774e-05
NO,73,64,50.33646284218236,0.24120409367029083
NO,75,64,50.57766693585265,0.11962424019839801
NO,73,64,50.697291176051046,0.11939914974019672
NO,76,64,50.81669032579124,4.534718942039717e-05
NO,76,64,50.81673567298066,0.8409797509683514
NO,70,64,51.65778344473315,0.11976192725554569
NO,82,64,51.77761339277282,0.3587416154936278
NO,90,64,52.13635500826645,4.534718942039717e-05
NO,77,64,52.13640035545587,0.2392517713745832
NO,75,64,52.37572014761458,0.11951519584317083
NO,73,64,52.49530229305624,0.11769739414265246
NO,75,64,52.612999687198894,0.05864784827586078
NO,76,64,52.73074171440721,0.11742959574870326
NO,77,64,52.965868704298565,0.11959499966934573
NO,75,64,53.20511226324991,0.11960321209258495
NO,73,64,53.44429601384037,0.11960321209257785
NO,74,64,53.68338907005199,3.1142041334907944
NO,73,64,56.79759320354278,0.11930498134152145
NO,75,64,56.91696620566843,0.11951251771375127
NO,76,64,57.03647872338218,0.35978552286253773
NO,75,64,57.39633281558813,0.12043062347662215
NO,52,64,57.51676343906475,4.5712895605731774e-05
NO,82,64,57.51680915196036,0.480660659187528
NO,77,64,57.997537831932014,0.48012563462447133
NO,73,64,58.477663466556486,4.57128956128372e-05
NO,85,64,58.4777091794521,0.9513896021728812
NO,87,64,59.42909878162498,0.05958620689655447
NO,88,64,59.54867932012286,0.2403642482758599
NO,46,64,59.78904356839872,4.5712895605731774e-05
NO,92,64,59.78908928129432,0.12017920255077996
NO,102,64,59.9092684838451,4.5712895605731774e-05
NO,88,64,59.90931419674071,0.6002655167690207
NO,64,64,60.50957971350973,4.5347189413291744e-05
NO,94,64,60.50962506069914,0.11973925366084615
NO,102,64,60.62936431435999,4.5347189413291744e-05
NO,89,64,60.6294096615494,0.12051107789324789
NO,64,64,60.74992073944265,4.57128956128372e-05
NO,94,64,60.74996645233826,0.1205220492678265
NO,102,64,60.87048850160609,4.57128956128372e-05
NO,89,64,60.8705342145017,0.1205220492678265
NO,64,64,60.99105626376953,4.5712895605731774e-05
NO,94,64,60.991101976665135,0.12036205413321
NO,102,64,61.111464030798345,4.5712895605731774e-05
NO,89,64,61.11150974369395,0.11946918228625947
NO,87,64,61.23097892598021,0.11926310817194263
NO,64,64,61.35024203415215,4.5347189413291744e-05
NO,82,64,61.350287381341566,0.11951251771375127
NO,85,64,61.469867919839444,0.9521654495512522
NO,86,64,62.4220333693907,1.0370878530467635
NO,88,64,63.45912122243746,1.0014181071327357
NO,85,64,64.4605393295702,4.5347189413291744e-05
NO,85,64,64.46058467675961,0.059944050968354645
NO,87,64,64.58109831440723,0.05999817548418207
NO,85,64,64.70166607657067,0.06006674482758001
NO,88,64,64.82227955162972,0.12050279234766492
NO,87,64,64.94278234397738,0.07750531851675646
NO,82,64,65.02028766249414,4.4633065670041105e-05
NO,87,64,65.02033229555981,0.040169759093046764
NO,85,64,65.06050205465286,0.058536265611721205
NO,84,64,65.17797628346722,0.11763044454417582
NO,85,64,65.29560672801139,0.9588562086443204
NO,86,64,66.25446293665571,0.742027438545108
NO,87,64,66.99649037520082,0.22163897435049762
NO,82,64,67.21812934955132,1.9133046547472787
P1,69,101,3.839188850307038,2.9903536223429388
P1,69,101,6.829542472649977,0.11962588568729338
P1,64,101,7.069701195559754,0.12054490571563559
P1,62,101,7.310836719886632,0.1205906186112422
P1,62,101,7.552017957109117,3.356833735521965
P1,62,101,10.908851692631082,0.12052204926783183
P1,62,101,11.15005578630137,0.12056380288143664
P1,69,101,11.388250033726973,3.956907421587154
P1,72,101,15.345224404912615,0.9549125498819055
P1,74,101,16.300205524137933,0.9647020924421348
P1,44,101,17.264907616580068,4.5712895605731774e-05
P1,81,101,17.264953329475674,1.917495279310348
P1,88,101,19.18244860878602,4.5712895605731774e-05
P1,72,101,19.182494321681627,0.9645420973075112
P1,74,101,20.14703641898914,4.5712895605731774e-05
P1,74,101,20.147082131884744,0.9551753169107222
P1,69,101,21.102324398393954,1.9195455300897493
P1,71,101,23.021869928483703,4.5712895605731774e-05
P1,71,101,23.02191564137931,3.0026960246575385
P1,71,101,26.024611666036847,0.12059061861123865
P1,66,101,26.265770046811525,0.12054490571563647
P1,64,101,26.506905571138404,0.1205906186112422
P1,64,101,26.748063951913085,3.3579266580066154
P1,64,101,30.1059906099197,0.11767507760982454
P1,64,101,30.341496980869156,0.11783975196032159
P1,71,101,30.579767356306096,3.959783739537084
P1,74,101,34.53961966518659,0.9587524199811028
P1,76,101,35.49844010595182,0.9608550461974517
P1,56,101,36.459295152149274,4.534718942039717e-05
P1,83,101,36.459340499338694,1.9117078046764249
P1,89,101,38.37104830401512,4.5712895605731774e-05
P1,74,101,38.371094016910725,0.9607171759093163
P1,76,101,39.33181119282004,0.951337123712797
P1,56,101,40.28314831653284,4.534718942039717e-05
P1,71,101,40.28319366372226,1.9215740508266492
P1,71,101,42.20476771454891,0.4778460085025955
P1,69,101,42.6826137230515,4.534718942039717e-05
P1,69,101,42.68265907024092,0.4746028194142653
P1,78,101,43.15726188965519,4.463306565583025e-05
P1,64,101,43.157306522720845,0.35501674629192337
P1,62,101,43.512391289796895,0.6001371546528134
P1,44,101,44.11252844444971,4.5712895605731774e-05
P1,71,101,44.112574157345314,0.48009400198394303
P1,69,101,44.592736180113384,0.4783675011809194
P1,64,101,45.07117170207843,0.3597008624468572
P1,62,101,45.43087256452529,0.5973363578649042
P1,71,101,46.028275871988676,0.47434376887104435
P1,69,101,46.50261964085972,4.534718942039717e-05
P1,69,101,46.50266498804914,0.4803121436466711
P1,71,101,46.98297713169581,4.5712895605731774e-05
P1,71,101,46.98302284459142,0.36073526239962206
P1,78,101,47.34375810699104,4.534718942039717e-05
P1,76,101,47.34380345418046,0.6001422743505032
P1,56,101,47.94394572853096,4.5712895605731774e-05
P1,71,101,47.94399144142657,0.4801115558809599
P1,69,101,48.42410299730753,4.534718942039717e-05
P1,69,101,48.42414834449695,0.48026313901748097
P1,71,101,48.90441148351443,4.5712895605731774e-05
P1,71,101,48.904457196410036,0.36078426702881927
P1,78,101,49.265241463438855,4.534718942039717e-05
P1,76,101,49.265286810628275,0.5945388154936211
P1,70,101,49.85989257572039,2.9883903170996717
P1,70,101,52.84834984241854,0.11769739414265956
P1,65,101,53.085645092725585,0.1196258856872916
P1,63,101,53.324851516910755,0.1196258856872916
P1,63,101,53.56408061469063,3.35302163254606
P1,63,101,56.91710224723669,0.11955786490316456
P1,63,101,57.15637669220599,0.11969390647141864
P1,70,101,57.396469954274956,3.9539534686348716
P1,73,101,61.350491443693954,0.9511798715635322
P1,75,101,62.3017398846009,0.9589193633443571
P1,51,101,63.260659247945256,4.534718942039717e-05
P1,82,101,63.260704595134676,1.9173609544638666
P1,88,101,65.17806554959854,4.463306565583025e-05
P1,73,101,65.1781101826642,0.9569762778460245
P1,75,101,66.13508646051022,0.9627494042512978
P1,51,101,67.09783586476152,4.5712895598626346e-05
P1,70,101,67.09788157765712,1.9138760659423895
P1,71,101,69.01175764359951,0.11967636069908849
NO,64,101,3.8393702390647144,2.990353622342938
NO,64,101,6.829723861407652,0.11960321209258407
NO,60,101,7.069861190694379,0.12056776216343845
NO,57,101,7.311042427916863,0.12054490571563559
NO,69,101,7.552155095795937,3.3568565919697697
NO,69,101,10.909011687765707,0.12047633637222432
NO,69,101,11.150261494331602,0.12053662711384128
NO,72,101,11.38840624945678,3.956907421587154
NO,76,101,15.345313671043934,4.463306565760661e-05
NO,76,101,15.345358304109592,0.9549386458195563
NO,78,101,16.300296949929148,4.5712895605731774e-05
NO,78,101,16.300342662824754,0.9647249488899377
NO,76,101,17.26506761171469,4.571289560928449e-05
NO,76,101,17.2651133246103,1.91754099220595
NO,76,101,19.18265431681625,0.9645420973075112
NO,78,101,20.147196414123762,4.5712895605731774e-05
NO,78,101,20.147242127019368,0.9551715375059047
NO,72,101,21.102413664525272,4.4633065659382964e-05
NO,72,101,21.102458297590932,1.9195944824751976
NO,66,101,23.02212134940954,3.002673168209732
NO,66,101,26.024794517619274,0.12056776216343934
NO,62,101,26.265930041946152,0.12056776216343579
NO,59,101,26.507088422720834,0.12056776216343579
NO,71,101,26.74822394704771,3.35790056206897
NO,71,101,30.10612450911668,0.11765276107699307
NO,71,101,30.341675513131793,0.11777550193670194
NO,74,101,30.579973064336325,3.959738026641478
NO,78,101,34.539711090977804,4.5712895605731774e-05
NO,78,101,34.53975680387341,0.9587739964572535
NO,33,101,35.49853080033066,4.534718942039717e-05
NO,80,101,35.49857614752008,0.9608777197921583
NO,91,101,36.45945386731224,4.534718942039717e-05
NO,78,101,36.45949921450166,1.911731941095887
NO,78,101,38.37129972494096,0.960648606565897
NO,80,101,39.33201690085027,0.9512901308455355
NO,89,101,40.283307031695806,4.534718942039717e-05
NO,74,101,40.283352378885226,1.9215287036372288
NO,78,101,42.204881082522455,4.534718942039717e-05
NO,66,101,42.204926429711875,0.47786868209730216
NO,66,101,42.68286313259331,0.4745772893245075
NO,68,101,43.15750737151631,0.35501995984883905
NO,67,101,43.51252733136515,0.2785451110061459
NO,79,101,43.791072442371295,4.534718942039717e-05
NO,67,101,43.791117789560715,0.20024862508266494
NO,79,101,43.99136641464338,4.5712895605731774e-05
NO,67,101,43.991412127538986,0.12127631204534595
NO,79,101,44.11268843958433,4.5712895605731774e-05
NO,66,101,44.11273415247994,0.48013806920170765
NO,66,101,44.592872221681645,0.47839017477562606
NO,21,101,45.07126239645727,4.5347189413291744e-05
NO,68,101,45.071307743646685,0.3597476724610331
NO,67,101,45.43105541610772,0.2807914612659417
NO,67,101,45.71184687737366,0.19806210448747663
NO,67,101,45.909908981861136,0.11845615625885841
NO,79,101,46.028365138119995,4.463306566293568e-05
NO,66,101,46.02840977118566,0.47439125843174423
NO,62,101,46.5028010296174,4.5347189413291744e-05
NO,74,101,46.502846376806815,0.48035931936703236
NO,76,101,46.98320569617385,0.3607337995748736
NO,79,101,47.34400751653285,0.27849976381671837
NO,91,101,47.622507280349566,4.534718942039717e-05
NO,79,101,47.62255262753899,0.2002539276334474
NO,79,101,47.822806555172434,0.12132202494095168
NO,66,101,47.9441971494568,0.4800872366084121
NO,74,101,48.42435240684934,0.48024192824752276
NO,76,101,48.90466290444027,0.36073727416155066
NO,2,101,49.26540017860182,4.534718942039717e-05
NO,79,101,49.26544552579124,0.27854511100613877
NO,91,101,49.54399063679738,4.534718942039717e-05
NO,79,101,49.5440359839868,0.19742275200755444
NO,91,101,49.74145873599436,4.463306566293568e-05
NO,79,101,49.74150336906002,0.11847847279168633
NO,90,101,49.859981841851706,4.463306565583025e-05
NO,65,101,49.86002647491736,2.9884572666981626
NO,65,101,52.848483741615524,0.11771971067548037
NO,61,101,53.08580380788855,0.11960321209257785
NO,58,101,53.32503290566843,0.11960321209258495
NO,70,101,53.56423932985359,3.3529989589513534
NO,70,101,56.91730630958907,0.11951251771375127
NO,70,101,57.15658075455837,0.11960321209258495
NO,73,101,57.39662994940958,3.953952188663216
NO,77,101,61.350582138072795,4.5347189413291744e-05
NO,77,101,61.35062748526221,0.9512038251299018
NO,2,101,62.30183131039211,4.57128956128372e-05
NO,79,101,62.30187702328772,0.2804789653282924
NO,91,101,62.582355988616015,4.534718942039717e-05
NO,79,101,62.582401335805436,0.19930089749645674
NO,91,101,62.78170223330189,4.534718942039717e-05
NO,79,101,62.78174758049131,0.19930089749645674
NO,91,101,62.98104847798777,4.534718942039717e-05
NO,79,101,62.98109382517719,0.19930089749645674
NO,91,101,63.18039472267365,4.534718942039717e-05
NO,79,101,63.18044006986307,0.08037789324515643
NO,90,101,63.260817963108224,4.534718942039717e-05
NO,77,101,63.260863310297644,1.9173807715635363
NO,77,101,65.17831103145967,0.956911470618806
NO,79,101,66.1352905228626,0.2788175623051501
NO,79,101,66.41410808516775,0.2009538890883391
NO,79,101,66.6150619742561,0.2009538890883249
NO,79,101,66.81601586334442,0.20090817619272627
NO,91,101,67.01692403953714,4.57128956128372e-05
NO,79,101,67.01696975243276,0.08102610746338712
NO,88,101,67.09799585989614,4.57128956128372e-05
NO,73,101,67.09804157279176,1.9138532094945617
NO,66,101,69.01196335162973,0.11947065266886625
