NO,36,101,0.5513488237132355,0.7780160463235294
NO,38,101,1.3318700735294118,0.7642172056985292
NO,39,101,2.098559947610294,0.7763259794117645
NO,35,101,2.877195919852941,0.7642822759191175
NO,36,101,3.643820723713235,0.7729765716299024
NO,32,101,4.418972540441176,0.7209865196078438
NO,32,101,5.142287491421569,0.8208426969975493
NO,34,101,5.965791254840687,0.7633297753063726
NO,27,101,6.731333417647059,0.7640545301470585
NO,32,101,7.497600335294118,0.7764631488970597
NO,31,101,8.722570348590686,0.17195097928921577
NO,31,101,8.991970037132354,0.4681558705882356
NO,43,101,9.46012590772059,0.0001105705882356034
NO,31,101,9.460236478308826,0.01863114411764677
NO,31,101,10.28045364375,0.21086153455882517
NO,31,101,10.599293421568628,0.19783423449755055
NO,31,101,11.174235817830885,0.2384405191176473
NO,31,101,11.520176336948532,0.23926470588235205
NO,31,101,12.056819721262258,0.21401693094362884
NO,31,80,12.397978862500004,0.26595765269607874
NO,31,80,13.106498945220592,0.24496731537990257
NO,31,64,13.572295450796572,0.44786729381127444
NO,43,64,14.020162744607847,7.402297794101287e-05
NO,31,64,14.020236767585788,0.03614788756127574
NO,19,64,14.056384655147063,7.402297794101287e-05
NO,31,64,14.056458678125004,0.14528243137254826
NO,43,64,14.201741109497553,7.402297794101287e-05
NO,31,64,14.201815132475494,0.03617256188725548
NO,19,64,14.237987694362749,7.402297794101287e-05
NO,31,64,14.23806171734069,0.14528243137255004
NO,43,64,14.38334414871324,7.402297794101287e-05
NO,31,64,14.383418171691181,0.03440179999999948
NO,19,64,14.41781997169118,6.644227941166037e-05
NO,31,64,14.417886413970592,0.13040404705882302
NO,43,64,14.548290461029415,6.644227941166037e-05
NO,31,64,14.548356903308827,0.03246812720588288
NO,19,64,14.58082503051471,6.644227941166037e-05
NO,31,64,14.580891472794121,0.13038189963235247
NO,43,64,14.711273372426474,8.858970588221382e-05
NO,31,64,14.711361962132356,0.032445979779412326
NO,19,64,14.743807941911768,6.644227941166037e-05
NO,31,64,14.74387438419118,0.13812319669117734
NO,43,64,14.881997580882357,7.208768382227504e-05
NO,31,64,14.88206966856618,0.03522684816176458
NO,19,64,14.917296516727944,7.20876838240514e-05
NO,31,64,14.917368604411768,0.14146006488970642
NO,43,64,15.058828669301475,9.611691176480974e-05
NO,31,64,15.05892478621324,0.035202818933822044
NO,19,64,15.094127605147062,7.20876838240514e-05
NO,31,64,15.094199692830886,0.08660133750000121
NO,43,80,15.183468274632357,0.4206755643995095
NO,55,80,15.604143839031867,7.025110294023307e-05
NO,43,80,15.604214090134807,0.034305955269609
NO,31,80,15.638520045404416,9.366813725542045e-05
NO,43,80,15.638613713541671,0.13785608100490165
NO,55,80,15.776469794546573,7.025110294023307e-05
NO,43,80,15.776540045649513,0.03432937230392241
NO,31,80,15.810869417953436,7.025110294023307e-05
NO,43,80,15.810939669056376,0.13787949803921684
NO,55,80,15.948819167095593,7.025110294023307e-05
NO,43,80,15.948889418198533,0.03077686384803968
NO,31,80,15.979666282046573,8.355612744992413e-05
NO,43,80,15.979749838174023,0.12297373057598193
NO,55,80,16.102723568750005,6.26670955874431e-05
NO,43,80,16.102786235845592,0.03062332071078444
NO,31,80,16.133409556556376,6.26670955874431e-05
NO,43,80,16.133472223651964,0.12294037953431669
NO,55,80,16.25641260318628,6.093602940993037e-05
NO,43,80,16.25647353921569,0.02975709436274343
NO,31,80,16.286230633578434,8.124803921916168e-05
NO,43,80,16.286311881617653,0.11957680171568441
NO,55,80,16.405888683333337,6.0936029413483084e-05
NO,43,80,16.40594961936275,0.02977740637254911
NO,31,80,16.4357270257353,6.093602940993037e-05
NO,43,80,16.43578796176471,0.11959711372549009
NO,55,80,16.5553850754902,6.0936029413483084e-05
NO,43,80,16.555446011519614,0.030499721752452302
NO,31,80,16.585945733272066,6.26670955874431e-05
NO,43,80,16.586008400367653,0.12299461960784441
NO,55,80,16.709003019975498,6.26670955874431e-05
NO,43,80,16.709065687071085,0.03062332071078444
NO,31,80,16.73968900778187,6.26670955874431e-05
NO,43,80,16.739751674877457,0.12299461960784441
NO,55,80,16.8627462944853,6.26670955874431e-05
NO,43,80,16.86280896158089,0.02976401862744993
NO,31,80,16.89257298020834,8.124803921560897e-05
NO,43,80,16.892654228247554,0.11957680171568796
NO,55,80,17.012231029963242,6.093602940993037e-05
NO,43,80,17.012291965992652,0.02977740637254911
NO,31,80,17.0420693723652,6.0936029413483084e-05
NO,43,80,17.042130308394615,0.11959711372549009
NO,55,80,17.161727422120105,6.093602940993037e-05
NO,43,80,17.161788358149515,0.03043682634804412
NO,31,80,17.19222518449756,6.26670955874431e-05
NO,43,80,17.192287851593147,0.12299461960784086
NO,55,80,17.315282471200987,6.266709559099581e-05
NO,43,80,17.31534513829658,0.031041101348037614
NO,31,80,17.346386239644616,6.26670955874431e-05
NO,43,80,17.346448906740203,0.12257683897058769
NO,55,80,17.46902574571079,6.266709559099581e-05
NO,43,80,17.469088412806382,0.03060243167892196
NO,31,80,17.499690844485304,6.26670955874431e-05
NO,43,80,17.49975351158089,0.12299461960784086
NO,55,80,17.622748131188732,6.266709559099581e-05
NO,43,80,17.622810798284323,0.03062332071078444
NO,31,80,17.653434118995108,6.26670955874431e-05
NO,43,80,17.653496786090695,0.12297373057597838
NO,55,80,17.776470516666674,8.355612745347685e-05
NO,43,80,17.776554072794127,0.03060243167892196
NO,31,80,17.80715650447305,6.26670955874431e-05
NO,43,80,17.807219171568637,0.014162763602939776
NO,44,80,17.822969501593146,0.8541145568014699
NO,41,80,18.678997838051476,0.9095862248161808
NO,38,80,19.590761662500007,1.1542179147058853
NO,32,80,20.74685748805148,1.5520027533088268
NO,31,80,22.300726755330892,0.46403228290441234
NO,43,80,22.764759038235304,7.554393382491753e-05
NO,31,80,22.76483458216913,0.03691580232842995
NO,19,80,22.80175038449756,7.554393382491753e-05
NO,31,80,22.801825928431384,0.14824237947303587
NO,43,80,22.95006830790442,7.554393382491753e-05
NO,31,80,22.950143851838245,0.04200242720588321
NO,19,80,22.992146279044128,7.554393382136482e-05
NO,31,80,22.99222182297795,0.14605160539215944
NO,43,80,23.13827342837011,0.00010072524509752157
NO,31,80,23.138374153615207,0.03691580232842995
NO,19,80,23.175289955943636,7.554393382491753e-05
NO,31,80,23.17536549987746,0.15339519264705714
NO,43,80,23.32876069252452,8.109852941373674e-05
NO,31,80,23.328841791053932,0.03965718088235093
NO,19,80,23.368498971936283,8.109852941373674e-05
NO,31,80,23.368580070465697,0.15916938039215722
NO,43,80,23.527749450857854,8.109852941018403e-05
NO,31,80,23.527830549387264,0.039630148039215385
NO,19,80,23.56746069742648,8.109852941373674e-05
NO,31,80,23.567541795955893,0.15914234754901813
NO,43,80,23.72668414350491,8.109852941373674e-05
NO,31,80,23.726765242034325,0.03648860318627101
NO,19,80,23.763253845220596,7.402297794101287e-05
NO,31,80,23.763327868198537,0.14525775704657207
NO,43,80,23.90858562524511,7.402297794101287e-05
NO,31,80,23.90865964822305,0.03617256188725193
NO,19,80,23.944832210110302,9.869730392253473e-05
NO,31,80,23.944930907414225,0.14525775704656851
NO,43,80,24.090188664460793,7.402297794101287e-05
NO,31,80,24.090262687438734,0.03617256188725548
NO,19,80,24.12643524932599,7.402297794101287e-05
NO,31,80,24.12650927230393,0.150517622549021
NO,43,80,24.277026894852952,7.934834558653847e-05
NO,31,80,24.27710624319854,0.03880134099264865
NO,19,80,24.315907584191187,7.934834558653847e-05
NO,31,80,24.315986932536774,0.1557079034926474
NO,43,80,24.47169483602942,7.934834558653847e-05
NO,31,80,24.471774184375008,0.03880134099264865
NO,19,80,24.510575525367656,7.934834559009118e-05
NO,31,80,24.510654873713246,0.1574800165441168
NO,43,80,24.668134890257363,7.934834558653847e-05
NO,31,80,24.66821423860295,0.03565203088235691
NO,19,80,24.703866269485307,7.554393382136482e-05
NO,31,80,24.703941813419128,0.14824237947303942
NO,43,80,24.852184192892167,7.554393382491753e-05
NO,31,80,24.852259736825992,0.03691580232842995
NO,19,80,24.889175539154422,7.554393382491753e-05
NO,31,80,24.889251083088247,0.14824237947303942
NO,43,80,25.037493462561287,0.00010072524509752157
NO,31,80,25.037594187806384,0.03852740625000095
NO,19,80,25.076121594056385,0.00010072524509752157
NO,31,80,25.076222319301483,0.12895141856617442
NO,43,80,25.205173737867657,6.644227941166037e-05
NO,31,80,25.20524018014707,0.0324681272058811
NO,19,80,25.23770830735295,6.644227941166037e-05
NO,31,80,25.23777474963236,0.13038189963235425
NO,43,80,25.368156649264716,6.644227941166037e-05
NO,31,80,25.368223091544127,0.03249027463235166
NO,19,80,25.40071336617648,6.644227941166037e-05
NO,31,80,25.40077980845589,0.1351576002450976
NO,43,80,25.53593740870099,7.025110294378578e-05
NO,31,80,25.536007659803932,0.03432937230392241
NO,19,80,25.570337032107854,7.025110294023307e-05
NO,31,80,25.570407283210795,0.13787949803921506
NO,43,80,25.70828678125001,7.025110294023307e-05
NO,31,80,25.70835703235295,0.03432937230392241
NO,19,80,25.742686404656872,7.025110294023307e-05
NO,31,80,25.742756655759813,0.13630236127450956
NO,43,80,25.879059017034322,6.808272058833609e-05
NO,31,80,25.87912709975491,0.03329245036764661
NO,19,80,25.912419550122557,6.808272058833609e-05
NO,31,80,25.912487632843145,0.13357829779411645
NO,43,80,26.046065930637262,9.077696078563235e-05
NO,31,80,26.046156707598048,0.033269756127452865
NO,19,80,26.0794264637255,6.808272058833609e-05
NO,31,80,26.07949454644609,0.13357829779411645
NO,43,80,26.213072844240205,9.077696078207964e-05
NO,31,80,26.213163621200987,0.033269756127452865
NO,19,80,26.24643337732844,6.808272058833609e-05
NO,31,80,26.24650146004903,0.13360099203431375
NO,43,80,26.380102452083342,9.077696078563235e-05
NO,31,80,26.380193229044128,0.03326975612744931
NO,19,80,26.413462985171577,6.808272058833609e-05
NO,31,80,26.413531067892166,0.13514420036764818
NO,43,80,26.548675268259814,9.077696078207964e-05
NO,31,80,26.548766045220596,0.031191761029415233
NO,19,80,26.57995780625001,6.644227941166037e-05
NO,31,80,26.580024248529423,0.1303818996323507
NO,43,80,26.710406148161773,6.644227941166037e-05
NO,31,80,26.710472590441185,0.03249027463235521
NO,19,80,26.74296286507354,6.644227941166037e-05
NO,31,80,26.743029307352952,0.01463944889705715
TR,36,80,31.990246456617662,0.3563520919117664
TR,36,80,32.34823745808825,0.3756113357843205
TR,36,80,32.72558165441178,0.36671050477941236
TR,36,80,33.09376728480394,0.35759696188725343
TR,36,80,33.452825976838255,0.3657918166666647
TR,36,80,33.82029716727943,0.3657176807598077
TR,39,80,34.18771691605394,0.3569957034313802
TR,39,80,34.54635152904414,0.36528543186274476
TR,39,80,34.91311208651963,0.3659219289215656
TR,39,80,35.280554529534335,0.3579272638480404
TR,39,80,35.64014285036767,0.3652394936274561
TR,39,80,36.00706171776963,0.3653545729166652
TR,41,80,36.374118358701004,0.3658084577205898
TR,41,80,36.74142463627453,0.3575398183823566
TR,41,80,37.10042618480394,0.36580302487745087
TR,41,80,37.4679312776961,0.3657176807598006
TR,41,80,37.83535102647061,0.3569618009803932
TR,41,80,38.193951737009826,0.3652966400735309
TR,38,80,38.560723502696106,0.3659673174019602
TR,38,80,38.928188639951,0.3663077310049019
TR,38,80,39.29619843897061,0.3657176807598006
TR,43,80,39.66359549350493,0.3098700765931355
TR,55,80,39.973465570098064,6.644227941166037e-05
TR,43,80,39.973532012377476,0.0324681272058811
TR,31,80,40.00600013958336,6.644227941166037e-05
TR,43,80,40.00606658186277,0.014661596323527704
TR,43,80,40.02236708774512,0.35695007242647137
TR,43,80,40.38075674289218,0.365497329534314
TR,36,80,40.747933446201,0.36614887132353147
TR,36,80,41.11578438553924,0.36574037499999434
TR,36,80,41.48320413431375,0.3653545729166652
TR,36,80,41.850238081004925,0.3574495882352977
TR,36,80,42.20912725196081,0.3654161291666682
TR,36,80,42.57604120098042,0.3663304252450956
TR,39,80,42.944073694240224,0.35731670661764525
TR,39,80,43.30305145784316,0.3648741985294137
TR,39,80,43.66960503014709,0.36578576348038894
TR,39,80,44.03688861348042,0.36589923468137187
TR,39,80,44.40428566801473,0.35800874203432187
TR,39,80,44.76395546703434,0.3651807096813755
TR,41,80,45.13083824473042,0.365377267156866
TR,41,80,45.49789488566179,0.35739353835784726
TR,41,80,45.8567501541667,0.3654051899509838
TR,41,80,46.223653163970624,0.36635311948528937
TR,41,80,46.59170835147062,0.35728280416666536
TR,41,80,46.950652212622586,0.36488540674019276
TR,38,80,47.31719429889709,0.3658538462009844
TR,38,80,47.68452327071082,0.36589923468137187
TR,38,80,48.05189763100494,0.3663758137254902
TR,43,80,48.41995281850494,0.3423928910539189
TR,55,80,48.76234570955886,8.858970588221382e-05
TR,43,80,48.76243429926474,0.014949512867644899
TR,43,80,48.77902272169121,0.3163746977941173
TR,55,80,49.09539741948533,6.808272058833609e-05
TR,43,80,49.09546550220592,0.033269756127452865
TR,31,80,49.12873525833337,6.808272058833609e-05
TR,43,80,49.12880334105396,0.015000892769606367
TR,43,80,49.14546091335788,0.3574277186274486
TR,36,80,49.504438951838274,0.36519164301470397
TR,36,80,49.87112841470592,0.3576193959558793
TR,36,80,50.2304088676471,0.36518425367646756
TR,36,80,50.597295189338276,0.36549073835784185
TR,36,80,50.964465301470625,0.3660127058823548
TR,36,80,51.33195313296572,0.3574772126225554
TR,39,80,51.690892075735334,0.3655257638480407
TR,39,80,52.05814260183828,0.3657176807598077
TR,39,80,52.425562350612786,0.3657176807598077
TR,39,80,52.7929594051471,0.3573749496323515
TR,39,80,53.151773937500046,0.36526437218137175
TR,39,80,53.51853612953436,0.3661715655637252
TR,41,80,53.88640976311279,0.3574501438725548
TR,41,80,54.24549881654416,0.36512601654411725
TR,41,80,54.612304206862795,0.3656269037990185
TR,41,80,54.979406236274556,0.36589923468137187
TR,41,80,55.34680329080887,0.35791633051471194
TR,41,80,55.706380678308875,0.3652958154411792
TR,38,80,56.07335586752456,0.3568464262254878
TR,38,80,56.43181905588241,0.3654568564950935
TR,38,80,56.79872834375006,0.3661261770833306
TR,43,80,57.16632964644613,0.36619425980392606
TR,43,80,57.53422597426476,0.341975110661771
TR,55,80,57.87620108492653,8.858970588221382e-05
TR,43,80,57.87628967463241,0.014949512867644899
TR,43,80,57.892855949632406,0.31681517242647317
TR,55,80,58.20967112205888,6.808272058833609e-05
TR,43,80,58.20973920477947,0.03304281372549411
TR,31,80,58.24278201850496,9.077696078207964e-05
TR,43,80,58.24287279546574,0.015182446691177631
TR,43,80,58.25950767352947,0.016099523897061374
TR,36,80,58.282029951103,0.35163469007353143
P1,63,101,0.5496608627450982,0.7770035931372549
P1,62,101,1.329202194485294,0.16290329724264718
P1,62,101,1.5925413772058825,0.16296836746323518
P1,62,101,1.855945630147059,0.13898999117647048
P1,63,101,2.0959246036764707,0.7765534289215683
P1,62,101,2.874723251470588,0.16352146433823522
P1,62,101,3.1380949693014704,0.16352146433823522
P1,62,101,3.401564292463235,0.13951055294117642
P1,63,101,3.641315520220588,0.289737653921569
P1,67,101,4.3721306555759805,0.2689619829044121
P1,65,101,4.643206609068628,0.15395220588235325
P1,63,101,4.891766658088236,0.1534313725490195
P1,62,101,5.1398058737745105,0.8204181500000001
P1,63,101,5.962955118259805,0.7637908488357841
P1,60,101,6.728958354595589,0.25927229393382323
P1,60,101,7.231755949080883,0.16352146433823478
P1,63,101,7.495225272242648,0.2656885971813727
P1,62,101,7.763166123590687,0.2658653558210782
P1,60,101,8.031316854963237,0.2661303268995088
P1,59,101,8.300130014031863,1.1978110348651967
P1,60,101,9.500176523713236,0.190753422794117
P1,59,101,9.772262000735294,1.1814398827818646
P1,60,101,11.197117513419121,0.23432352941176404
P1,59,101,11.543970454595591,0.23379411764705793
P1,60,101,12.079920696629905,0.20938515643382338
P1,59,80,12.421651213725495,0.2616018286151949
P1,60,80,13.13060693541667,0.24017585232843253
P1,59,64,13.594648331250005,1.6015794634191174
P1,43,5,22.99063540036766,0.200695050857842
P1,44,5,23.193521225306384,0.21212087310048844
P1,41,5,23.408020988602953,0.21656010637254752
P1,39,5,23.62704108370099,0.2064112189338232
P1,38,5,23.835598968995107,0.19764135110294134
P1,39,5,24.035411660784323,0.2003011954656877
P1,43,6,24.23833135165442,0.21146334099264763
P1,44,6,24.45236028915442,0.2115691387867642
P1,41,6,24.66649502444854,0.20195629552696204
P1,39,8,24.87094426979168,0.20127422101715453
P1,38,8,25.07461071537991,0.17722765006127617
P1,39,8,25.253787338970596,0.17733444375000218
P1,43,10,25.433115051102952,0.18663192340686052
P1,44,10,25.621831090563735,0.18752361078431434
P1,41,10,25.81143881740197,0.18231688958333336
P1,39,13,25.99579818860295,0.18178086397058735
P1,38,13,26.17978039387256,0.18155392156862504
P1,39,13,26.363535656740204,0.18150853308823756
P1,43,16,26.547290919607853,0.17735602377451087
P1,44,16,26.72679524375001,0.17717941176470475
P1,41,16,26.906122955882363,0.17702437977941088
P1,39,20,27.085140604044128,0.1772015591911753
P1,38,20,27.264268989338245,0.18158483272058845
P1,39,20,27.447873609436286,0.18169008700980172
P1,43,25,27.631606178063734,0.17728959914215991
P1,44,25,27.810844750735303,0.17760021286764882
P1,41,25,27.9905932639706,0.1814500269607855
P1,39,32,28.174312714950993,0.18137236764705733
P1,38,32,28.357863729656874,0.1815539215686286
P1,39,32,28.54161899252452,0.18153122732843485
P1,43,40,28.72537425539217,0.1768920420343143
P1,44,40,28.904215270955895,0.17737873860293973
P1,41,40,29.083542983088247,0.18172372340686493
P1,39,51,29.26735457659315,0.1815312273284313
P1,38,51,29.450882897058836,0.1817581697303936
P1,39,51,29.634638159926485,0.18187164093137298
P1,43,51,29.818678880147075,0.1771572643382342
P1,44,51,29.997984444852957,0.1771572643382342
P1,41,51,30.17729000955884,0.18154052610294258
P1,39,64,30.361077265441192,0.18139506188725463
P1,38,64,30.544628280147077,0.18139506188725463
P1,39,64,30.728020435171583,0.18166739276960797
P1,43,64,30.911662226838253,0.18178086397058735
P1,44,64,31.09546287818629,0.1817354754901963
P1,41,64,31.27921814105394,0.18169008700980172
P1,39,64,31.462905321200996,0.18189433517157028
P1,38,64,31.647000997671586,0.1772504975490179
P1,39,64,31.82639979558825,0.17771094999999804
P1,43,64,32.006857026470605,0.17593915588235376
P1,44,64,32.18492233529413,0.17717941176470475
P1,41,64,32.36425004742649,0.18661711397059122
P1,39,64,32.55292786041669,0.18747677671568397
P1,38,64,32.74244191911767,0.1821851935048997
P1,39,64,32.926646900000016,0.18182625245098194
P1,43,64,33.110651799509824,0.17710940784313323
P1,44,64,33.28971018088237,0.17757806544117472
P1,41,64,33.46943654669119,0.1813346463235348
P1,39,64,33.65297253431375,0.18148583884803315
P1,38,64,33.83663702022061,0.1815539215686286
P1,39,64,34.020369588848055,0.1815993100490232
P1,43,64,34.204283711397075,0.17682586875000084
P1,44,64,34.38305855367649,0.17737873860293973
P1,41,64,34.56238626580885,0.18158564852940628
P1,39,64,34.74599170171571,0.18166739276960442
P1,38,64,34.92965618762257,0.18173547549019986
P1,39,64,35.11341145049022,0.1820531948529407
P1,43,64,35.297847540563744,0.17683188664216232
P1,44,64,35.47682772757355,0.1771572643382342
P1,41,64,35.656133292279435,0.18140245122548748
P1,39,64,35.83973708480394,0.18148583884804026
P1,38,64,36.02340157071081,0.18139506188725107
P1,39,64,36.20679372573532,0.18191702941176402
P1,39,64,36.39088940220591,0.18137236764705733
P1,41,64,36.574304251470615,0.18164469852941068
P1,39,64,36.75794604313728,0.17741537218136472
P1,38,64,36.93728824142159,0.17757806544117472
P1,36,64,37.117014607230416,0.18134530772058355
P1,38,64,37.30056125625002,0.18173547549019986
P1,39,64,37.48465693272061,0.18116811948529232
P1,41,64,37.668026393504924,0.181508533088234
P1,39,64,37.851713573651985,0.17699621446078595
P1,38,64,38.03063661421571,0.17737873860293973
P1,36,64,38.209964326348064,0.181619004166663
P1,38,64,38.39358042365198,0.1818489466911828
P1,39,64,38.5775399346814,0.181508533088234
P1,41,64,38.76106825514708,0.18187164093137653
P1,39,64,38.94514123737748,0.181508533088234
P1,38,64,39.12882841752454,0.18153122732842775
P1,36,64,39.312560986151986,0.181508533088234
P1,38,64,39.49624816629905,0.18173547549019275
P1,39,64,39.68036653700983,0.17675860183823033
P1,41,64,39.85907411237747,0.17733444374999863
P1,39,64,40.038335382230414,0.17735659117646918
P1,38,64,40.2176409469363,0.17735659117646918
P1,36,64,40.39696865906865,0.18162036678921822
P1,38,64,40.58058611899512,0.18212127757352903
P1,43,64,40.76509029178924,0.18114542524509858
P1,44,64,40.948437058333354,0.18153122732843485
P1,41,64,41.13216962696081,0.181508533088234
P1,39,64,41.315879501348064,0.181508533088234
P1,38,64,41.499543987254924,0.18139506188725818
P1,39,64,41.68293614227944,0.18184894669117568
P1,43,64,41.86694104178924,0.17712144068627111
P1,44,64,42.0460336034314,0.17735659117646918
P1,41,64,42.22536131556375,0.1815397132352885
P1,39,64,42.408898121936296,0.18189433517157028
P1,38,64,42.59299379840689,0.18153122732843485
P1,39,64,42.776726367034335,0.1815993100490232
P1,43,64,42.96061779534316,0.17697023933823885
P1,44,64,43.139736335049044,0.17717941176470475
P1,41,64,43.3190640471814,0.18121925686274665
P1,39,64,43.5022803971814,0.18169008700980527
P1,38,64,43.68594488308826,0.1818035582107882
P1,39,64,43.8697682286765,0.1818035582107811
P1,43,64,44.05375043394611,0.18137236764705733
P1,44,64,44.23714258897061,0.1819624178921586
P1,41,64,44.42130634816179,0.17720784313725346
P1,39,64,44.6006624916667,0.1771129694852931
P1,38,64,44.77990161409317,0.18141065637254883
P1,39,64,44.96349091752454,0.18173547549019986
P1,39,64,45.14760928823532,0.18096387132353442
P1,41,64,45.330570252696106,0.18169008700980527
P1,39,64,45.514257432843166,0.17740580441176945
P1,38,64,45.693612210784345,0.17735659117646918
P1,36,64,45.8729399229167,0.18155037463235146
P1,38,64,46.05648739068631,0.18214397181372277
P1,39,64,46.24101425772062,0.18114542524509858
P1,41,64,46.424383718504934,0.18148583884804026
P1,39,64,46.6080482044118,0.17714058504901686
P1,38,64,46.787314942402,0.17717941176470475
P1,36,64,46.96664265453435,0.18125261250000335
P1,38,64,47.149869665931405,0.18187164093137653
P1,39,64,47.33385187120101,0.18153122732843485
P1,41,64,47.5174255801471,0.18164469852941068
P1,39,64,47.701067371813764,0.181712781249999
P1,38,64,47.88475455196082,0.1819624178921586
P1,36,64,48.068918311152,0.18148583884804026
P1,38,64,48.25260549129906,0.181712781249999
P1,39,64,48.43670116776964,0.17690242561274516
P1,41,64,48.61575189375004,0.17713511691176365
P1,39,64,48.795013163602974,0.1811487178921567
P1,38,64,48.97813628039219,0.1817581697303936
P1,36,64,49.16189154325984,0.17737190196078245
P1,38,64,49.34121241875003,0.17819819338235732
P1,43,101,49.521669649632386,0.18040936985294564
P1,44,101,49.70409880686278,0.1814746306372541
P1,41,101,49.88774388529416,0.1771129694852931
P1,39,101,50.06700515514709,0.17735659117647629
P1,38,101,50.246510318627486,0.18141775612745192
P1,39,101,50.430106721813765,0.18159931004901608
P1,43,101,50.61408892708337,0.18132697916666274
P1,44,101,50.79741299938729,0.18162200428921693
P1,41,101,50.98105479105396,0.1818489466911828
P1,39,101,51.16492352512259,0.18148583884804026
P1,38,101,51.348337830514744,0.1774008860294174
P1,39,101,51.52768769007357,0.17762236029411582
P1,43,101,51.70756908786769,0.18107023394608035
P1,44,101,51.89084066311279,0.181712781249999
P1,41,101,52.07475478566181,0.1815539215686215
P1,39,101,52.25851004852945,0.18137236764705733
P1,38,101,52.442061063235336,0.18166739276961152
P1,39,101,52.625725549142196,0.18153122732843485
P1,43,101,52.80941901911769,0.17726800147058697
P1,44,101,52.988680288970635,0.17737873860293973
P1,41,101,53.16803014852945,0.1814111973039232
P1,39,101,53.35143843897063,0.18198511213235236
P1,38,101,53.535624892402005,0.181508533088234
P1,39,101,53.71933476678926,0.18163868357843427
P1,39,101,53.90332107757358,0.17684720036764645
P1,41,101,54.08231657830887,0.17693579007352866
P1,39,101,54.26140066875005,0.18149103504902087
P1,38,101,54.444888796936326,0.18193972365195776
P1,36,101,54.62884830796573,0.18157661580882234
P1,38,101,54.81242201691181,0.1818035582107882
P1,39,101,54.99640422218142,0.1815085330882411
P1,41,101,55.17993254264711,0.18162200428921693
P1,39,101,55.3637378433824,0.17726800147058697
P1,38,101,55.54315414522064,0.17693579007352866
P1,36,101,55.72223823566181,0.1815008806372589
P1,38,101,55.9059177633579,0.1817745800245092
P1,39,101,56.08992923345593,0.17673646323529368
P1,41,101,56.26861467022064,0.17751326360293973
P1,39,101,56.44812502696084,0.18178086397058735
P1,38,101,56.63190298406868,0.1815539215686286
P1,36,101,56.81549938725495,0.1818035582107882
P1,38,101,56.999300038602996,0.1815539215686286
P1,39,101,57.18323685539221,0.18144045036764567
P1,41,101,57.366878647058876,0.18156267352941313
P1,39,101,57.55056747352947,0.1769136426470581
P1,38,101,57.72962941654417,0.1774008860294174
P1,36,101,57.9091993818628,0.1815085330882411
P1,38,101,58.092705008088295,0.1810418055147025
P1,43,64,58.280656810661824,0.1723069779411759
P1,44,64,58.45424833933829,0.17802101397058578
P1,41,64,58.63355390404418,0.0006422753676460502
P1,67,101,0.014439901960784315,0.11424280514705884
P1,67,101,0.1970377585784314,0.11535482291666668
P1,67,101,0.3807476329656863,0.09867455637254902
P1,67,101,0.5478680177696079,0.5342178760416668
P1,79,101,1.0820858938112747,9.936415441180735e-05
P1,67,101,1.0821852579656865,0.04858907150735292
P1,55,101,1.1307743294730395,9.936415441180735e-05
P1,67,101,1.1308736936274513,0.19306455202205886
P1,65,101,1.3265017803308825,0.16508314963235282
P1,65,101,1.5898734981617648,0.16508314963235304
P1,65,101,1.8532452159926471,0.14116984356617657
P1,67,101,2.092963908639706,0.4620456506127453
P1,79,101,2.555009559252451,9.93641544115853e-05
P1,67,101,2.5551089234068627,0.02424485367647078
P1,55,101,2.5793537770833335,9.93641544115853e-05
P1,67,101,2.579453141237745,0.19495247095588253
P1,79,101,2.7744056121936276,9.93641544115853e-05
P1,67,101,2.774504976348039,0.0485890715073527
P1,55,101,2.823094047855392,9.936415441202939e-05
P1,67,101,2.823193412009804,0.04683363811274521
P1,65,101,2.8723124256740196,0.16537919325980388
P1,65,101,3.13571990625,0.165375965625
P1,65,101,3.3991241591911763,0.1413975893382351
P1,67,101,3.6387127113970585,0.28988948026960815
P1,66,101,3.930887567218137,0.19270021678921578
P1,67,101,4.125873159558823,0.1439786597426469
P1,70,101,4.3696796731004905,0.2691458085171572
P1,68,101,4.640908814950981,0.15575980392156819
P1,67,101,4.889223765931373,0.15545343137254886
P1,65,101,5.137262981617647,0.8200898915441179
P1,67,101,5.960048953615197,0.454847981311274
P1,79,101,6.414896934926471,9.76053308825442e-05
P1,67,101,6.414994540257354,0.023783165624999825
P1,55,101,6.438777705882353,9.76053308825442e-05
P1,67,101,6.438875311213236,0.19153419430147078
P1,79,101,6.630409505514707,9.760533088165602e-05
P1,67,101,6.630507110845588,0.04772900680147085
P1,55,101,6.678236117647059,9.76053308825442e-05
P1,67,101,6.678333722977942,0.04597211084558861
P1,63,101,6.726550756433824,0.2611593303308828
P1,63,101,7.229380886029412,0.16537596562499957
P1,67,101,7.492785138970589,0.2656446265931365
P1,65,101,7.760715141115196,0.2658653558210782
P1,63,101,8.028865872487746,0.26583223443627446
P1,62,101,8.297281574938726,1.1983651342524517
P1,63,101,9.497802835661766,0.1927039196691176
P1,62,101,9.770198943750001,1.183070414276962
P1,63,101,11.194911631066178,0.23602941176470615
P1,62,101,11.541441042830884,0.23585294117647138
P1,63,101,12.077778500919122,0.21103522610294156
P1,62,80,12.418999334803926,0.2637414127450981
P1,63,80,13.128376946323533,0.24189354662990326
P1,62,64,13.59272599301471,1.6031173340073526
P1,67,80,49.51929987500004,0.18091821678921605
P1,65,80,49.70196554828435,0.1819624178921586
P1,63,80,49.88546270036768,0.17775524485294625
P1,62,80,50.0647461176471,0.1777773922794097
P1,60,80,50.24425100919122,0.18190691482843135
P1,58,80,50.42779190931376,0.18209858333333528
P1,56,80,50.611592560661805,0.1820078063725461
P1,55,80,50.79530243504906,0.18203050061274695
P1,53,80,50.97892153247553,0.18212127757352903
P1,51,80,51.16279026654416,0.18198511213235236
P1,50,80,51.34627319852945,0.17782660845588083
P1,48,80,51.52560583198534,0.1777773922794097
P1,70,80,51.70519931323533,0.1818060232843166
P1,68,80,51.88852585061279,0.18218936029411736
P1,67,80,52.07241727892161,0.18203050061273984
P1,65,80,52.256195236029455,0.1819624178921586
P1,63,80,52.43976894497553,0.18212127757352903
P1,62,80,52.623614984803964,0.18198511213235236
P1,60,80,52.80714330526965,0.17781621605392672
P1,58,80,52.986576283455925,0.1776888025735346
P1,56,80,53.16594829044122,0.181881764338236
P1,55,80,53.3493278746324,0.18223474877450485
P1,53,80,53.53331007990201,0.1819624178921515
P1,51,80,53.71701995428926,0.1819624178921515
P1,67,80,53.90086271323534,0.17746732830882195
P1,65,80,54.0800353933824,0.17757806544117472
P1,63,80,54.259141631250046,0.18209339301471061
P1,62,80,54.44277823259809,0.18216666605392362
P1,60,80,54.6267150493873,0.1819624178921586
P1,58,80,54.81031145257358,0.18207588909313444
P1,56,80,54.994112103921616,0.18198511213235236
P1,55,80,55.177799284068676,0.18203050061274695
P1,53,80,55.36141838149515,0.17777137438725532
P1,51,80,55.54089510772064,0.17760021286765237
P1,50,80,55.719979198161816,0.1820805443627478
P1,48,80,55.90362564509809,0.18213987218137362
P1,70,80,56.087559458823584,0.1774894757352925
P1,68,80,56.266532812132404,0.17779953970588025
P1,67,80,56.44601555625005,0.18200671274509972
P1,65,80,56.62976972549025,0.1819624178921586
P1,63,80,56.81334343443633,0.18212127757352903
P1,62,80,56.99718947426476,0.18198511213235236
P1,60,80,57.18074048897064,0.18216666605392362
P1,58,80,57.36456383455888,0.1820531948529407
P1,56,80,57.548308436029465,0.17762236029412293
P1,55,80,57.727370379044174,0.17784383455882136
P1,53,80,57.906919565441235,0.18192742181372523
P1,51,80,58.09059444375006,0.18188996654411937
P1,51,80,58.273636076470645,0.0012845507352921004
