P1,69,80,0.017878585723815878,0.08339072461641095
P1,69,80,0.2354041523682455,0.08346471180787188
P1,72,80,0.35264137018012004,0.6439049541694462
P1,69,80,1.0293859254169446,0.08537573962641765
P1,72,80,1.1323172187458306,0.10303939653102079
P1,74,80,1.2528185393595732,0.08588176871247488
P1,75,80,1.3733900821881255,0.644439310006671
P1,74,80,2.050602650633756,0.3092877450967313
P1,74,80,2.3945801698465647,0.08150055236824505
P1,75,80,2.508853980653769,0.08115914876584407
P1,74,80,2.6227642736490995,0.08115914876584407
P1,72,80,2.7204206226817877,0.08312610186791192
P1,69,80,2.9544882210807204,0.7696037731821215
P1,63,64,3.741217042761841,0.10004394202801858
P1,69,64,3.8582268362908607,0.08344196937958603
P1,71,64,3.975373084389593,0.08346471180787196
P1,72,64,4.092610302201468,0.6524575250833884
P1,71,64,4.762101906070713,0.30910701007338304
P1,71,64,5.103982174583055,0.08707587965310193
P1,72,64,5.226889192061373,0.08839633328885999
P1,71,64,5.333369881587724,0.0883963332888591
P1,69,80,5.457983152301534,0.08173797825216855
P1,69,80,5.686404681987991,0.08118126297531703
P1,72,80,5.800425546030686,0.6369562567711808
P1,69,80,6.470221403869245,0.08298613108739161
P1,72,80,6.587002783388924,0.08337374209473047
P1,74,80,6.704080804202801,0.08346471180787152
P1,75,80,6.821227052301533,0.6537204454969983
P1,74,80,7.491422583855903,0.31733391507671715
P1,74,80,7.842460777651767,0.08544634222815262
P1,75,80,7.945369043962641,0.08590517611741078
P1,74,80,8.06596399419613,0.08588176871247555
P1,72,80,8.186558944429619,0.08181337578385595
P1,69,80,8.39886827031354,0.7650257768512336
P1,63,64,9.198747673115408,0.08370849066044173
P1,69,64,9.316160442494995,0.0834647118078724
P1,71,64,9.433306690593728,0.08346471180787063
P1,72,64,9.533828223615743,0.6512578693795863
P1,71,64,10.219846089326216,0.3092899717811868
P1,71,64,10.545611147164776,0.0846651315543685
P1,72,64,10.665012867645094,0.08581154649766454
P1,71,64,10.785607817878583,0.08581154649766454
P1,72,80,10.906741138425614,0.08317583982655208
P1,72,80,11.1240290778519,0.0834647118078724
P1,78,80,11.241198068378917,0.6441402876584377
P1,77,80,11.918111614476315,0.0850993854569726
P1,78,80,12.02067292401601,0.10313302615076658
P1,77,80,12.141267874249499,0.08590517611741078
P1,75,80,12.261886231887924,0.08168133995997273
P1,75,80,12.49027323749166,0.08115914876584363
P1,81,80,12.587929586524348,0.6520772041360914
P1,80,80,13.2736883269513,0.0834647118078724
P1,81,80,13.390857317478318,0.0834647118078724
P1,80,80,13.508026308005336,0.0834647118078724
P1,78,80,13.608434128885923,0.09766325036691015
P1,78,80,13.836526986724481,0.08115914876584363
P1,84,80,13.950525736557704,0.6528231546364243
P1,82,80,14.619402393529018,0.09951285350233441
P1,84,80,14.735949325817211,0.08339648452301418
P1,82,80,14.85311831634423,0.0833737420947287
P1,81,80,14.970605700867244,0.08520854249499621
P1,81,80,15.193871117678452,0.08588176871247377
P1,87,80,15.31453629012675,0.6343649421614419
P1,62,80,15.980751380920612,0.086932183989326
P1,64,80,16.103418252835223,0.08849278318879428
P1,65,80,16.20987482988659,0.08849278318879072
P1,64,80,16.334102301000666,0.6518950903268852
P1,68,80,17.02068716544363,0.6444315875917255
P1,71,80,17.697892011474313,0.6533207717811855
P1,74,80,18.367776326150764,0.660585732021346
P1,64,80,19.063122054502998,0.3093803655770486
P1,68,80,19.388999620346894,0.31738919833221857
P1,71,80,19.740070354969973,0.30946624563042135
P1,74,80,20.08429659693128,0.3094733457638412
P1,76,80,20.410267142961967,0.08301742001334134
P1,77,80,20.526988841694454,0.08346471180787418
P1,78,80,20.644157832221474,0.08344196937958515
P1,79,80,20.761304080320205,0.08346471180787418
P1,78,80,20.861757386057363,0.10018039659773237
P1,77,80,20.978903634156097,0.08348745423615611
P1,76,80,21.096049882254828,0.08346471180787063
P1,78,80,21.213218872781848,0.08346471180787063
P1,79,80,21.330387863308864,0.08344196937958515
P1,80,80,21.43079568418945,0.08346471180787063
P1,75,64,25.847741528619068,0.08555300266844768
P1,75,64,25.96798430540359,0.08590517611741433
P1,75,64,26.071351405603725,0.08590517611741078
P1,75,64,26.19192294843228,0.08381781440960268
P1,74,64,26.543760280186778,0.08346471180787418
P1,74,64,26.644213585923936,0.0834419693795887
P1,74,64,26.76135983402267,0.08346471180787063
P1,72,64,26.8785060821214,0.08346471180787418
P1,69,80,27.214047869046016,0.08266872681787873
P1,63,80,0.019426284189459637,0.08211593529019345
P1,63,80,0.235904485790527,0.08321454509673112
P1,69,80,0.35314170360240155,0.6436478770513676
P1,64,80,1.0298724380253501,0.08517011587725176
P1,69,80,1.1328087742494997,0.10282872988659109
P1,71,80,1.2533335022681789,0.08564769466310884
P1,72,80,1.3739986747164776,0.6440960879919948
P1,69,80,2.051177620080053,0.3089936645096736
P1,69,80,2.3950951327551704,0.08125095997331533
P1,70,80,2.509340493262175,0.08093800667111406
P1,69,80,2.623250786257505,0.08093800667111406
P1,69,80,2.7209071352901937,0.08291249839893222
P1,63,80,2.954988554503002,0.7693763488992662
P1,59,64,3.7419220580386923,0.09961183589059397
P1,60,64,3.8587953969979987,0.08314631781187432
P1,62,64,3.9758734178118744,0.08323728752501713
P1,63,64,4.0931106356237485,0.6522301008005336
P1,62,64,4.762602239492995,0.3088720471647761
P1,62,64,5.1044465729819875,0.08690083095396872
P1,63,64,5.227419666511007,0.08815520853902559
P1,62,64,5.333876243562374,0.08817932101400938
P1,63,80,5.459019988725816,0.08094439813208787
P1,63,80,5.686891194596397,0.08096012088058657
P1,69,80,5.800912058639092,0.6367351146764504
P1,64,80,6.470707916477651,0.08277252761841147
P1,69,80,6.5874803743829204,0.08316906024016024
P1,71,80,6.704581137625082,0.08321454509673121
P1,72,80,6.821818355436957,0.6533723986657778
P1,69,80,7.491997553302201,0.3170318547698461
P1,69,80,7.8429611110740485,0.08522689766510982
P1,70,80,7.945884006871247,0.08567110206804518
P1,69,80,8.0664555496998,0.08567110206804429
P1,69,80,8.187073907338224,0.08156378338892623
P1,63,80,8.399354782921947,0.7648201531020682
P1,59,64,9.19949671007338,0.08323236284189584
P1,60,64,9.316729003202132,0.08314631781187565
P1,62,64,9.433807024016009,0.08323728752501758
P1,63,64,9.534305814609738,0.6510611672448299
P1,62,64,10.220361052234821,0.30904037938625706
P1,62,64,10.54609765977318,0.08445950780520306
P1,63,64,10.6655278305537,0.08557747244829983
P1,62,64,10.786122780787188,0.08557747244829983
P1,67,80,10.90774765683789,0.0824422305537027
P1,67,80,11.12452941127418,0.08323728752501758
P1,75,80,11.241766629086055,0.6438370974649779
P1,74,80,11.918576012875247,0.08491587591727878
P1,75,80,12.021187886924615,0.1028989521014001
P1,74,80,12.141782837158104,0.08567110206804607
P1,70,80,12.262471417011339,0.08136152535023378
P1,70,80,12.490759750100064,0.08093800667111495
P1,78,80,12.588482441761172,0.6517972580386928
P1,77,80,13.274188660373582,0.0832372875250158
P1,78,80,13.391357650900598,0.08323728752501758
P1,77,80,13.508526641427617,0.0832145450967321
P1,73,80,13.608934462308204,0.09742828745830501
P1,73,80,13.837013499332887,0.08091589246164155
P1,81,80,13.951012249166109,0.6525934980653769
P1,78,80,14.619873296264174,0.09931485990660605
P1,81,80,14.736449659239492,0.08316906024016113
P1,78,80,14.85361864976651,0.08314631781187387
P1,76,80,14.971106034289525,0.0849890979319543
P1,76,80,15.19436267318212,0.08567110206804607
P1,84,80,15.315121475250166,0.6340366130753843
P1,59,80,15.981436330353567,0.08653658425617294
P1,60,80,16.104021064709805,0.08817932101401027
P1,62,80,16.210405304336224,0.08825165843895988
P1,59,80,16.33470511287525,0.6515731673115397
P1,64,80,17.021272350567042,0.6441117729819865
P1,68,80,17.69837852408272,0.6530996296864551
P1,71,80,18.36826283875917,0.6603801082721787
P1,59,80,19.06373064703135,0.3090150293529028
P1,64,80,19.389552475583717,0.3171092522348218
P1,68,80,19.740570688392253,0.30922339366244245
P1,71,80,20.084811559839885,0.30922375336891506
P1,71,80,20.410753655570375,0.08280381654435942
P1,72,80,20.527557402401595,0.08316906024015935
P1,73,80,20.64463542321547,0.0832372875250158
P1,74,80,20.761804413742485,0.08323728752501935
P1,73,80,20.862257719479643,0.09995297231487754
P1,72,80,20.979381225150092,0.08326002995330128
P1,71,80,21.09664118539025,0.08314631781187742
P1,74,80,21.213787433488985,0.08316906024015935
P1,75,80,21.33086545430286,0.0832372875250158
P1,76,80,21.431296017611732,0.0832372875250158
P1,70,64,25.848469286324207,0.08510613382254562
P1,70,64,25.968499268312197,0.08567110206804429
P1,70,64,26.07186636851233,0.08564769466310906
P1,70,64,26.192437911340882,0.08357576064042505
P1,69,64,26.54426061360906,0.0832372875250158
P1,69,64,26.644713919346216,0.08321454509673387
P1,69,64,26.76186016744495,0.08321454509673032
P1,67,64,26.87900641554368,0.08323728752501935
P1,63,80,27.215094020747152,0.08189548425617232
TR,33,80,0.02076050700466978,0.08105462161440961
TR,33,80,0.236382076784523,0.08300986324216142
TR,33,80,0.35361929459639757,0.08257775710473647
TR,33,80,0.5870475785190127,0.08346471180787185
TR,33,80,0.6874781418278852,0.08138028178785861
TR,33,80,0.9155640892595063,0.08149086190793864
TR,33,80,1.0303368364242829,0.08498660633755839
TR,33,80,1.253825057771848,0.08543702801867914
TR,36,80,1.3745838598398934,0.08286183422281512
TR,36,80,1.608296220880587,0.08348745423615722
TR,36,80,1.7087267841894596,0.0814368214809873
TR,36,80,1.9368471571047365,0.08151297611741137
TR,38,80,2.051642018478986,0.0844969934623081
TR,38,80,2.2741724788525683,0.08627969459639795
TR,38,80,2.3955866882588395,0.08100266077384921
TR,39,80,2.5098048916611075,0.08071686457638405
TR,38,80,2.623737298865911,0.08071686457638405
TR,33,80,2.72176958945964,0.08230021094062678
TR,33,80,2.955466145496998,0.08257775710473636
TR,33,80,3.0717481813208805,0.08344196937958648
TR,33,80,3.2893249927284858,0.08346471180787152
TR,33,80,3.4064939832555035,0.08344196937958648
TR,33,80,3.6408092218812538,0.08380584823215509
TR,33,80,3.7424223914609738,0.09936166917945277
TR,33,80,3.9763510088058704,0.08300986324216142
TR,36,80,4.093679196330887,0.08248678739159399
TR,36,80,4.310300825750501,0.08346471180787152
TR,36,80,4.427492558705803,0.08341922695130144
TR,36,80,4.661785054903269,0.08380584823215464
TR,38,80,4.763102572915276,0.0966945006671116
TR,38,80,4.990248795263509,0.0814687476984659
TR,38,80,5.104933085590393,0.086703668045363
TR,39,80,5.227926028485657,0.08791408378919208
TR,38,80,5.334406718012007,0.08791408378919296
TR,33,80,5.459960375250166,0.08026938212141488
TR,33,80,5.6873555929953294,0.08073897878585701
TR,33,80,5.801376457038025,0.08436883722481614
TR,33,80,6.023802168579052,0.08590517611741166
TR,33,80,6.144373711407604,0.08159624883255567
TR,33,80,6.356399567711807,0.08149086190793842
TR,33,80,6.471172314876584,0.08258103835890562
TR,33,80,6.705058728619078,0.08300986324216186
TR,36,80,6.822386916144095,0.08453292054703176
TR,36,80,7.044976711007338,0.08588176871247466
TR,36,80,7.1655482538358894,0.0817113432288199
TR,36,80,7.3776670903268835,0.09778903428952646
TR,38,80,7.4924619517011335,0.08216124803202085
TR,38,80,7.725473726551033,0.08382859066044013
TR,38,80,7.84346144449633,0.0849840456971318
TR,39,80,7.946375562374916,0.08543702801867958
TR,38,80,8.066970512608405,0.08543702801867958
TR,33,80,8.187986796130753,0.08089415090059937
TR,33,80,8.39981918132088,0.09657275276851252
TR,33,80,8.512889134356236,0.08115914876584363
TR,33,80,8.74073183455637,0.08115914876584363
TR,33,80,8.854664241761173,0.08547842161440933
TR,33,80,9.078199537691793,0.0862562871914605
TR,33,80,9.19998826557705,0.08299097404936617
TR,33,80,9.434307357438291,0.08298712081387549
TR,36,80,9.534874375316877,0.08045764062708471
TR,36,80,9.762037681587724,0.08115914876584363
TR,36,80,9.875970088792526,0.08536462041361048
TR,36,80,10.09936817611741,0.0862562871914605
TR,38,80,10.220876015143427,0.0805500310206817
TR,38,80,10.44813171180787,0.0815129761174127
TR,38,80,10.546584172381586,0.08423047665110062
TR,39,80,10.66601938605737,0.08536680580386857
TR,38,80,10.786614336290858,0.08534339839893157
TR,36,80,10.908520101200798,0.08191995290193432
TR,43,80,11.007542360173447,0.10008942688458866
TR,36,80,11.125007002268177,0.08300986324216098
TR,48,80,11.242335189793193,0.08250952981988036
TR,36,80,11.358617225617076,0.08337374209473047
TR,43,80,11.475695246430952,0.08348745423615789
TR,36,80,11.57610306731154,0.08154738799199457
TR,43,80,11.690423713742494,0.08115914876584363
TR,36,80,11.804356120947295,0.0814908619079393
TR,48,80,11.919128868112072,0.08464390953969492
TR,36,80,12.021773072048031,0.10257124843228738
TR,43,80,12.142297800066709,0.08541362061374258
TR,39,80,12.262962972515009,0.08113534036023928
TR,42,80,12.377004256571047,0.0810043492995316
TR,39,80,12.491224148498997,0.0807168645763845
TR,45,80,12.588946840160105,0.08215810693795866
TR,39,80,12.704809225817211,0.08346471180787063
TR,42,80,12.821955473915944,0.08346471180787063
TR,39,80,12.93912446444296,0.0834647118078724
TR,48,80,13.056361682254835,0.08339648452301596
TR,39,80,13.156792245563707,0.0837376209472982
TR,45,80,13.274688993795863,0.08300986324216098
TR,39,80,13.391835241894595,0.08300986324216098
TR,42,80,13.509004232421614,0.08300986324216098
TR,42,80,13.609434795730486,0.09719332454969987
TR,45,80,13.723258005803867,0.08100434929953337
TR,48,80,13.83754424036024,0.0806505219479643
TR,45,80,13.951565104402933,0.08599121814543231
TR,48,80,14.073363347898598,0.0883963332888591
TR,51,80,14.179747587525016,0.0884927831887925
TR,54,80,14.303975058639091,0.07901275717144784
TR,51,80,14.414709536424281,0.07853373342228132
TR,48,80,14.524964990460305,0.07889761280853946
TR,51,80,14.620322794329551,0.09911552855236927
TR,48,80,14.736949992661774,0.08294163595730453
TR,42,80,14.854187210473649,0.0828506662441626
TR,45,80,14.971583625283522,0.08476898839226088
TR,48,80,15.091276461841225,0.08567110206804607
TR,51,80,15.194877636090725,0.08543702801867958
TR,54,80,15.315636438158771,0.633757101534357
TR,54,80,15.981907233088725,0.08635503122081367
TR,54,80,16.104551539159438,0.08793819626417587
TR,54,80,16.210935778785856,0.08798642121414346
TR,28,80,16.335404374649766,0.0807212588392261
TR,28,80,16.44889889192795,0.0811591487658454
TR,28,80,16.562831299132753,0.08115914876584185
TR,39,80,16.676830048965975,0.08539255116744471
TR,35,80,16.77977815383589,0.08581154649766631
TR,38,80,16.900349696664442,0.08618606497665127
TR,28,80,17.021857535690458,0.08288191674449408
TR,28,80,17.138420988725816,0.08348745423615611
TR,28,80,17.238851552034685,0.10020313902601785
TR,39,80,17.35608876984656,0.08134208245497021
TR,35,80,17.470292567578383,0.0810706919279518
TR,38,80,17.58420286057371,0.08142451927952266
TR,28,80,17.698931379319543,0.08448134523015227
TR,28,80,17.80087464863242,0.08590517611741078
TR,28,80,17.921469598865908,0.08590517611741078
TR,39,80,18.042134771314206,0.08139011120747242
TR,35,80,18.156364483589055,0.08109280613742698
TR,38,80,18.254020832621745,0.09770057745163285
TR,28,80,18.368815693995995,0.08218335770513363
TR,28,80,18.484703330420274,0.08346471180787418
TR,28,80,18.601872320947294,0.08344196937958515
TR,39,80,18.719109538759167,0.08547772821881239
TR,35,80,18.822142820680448,0.08581154649766631
TR,38,80,18.942714363509,0.08618606497665127
TR,28,80,19.064315832154765,0.08049868719146147
TR,28,80,19.177587777785185,0.0811591487658454
TR,28,80,19.2752220126084,0.09778903428952646
TR,39,80,19.390105330820543,0.08212744623081747
TR,35,80,19.506005283055362,0.08339648452301773
TR,38,80,19.623174273582382,0.08373762094729642
TR,28,80,19.741139249099394,0.08462256030686888
TR,28,80,19.843223733488987,0.08590517611741078
TR,28,80,19.963795276317537,0.08627969459639928
TR,39,80,20.0853967449633,0.08070741120747371
TR,35,80,20.19894375723815,0.0810706919279518
TR,38,80,20.312876164442955,0.0814245192795191
TR,28,80,20.411306510807197,0.08252387044696263
TR,29,80,20.528057735823875,0.08291889352901904
TR,30,80,20.64513575663775,0.08300986324216098
TR,31,80,20.76230474716477,0.08298712081387549
TR,30,80,20.862735310473642,0.09972554803201916
TR,29,80,20.979881558572373,0.08303260567044646
TR,28,80,21.09711877638425,0.08291889352901904
TR,30,80,21.214287766911266,0.08291889352901904
TR,31,80,21.33136578772514,0.08300986324216453
TR,32,80,21.431796351034013,0.08298712081387905
TR,33,80,21.783667201467637,0.08225936310874005
TR,33,80,22.00003866417611,0.08346471180787063
TR,33,80,22.117207654703126,0.08126280486991533
TR,33,80,22.345154011007327,0.0811591487658454
TR,33,80,22.442810360040017,0.0831876673115417
TR,33,80,22.67684855416944,0.08346471180787063
TR,33,80,22.794017544696455,0.08560181354236107
TR,33,80,23.017699639959964,0.08588176871247555
TR,36,80,23.138341405003327,0.08139657718479043
TR,36,80,23.36644364783188,0.0811591487658454
TR,36,80,23.46409999686457,0.0831090134089365
TR,36,80,23.69808227951967,0.08346471180787063
TR,38,80,23.8152285276184,0.08346471180787418
TR,38,80,24.032828081454294,0.08346471180787063
TR,38,80,24.14999707198131,0.08344196937958515
TR,39,80,24.267143320080045,0.08346471180787063
TR,38,80,24.38431231060706,0.08380584823215642
TR,33,80,24.48551611647764,0.09675167311540989
TR,33,80,24.7126973970647,0.08113703455637022
TR,33,80,24.8266298042695,0.08570085123415794
TR,33,80,25.050364122414933,0.08590517611741078
TR,33,80,25.170926612875242,0.08115914876584185
TR,33,80,25.398769313075373,0.0811591487658454
TR,33,80,25.496425662108063,0.10003477638425551
TR,33,80,25.73057253809205,0.08382859066043835
TR,39,80,25.849037847031344,0.08481846197464904
TR,39,80,25.968990823815865,0.08543702801868136
TR,39,80,26.072357924016,0.08543702801867781
TR,39,80,26.19295287424949,0.08333370687124741
TR,38,80,26.544760947031342,0.08298712081387549
TR,38,80,26.645191510340215,0.08298712081387549
TR,38,80,26.762337758438946,0.08300986324216098
TR,36,80,26.879506748965966,0.08298712081387549
TR,33,80,27.216413081587714,0.08082659012675109
P1,45,25,0.022094729819879918,0.07997056551034022
P1,48,25,0.11932679839893262,0.09990748745830552
P1,45,25,0.2369506374916611,0.08269146924616408
P1,51,25,0.35418785530353564,0.08225936310873916
P1,50,25,0.47021972441627746,0.0833964845230154
P1,48,25,0.5875479119412942,0.08323728752501669
P1,45,25,0.6880467025350233,0.08107709159439624
P1,48,25,0.8020297378252168,0.08100434929953293
P1,45,25,0.9161169444963309,0.0811812629753168
P1,51,25,1.0308896916611072,0.08469123255503685
P1,50,25,1.1336748482321548,0.10250102621747836
P1,48,25,1.254316613275517,0.08520295396931288
P1,45,25,1.3751456375583724,0.08255022321547689
P1,48,25,1.491559336490994,0.08330551480987314
P1,45,25,1.608864781587725,0.08319180266844572
P1,51,25,1.7092953448965977,0.08111151707805209
P1,50,25,1.823246463042028,0.08109280613742498
P1,48,25,1.937333669713142,0.08126971981320885
P1,45,25,2.0521948737158104,0.08420161967978679
P1,50,25,2.1540222693128754,0.10299258172114722
P1,45,25,2.274757663975984,0.08595199092728478
P1,51,25,2.396171873382255,0.08068284616410937
P1,50,25,2.51026929006004,0.08051783669112744
P1,48,25,2.6242016972648434,0.08049572248165449
P1,45,25,2.722632043629086,0.08171066591060683
P1,48,25,2.8383426398265508,0.08316906024016024
P1,45,25,2.956034706204136,0.08225936310873916
P1,51,25,3.0723167420280184,0.08314631781187476
P1,50,25,3.189235565843896,0.08339648452301551
P1,48,25,3.289802583722482,0.08323728752501625
P1,45,25,3.407062543962642,0.08314631781187432
P1,48,25,3.5240723374916607,0.08330551480987358
P1,45,25,3.641377782588392,0.08351019666444293
P1,51,25,3.742990952168112,0.09906601761174105
P1,50,25,3.8596141244162774,0.08285066624416304
P1,48,25,3.976851342228152,0.0827824389593057
P1,45,25,4.094247757038025,0.08219113582388271
P1,48,25,4.210279626150767,0.08330551480987403
P1,45,25,4.310869386457638,0.08314631781187476
P1,51,25,4.428038376984656,0.08314631781187476
P1,50,25,4.544957200800534,0.08337374209472959
P1,48,25,4.662262645897265,0.0836011663775853
P1,45,25,4.763648391194129,0.09641405290193461
P1,50,25,4.876692329619746,0.08100434929953337
P1,45,25,4.9907795362908605,0.08120337718478954
P1,51,25,5.105485940827218,0.08641605003335506
P1,50,25,5.228456502935289,0.08767295903935945
P1,48,25,5.334913079986657,0.08769707151434325
P1,45,25,5.460900761774515,0.07957225190126849
P1,48,25,5.573533756837891,0.08087166404269475
P1,45,25,5.687908448232154,0.08042937985323562
P1,51,25,5.801929312274849,0.08407346344229438
P1,50,25,5.903558329419612,0.08581154649766543
P1,48,25,6.024293724082721,0.08567110206804518
P1,45,25,6.14495889653102,0.08125432001334154
P1,48,25,6.259141274449632,0.08102646350900589
P1,45,25,6.356930308739159,0.08120337718478954
P1,51,25,6.471725170113408,0.08227834983322158
P1,50,25,6.588321844229485,0.0828506662441626
P1,48,25,6.705536319613074,0.08278243895930615
P1,45,25,6.822955476851233,0.08422184129419641
P1,48,25,6.924803094062708,0.0857413242828553
P1,45,25,7.045538488725816,0.08560087985323594
P1,51,25,7.166133438959306,0.08136941440960577
P1,50,25,7.28034245443629,0.0810928061374252
P1,48,25,7.378153602935289,0.09754577798532349
P1,45,25,7.493014806937958,0.08188130193462317
P1,50,25,7.60873684216144,0.08330551480987314
P1,45,25,7.726042287258171,0.08351019666444337
P1,51,25,7.844030005203468,0.08469637384923345
P1,50,25,7.946890525283521,0.0852029539693131
P1,48,25,8.067462068112073,0.0852029539693131
P1,45,25,8.188899684923282,0.08024663262174592
P1,48,25,8.302207060707136,0.08087166404269475
P1,45,25,8.400372036557703,0.09626315383589024
P1,51,25,8.51344198959306,0.08084954983322312
P1,50,25,8.627131140493661,0.08109280613742342
P1,48,25,8.741218347164775,0.08091589246164155
P1,45,25,8.855217096997997,0.08518304783188846
P1,48,25,8.958025920747163,0.0857413242828553
P1,45,25,9.078761315410272,0.08595199092728478
P1,51,25,9.200573450700466,0.08267869806537576
P1,50,25,9.317547730620412,0.0828506662441626
P1,48,25,9.434784948432286,0.08278243895930615
P1,45,25,9.535442936024014,0.08015445043362313
P1,48,25,9.648525444362907,0.08100434929953337
P1,45,25,9.762590536824549,0.08087166404269475
P1,51,25,9.876500829819879,0.08509136084055946
P1,50,25,9.97912433695797,0.10303939653102212
P1,48,25,10.099859731621079,0.08604562054703102
P1,45,25,10.221461200266843,0.08023021641094097
P1,50,25,10.33459736037358,0.08100434929953337
P1,45,25,10.448684567044696,0.08122549139426205
P1,51,25,10.54713702761841,0.08395851027351497
P1,50,25,10.666534348965975,0.08510932434956686
P1,48,25,10.787105891794527,0.08513273175450387
P1,67,64,10.90940958258839,0.08130338065376996
P1,67,64,11.125507335690457,0.08278243895930615
P1,66,64,11.24281278078719,0.31662008659106
P1,69,64,11.57660340073382,0.08131242508338943
P1,70,64,11.690910226350898,0.08091589246164155
P1,72,64,11.804908976184121,0.08120337718478865
P1,72,64,11.919615380720478,0.0844148783855907
P1,70,64,12.263548157638423,0.0807934115410287
P1,70,64,12.491710661107403,0.08049572248165404
P1,69,64,12.589433352768511,0.31625974209473107
P1,72,64,12.939693025150099,0.08314631781187387
P1,74,64,13.056862015677117,0.08314631781187387
P1,75,64,13.157269836557704,0.08351019666444337
P1,75,64,13.27516658478986,0.08278243895930615
P1,73,64,13.609912386724481,0.09695898985990681
P1,73,64,13.838030752968644,0.08040726564376222
P1,72,64,13.952029502801867,0.3165002176117415
P1,75,64,14.304481420613742,0.078741846564375
P1,77,64,14.415159034489658,0.07834109139426282
P1,78,64,14.525435893195462,0.07866216144095972
P1,78,64,14.620793697064709,0.09891753495663735
P1,76,64,14.972061216277517,0.08457228625750446
P1,76,64,15.195369191594395,0.0852029539693131
P1,75,64,15.31612799366244,0.3168149224816563
P1,54,64,15.650067964643094,0.09426883855903867
P1,56,64,15.760304686857904,0.07855513809206194
P1,57,64,15.870581545563708,0.07906885016677911
P1,59,64,15.982356731154102,0.086170770380253
P1,60,64,16.105154351034024,0.0876006216144063
P1,62,64,16.211442140760507,0.08776940893929108
P1,74,64,16.6773829042028,0.08512058478985907
P1,76,64,16.780293116744495,0.08555406504336105
P1,77,64,16.900864659573045,0.08595199092728478
P1,71,64,17.3566573305537,0.0810388922615104
P1,72,64,17.470845422815206,0.0807610929953313
P1,74,64,17.58468937318212,0.08120337718478865
P1,68,64,18.042719956437622,0.08107029659772991
P1,69,64,18.156850996197463,0.08084954983322135
P1,71,64,18.25450734523015,0.09747943535690595
P1,71,64,18.719587129753165,0.08525761867911896
P1,72,64,18.822728005803864,0.08548384282855181
P1,74,64,18.943229326417605,0.08595199092728834
P1,74,64,19.390569729219475,0.08191321454302525
P1,76,64,19.506505616477646,0.08314631781187387
P1,77,64,19.623651864576377,0.08353293909273063
P1,71,64,19.74170780980653,0.08431148105403707
P1,72,64,19.8438089186124,0.08557747244829983
P1,74,64,19.964310239226144,0.08602221314209402
P1,68,64,20.085981930086717,0.08036548238825958
P1,69,64,20.19943026984656,0.08084954983322135
P1,71,64,20.313340562841887,0.08120337718478865
P1,68,64,20.411793023415605,0.08228752454969879
P1,69,64,20.52853532681787,0.0827142116744497
P1,70,64,20.645613347631745,0.08278243895930615
P1,71,64,20.762782338158765,0.08278243895930615
P1,70,64,20.863235643895923,0.09949812374916434
P1,69,64,20.980359149566368,0.08280518138759163
P1,68,64,21.097596367378245,0.0827142116744497
P1,69,64,21.21476535790526,0.08269146924616422
P1,70,64,21.33184337871914,0.08278243895930615
P1,71,64,21.43227394202801,0.08278243895930615
P1,45,25,21.78455415617077,0.08162257511674653
P1,48,25,21.883301779786517,0.10004394202801592
P1,45,25,22.000607224883247,0.08314631781187387
P1,51,25,22.117776215410267,0.08093750046697679
P1,50,25,22.23155331694462,0.08109280613742698
P1,48,25,22.34561840940626,0.08093800667111495
P1,45,25,22.443363215276843,0.08288497878585588
P1,48,25,22.560111669779847,0.08330551480987225
P1,45,25,22.677417114876576,0.08314631781187387
P1,51,25,22.79456336297531,0.08533688412274643
P1,50,25,22.91468365083388,0.08581154649766631
P1,48,25,23.018191195463633,0.08564769466310906
P1,45,25,23.138926590126744,0.08107676257504792
P1,48,25,23.25290929639759,0.08100434929953337
P1,45,25,23.366996503068705,0.08084954983322135
P1,51,25,23.46463073789192,0.08285118152101134
P1,50,25,23.581254425416937,0.0833737420947287
P1,48,25,23.698559870513666,0.08326002995330128
P1,45,25,23.815797088325542,0.08316906024015935
P1,50,25,23.93280688185456,0.08332825723815773
P1,45,25,24.03339664216143,0.08314631781187387
P1,51,25,24.150542890260162,0.0831690602401629
P1,50,25,24.26762091107404,0.0832372875250158
P1,48,25,24.384789901601057,0.08360116637758708
P1,45,25,24.486175646897923,0.09635751320880459
P1,48,25,24.59916304563041,0.08100434929953337
P1,45,25,24.713250252301524,0.08084954983322135
P1,51,25,24.827182659506327,0.08540547745163352
P1,50,25,24.94734813328885,0.08583495390260154
P1,48,25,25.0508556779186,0.08567110206804784
P1,45,25,25.171479468112064,0.08087166404269652
P1,48,25,25.28525707585056,0.081026463509005
P1,45,25,25.3993221683122,0.08087166404269297
P1,51,25,25.496978517344886,0.09973208785857324
P1,50,25,25.613767426417603,0.0833737420947287
P1,48,25,25.731072871514332,0.0835784239493016
P1,75,40,25.849879316877907,0.08423447358238789
P1,75,40,25.969505786724472,0.08520295396931132
P1,75,40,26.072872886924607,0.0851795465643761
P1,75,40,26.193444429753157,0.08309231807871953
P1,74,40,26.545238538025338,0.08278243895930615
P1,74,40,26.645691843762496,0.08275969653102067
P1,74,40,26.76281534943294,0.08278243895930615
P1,72,40,26.87998433995996,0.08278243895930615
P1,45,25,27.217709399999986,0.07980318085390437
P1,48,25,27.331512511140748,0.08316906024015935
P1,75,25,0.023626660173448964,0.07871154429619745
P1,79,25,0.11982713182121414,0.09965732074716475
P1,74,25,0.23745097091394263,0.08246404496330884
P1,78,25,0.35468818872581714,0.08203193882588394
P1,73,25,0.47072005783855897,0.08314631781187465
P1,77,25,0.5880255029352902,0.08300986324216142
P1,74,25,0.6885242935290193,0.08084275690460307
P1,78,25,0.8024941362241494,0.08078320720480314
P1,75,25,0.9165813428952635,0.08098223509006008
P1,79,25,1.03135409006004,0.08448431561040715
P1,76,25,1.134166403735824,0.1022669521681121
P1,80,25,1.2548315761841229,0.08496887991994662
P1,75,25,1.3761989707805204,0.08176979913275506
P1,79,25,1.49203692748499,0.08307809052701787
P1,74,25,1.6093651150100066,0.08294163595730497
P1,78,25,1.7097729358905938,0.08089929659773176
P1,73,25,1.8237329756504337,0.08084954983322201
P1,77,25,1.9377980681120748,0.08107069192795202
P1,74,25,2.052659272114743,0.08401811014009386
P1,78,25,2.154537232221481,0.10273510026684463
P1,75,25,2.275249219479653,0.0857413242828553
P1,79,25,2.396686836290861,0.08041113955970625
P1,76,25,2.5107558026684456,0.08027458038692492
P1,80,25,2.624666095663776,0.08027458038692448
P1,75,25,2.7236271830553704,0.0809656931954632
P1,79,25,2.838820230820547,0.08296437838559045
P1,74,25,2.956512297198132,0.08205468125416937
P1,78,25,3.0727943330220144,0.08291889352901949
P1,73,25,3.189713156837892,0.08316906024016024
P1,77,25,3.2903029171447633,0.08300986324216098
P1,74,25,3.407540134956638,0.08291889352901904
P1,78,25,3.5245499284856567,0.08307809052701831
P1,75,25,3.641855373582388,0.08328277238158766
P1,79,25,3.743468543162108,0.09883859332888534
P1,76,25,3.860114457838559,0.08262324196130733
P1,80,25,3.977328933222148,0.08255501467645088
P1,75,25,4.095271166310874,0.08141789326217452
P1,79,25,4.210779959573048,0.08307809052701831
P1,74,25,4.31136971987992,0.08291889352901904
P1,78,25,4.428538710406938,0.08289615110073356
P1,73,25,4.54543479179453,0.08316906024016024
P1,77,25,4.662762979319546,0.0833509996664441
P1,74,25,4.764148724616411,0.09615697578385518
P1,78,25,4.877178842228152,0.08078320720480292
P1,75,25,4.9912660488992655,0.08096012088058746
P1,79,25,5.10595033922615,0.08624100133422274
P1,76,25,5.228962864909939,0.08743183428952594
P1,80,25,5.33544355443629,0.08743183428952594
P1,75,25,5.461985823148765,0.0787525610406945
P1,79,25,5.574020269446297,0.08062840773849178
P1,74,25,5.68839496084056,0.08020823775850516
P1,78,25,5.8023937106737815,0.08388995390260146
P1,73,25,5.904049884923281,0.08560087985323594
P1,77,25,6.02478527958639,0.0854604354236157
P1,74,25,6.145473859439625,0.08100472761841271
P1,78,25,6.259605672848565,0.08080532141427632
P1,75,25,6.357416821347564,0.08098223509005997
P1,79,25,6.472211682721814,0.08206474636424232
P1,76,25,6.588799435223481,0.08262324196130777
P1,80,25,6.706036653035356,0.08255501467645132
P1,75,25,6.823956143695796,0.083502063308873
P1,79,25,6.925294649566377,0.08550725023348882
P1,74,25,7.046053451634422,0.08534339839893246
P1,78,25,7.166624994462975,0.08114322941961305
P1,73,25,7.2808289670446955,0.08084954983322223
P1,77,25,7.378618001334222,0.09734675010006644
P1,74,25,7.49347920533689,0.08166707024683095
P1,78,25,7.609214433155436,0.08307809052701831
P1,75,25,7.726542620680452,0.08328277238158766
P1,79,25,7.844507596197464,0.08447626430954003
P1,76,25,7.94738208078719,0.0849688799199475
P1,80,25,8.06797703102068,0.08496887991994662
P1,75,25,8.189929610740492,0.07945996310873937
P1,79,25,8.302671459106069,0.08065052194796607
P1,74,25,8.40085854916611,0.09604201174115978
P1,78,25,8.513906387991993,0.08065052194796607
P1,73,25,8.627617653102066,0.08084954983322312
P1,77,25,8.741682745563708,0.0807168645763845
P1,74,25,8.85568149539693,0.08499953829219464
P1,78,25,8.958517476250831,0.08550725023348882
P1,75,25,9.079276278318877,0.0856945094729813
P1,79,25,9.201065006204134,0.08243730927284965
P1,76,25,9.318048064042694,0.08262324196130777
P1,80,25,9.435262539426283,0.08255501467644955
P1,75,25,9.536466345296862,0.0793742974649767
P1,79,25,9.64898984276184,0.08078320720480292
P1,74,25,9.763054935223481,0.0806505219479643
P1,78,25,9.876987342428285,0.08488573709139402
P1,73,25,9.97961589246164,0.10282872988659086
P1,77,25,10.100374694529686,0.08578813909272753
P1,74,25,10.221952755770513,0.07998191721147307
P1,78,25,10.335083872981986,0.08078320720480292
P1,75,25,10.449148965443628,0.0810043492995316
P1,79,25,10.547601426017343,0.08375159332888593
P1,76,25,10.667025904469645,0.0848986577051356
P1,80,25,10.787620854703134,0.08487525030020038
P1,63,64,10.910345878785854,0.08061725116744611
P1,63,64,11.125984926684454,0.08255501467645132
P1,60,64,11.24331311420947,0.3163926623082052
P1,66,64,11.577080991727817,0.08107809039359459
P1,68,64,11.69137462474983,0.0807168645763845
P1,69,64,11.805373374583054,0.08098223509005997
P1,69,64,11.92007977911941,0.08423136884589866
P1,66,64,12.26406312054703,0.0805438191460972
P1,66,64,12.492175059506335,0.08027458038692536
P1,63,64,12.589897751167443,0.31604551040693885
P1,69,64,12.940170616144094,0.0829416359573063
P1,71,64,13.057339606671112,0.0829416359573063
P1,72,64,13.157838397264841,0.0832145450967321
P1,72,64,13.27566691821214,0.08253227224816584
P1,69,64,13.61048094743162,0.09665579966644344
P1,69,64,13.838495151367576,0.08020823775850694
P1,66,64,13.952516015410271,0.3162789422281538
P1,72,64,14.305084232488325,0.07839589072715114
P1,73,64,14.415608532555035,0.0781270446964637
P1,75,64,14.52588539126084,0.07846951941294122
P1,75,64,14.621243195130084,0.09871820360240235
P1,72,64,14.9725615496998,0.08432943428952555
P1,72,64,15.195884154503,0.08496887991994662
P1,69,64,15.316713178785855,0.3165026464976659
P1,51,64,15.650636525350231,0.09395713388926019
P1,53,64,15.76075418492328,0.07834109139426282
P1,54,64,15.871031043629085,0.07885480346898
P1,56,64,15.982827633889258,0.08596510486991349
P1,57,64,16.10566071300867,0.08738360933956102
P1,59,64,16.211948502735154,0.08752828418946024
P1,71,64,16.677935759439624,0.0848252110073382
P1,72,64,16.78087830186791,0.08524976877918533
P1,74,64,16.901356215076717,0.0857179168779183
P1,68,64,17.35722589126084,0.08071358785857186
P1,69,64,17.47130982121414,0.08056206511007602
P1,71,64,17.58515377158105,0.0809822350900582
P1,64,64,18.04321151194129,0.08082199739826379
P1,66,64,18.157315394596395,0.08065052194796252
P1,68,64,18.25497174362908,0.0972582932621755
P1,68,64,18.720087463175446,0.08503817411607528
P1,69,64,18.823219561307532,0.08527317618412411
P1,71,64,18.943720881921276,0.0857179168779183
P1,71,64,19.39105624182788,0.08169961107405044
P1,72,64,19.507074177184784,0.08282792381587711
P1,74,64,19.624152197998658,0.08328277238159032
P1,68,64,19.742276370513668,0.08402380920613695
P1,69,64,19.844323881521007,0.08531999099399812
P1,71,64,19.964801794729812,0.08581154649766631
P1,64,64,20.086473485590385,0.08013929739826509
P1,66,64,20.19989466824549,0.08062840773849089
P1,68,64,20.313827075450295,0.0809822350900582
P1,64,64,20.412257421814537,0.08209603529019205
P1,65,64,20.52903566024015,0.08246404496330939
P1,66,64,20.64611368105403,0.08255501467645132
P1,67,64,20.76325992915276,0.08255501467645132
P1,66,64,20.863713234889918,0.09927069946631306
P1,65,64,20.980859482988652,0.08257775710473325
P1,64,64,21.098096700800525,0.08246404496330939
P1,66,64,21.21524294889926,0.08248678739159132
P1,67,64,21.33234371214142,0.08255501467645132
P1,68,64,21.432751533022007,0.08255501467645132
P1,75,25,21.785463853302193,0.08098578712474946
P1,79,25,21.883779370780513,0.09983926017345013
P1,74,25,22.001084815877242,0.08294163595730453
P1,78,25,22.11825380640426,0.08070316577718373
P1,73,25,22.232039829553027,0.08084954983322135
P1,77,25,22.346104922014668,0.0807168645763845
P1,74,25,22.443827613675776,0.08267074709806721
P1,78,25,22.560589260773842,0.08307809052701742
P1,75,25,22.67789470587057,0.08294163595730453
P1,79,25,22.79506369639759,0.08509403215476752
P1,76,25,22.91517520633755,0.08557747244829628
P1,80,25,23.018682750967304,0.08543702801867781
P1,75,25,23.139745849299523,0.08050075970647441
P1,79,25,23.253395809005994,0.08078320720480292
P1,74,25,23.367460901467638,0.08065052194796252
P1,78,25,23.465117250500324,0.0826148356237475
P1,73,25,23.581732016410932,0.08316906024015935
P1,77,25,23.699060203935947,0.08300986324216098
P1,74,25,23.816297421747823,0.08291889352901904
P1,78,25,23.93330721527684,0.0831008329553029
P1,75,25,24.033874233155426,0.08294163595730453
P1,79,25,24.151043223682446,0.08291889352901904
P1,76,25,24.26812124449632,0.08300986324216098
P1,80,25,24.38529023502334,0.08335099966644322
P1,75,25,24.4869943743162,0.09578204209472929
P1,79,25,24.599649558238816,0.08078320720480292
P1,74,25,24.713714650700457,0.08062840773849089
P1,78,25,24.82764705790526,0.08522196791194148
P1,73,25,24.94783968879252,0.08562428725817028
P1,77,25,25.051347233422273,0.08546043542361303
P1,74,25,25.171965980720472,0.08062840773849089
P1,78,25,25.285743588458963,0.08078320720480292
P1,75,25,25.399808680920604,0.08062840773849445
P1,79,25,25.497465029953293,0.09951848438959132
P1,76,25,25.614245017411598,0.08316906024015935
P1,80,25,25.731550462508327,0.08337374209473225
P1,70,40,25.85074352915276,0.08365115016677649
P1,70,40,25.96999734222814,0.08496887991994839
P1,70,40,26.073364442428275,0.08496887991994484
P1,70,40,26.193959392661764,0.08285026430953835
P1,69,40,26.545716129019333,0.08255501467645132
P1,69,40,26.64616943475649,0.08253227224816584
P1,69,40,26.763315682855225,0.08255501467645132
P1,67,40,26.880461930953956,0.08255501467645132
P1,75,25,27.21911943055369,0.0786433170113412
P1,79,25,27.331990102134743,0.08294163595730453
NO,24,80,0.35516577971981317,0.0142367601067378
NO,21,80,0.36940253982655097,0.03361330900600401
NO,19,80,0.403015848832555,0.03402267271514342
NO,15,80,0.4370385215476984,0.016056154369579745
NO,13,80,0.45309467591727814,0.017943775917278193
NO,11,80,0.47103845183455634,0.015669533088725818
NO,8,80,0.48670798492328216,0.016601972648432328
NO,5,80,0.5033099575717145,0.016874881787858564
NO,2,80,0.520184839359573,0.08369213609072712
NO,31,80,0.6038769754503002,0.0674312998665777
NO,24,80,1.0318406026684457,0.014524625150100112
NO,21,80,1.0463652278185458,0.03443229266177439
NO,19,80,1.0807975204803202,0.03536858885923966
NO,15,80,1.1161661093395598,0.01832799806537677
NO,13,80,1.1344941074049366,0.01507436877918611
NO,11,80,1.1495684761841227,0.017368294462975387
NO,8,80,1.166936770647098,0.017087405603735784
NO,5,80,1.184024176250834,0.017368294462975387
NO,2,80,1.2013924707138093,0.08611584276184137
NO,31,80,1.2875083134756506,0.05254962408272168
NO,24,80,1.7102732693128753,0.014940903135423511
NO,21,80,1.7252141724482988,0.0325521163442295
NO,19,80,1.7577662887925283,0.033193428418946125
NO,15,80,1.7909597172114744,0.015634746097398233
NO,13,80,1.8065944633088726,0.017448111274182665
NO,11,80,1.8240425745830553,0.01512611927951979
NO,8,80,1.839168693862575,0.016386629219479643
NO,5,80,1.8555553230820547,0.0161433729152769
NO,2,80,1.8716986959973316,0.08135817665110068
NO,31,80,1.9530568726484323,0.06605514369579701
NO,24,80,2.39717839179453,0.014129810873915627
NO,21,80,2.4113082026684456,0.03268480160106746
NO,19,80,2.443993004269513,0.03337034209473
NO,24,80,2.5112202010673785,0.01402040880587041
NO,21,80,2.525240609873249,0.0326626873915945
NO,19,80,2.5579032972648434,0.033370342094729555
NO,24,80,2.6251526082721814,0.014130979853235637
NO,21,80,2.639283588125417,0.032552116344229276
NO,19,80,2.6718357044696464,0.03337034209473
NO,24,80,3.0732719240160105,0.01528291180787189
NO,21,80,3.0885548358238823,0.03347685443629089
NO,19,80,3.1220316902601732,0.03399993028685788
NO,15,80,3.156031620547031,0.01607889679786556
NO,13,80,3.1721105173448967,0.017921033488992322
NO,11,80,3.190031550833889,0.015669533088725984
NO,8,80,3.205701083922615,0.016601972648432106
NO,5,80,3.222303056571047,0.016874881787858786
NO,2,80,3.239177938358906,0.08369213609072723
NO,31,80,3.322870074449633,0.05069287264843236
NO,24,80,3.7439688765843897,0.013941108539025748
NO,21,80,3.7579099851234155,0.03347685443629089
NO,19,80,3.7913868395597063,0.03347685443629089
NO,15,80,3.8248636939959972,0.017761836490993943
NO,13,80,3.842625530486991,0.017784578919279426
NO,11,80,3.8604101094062706,0.014646123815877488
NO,8,80,3.875056233222148,0.016874881787858342
NO,5,80,3.8919311150100064,0.01660197264843255
NO,2,80,3.908533087658439,0.08369213609072723
NO,31,80,3.992225223749166,0.06793163328885932
NO,24,80,4.429016301400933,0.015123714809873512
NO,21,80,4.444140016210807,0.03347685443629089
NO,19,80,4.477616870647098,0.03413638485657078
NO,15,80,4.511753255503669,0.016056154369580078
NO,13,80,4.527809409873249,0.017943775917278693
NO,11,80,4.545753185790527,0.0155330785190122
NO,8,80,4.5612862643095395,0.016874881787858342
NO,5,80,4.578161146097398,0.016738427218145446
NO,2,80,4.594899573315543,0.08369213609072723
NO,31,80,4.678591709406271,0.06779517871914553
NO,24,80,4.991730447298198,0.014705949299533394
NO,21,80,5.006436396597731,0.032684801601067015
NO,19,80,5.0391211981987984,0.03337034209473
NO,24,80,5.106436851834556,0.013995763175449483
NO,21,80,5.120432615010006,0.035638238025350155
NO,19,80,5.156070853035356,0.03638572474983359
NO,24,80,5.229469226884589,0.015335534089392588
NO,21,80,5.244804760973982,0.03549356317545005
NO,19,80,5.280298324149432,0.03638572474983359
NO,24,80,5.335949916410939,0.01519085923949337
NO,21,80,5.351140775650433,0.03549356317545005
NO,19,80,5.386634338825883,0.0365303995997337
NO,24,80,5.802880223282187,0.014257967111407588
NO,21,80,5.817138190393595,0.034455700066710726
NO,19,80,5.851593890460306,0.03501747778518993
NO,15,80,5.886611368245496,0.01776622034689801
NO,13,80,5.904377588592394,0.01598725757171504
NO,11,80,5.920364846164109,0.017368294462975165
NO,8,80,5.937733140627084,0.01708740560373556
NO,5,80,5.9548205462308195,0.017368294462975165
NO,2,80,5.972188840693795,0.08613925016677815
NO,31,80,6.058328090860573,0.052175105603735616
NO,24,80,6.472676081120746,0.013918881387591675
NO,21,80,6.486594962508338,0.03347685443629089
NO,19,80,6.520071816944629,0.03450026370913939
NO,15,80,6.554572080653768,0.015737760373581544
NO,13,80,6.57030984102735,0.01880798819212881
NO,11,80,6.589117829219479,0.0146461238158766
NO,8,80,6.603763953035355,0.01687488178785923
NO,5,80,6.620638834823215,0.016738427218145446
NO,2,80,6.63737726204136,0.08369213609072723
NO,31,80,6.721069398132087,0.06777243629086005
NO,24,80,7.16713995737158,0.015170206470981107
NO,21,80,7.182310163842561,0.032684801601067015
NO,19,80,7.214994965443628,0.03308285737158112
NO,15,80,7.248077822815209,0.015612631887925055
NO,13,80,7.263690454703134,0.017448111274182665
NO,11,80,7.281138565977317,0.015236690326885238
NO,8,80,7.296375256304202,0.0161433729152769
NO,5,80,7.312518629219479,0.016408743428952377
NO,2,80,7.328927372648431,0.08135817665110068
NO,31,80,7.410285549299532,0.06592245843895927
NO,24,80,7.609714766577717,0.01528291180787189
NO,21,80,7.624997678385589,0.03361330900600468
NO,19,80,7.658610987391594,0.03395444543028603
NO,24,80,7.727020211674448,0.015260169379586408
NO,21,80,7.742280381054035,0.03347685443629089
NO,19,80,7.7757572354903255,0.03431832428285553
NO,24,80,7.84498518719146,0.014525495463642457
NO,21,80,7.859510682655102,0.03443229266177461
NO,19,80,7.893942975316877,0.03532177404936654
NO,24,80,7.9478736362908595,0.014840294729820513
NO,21,80,7.96271393102068,0.034455700066710726
NO,19,80,7.997169631087391,0.03543881107404889
NO,24,80,8.068468586524348,0.01481688732488351
NO,21,80,8.083285473849232,0.03447910747164862
NO,19,80,8.11776458132088,0.035438811074048004
NO,24,80,8.514392900600399,0.014705949299532506
NO,21,80,8.529098849899931,0.032552116344229276
NO,19,80,8.56165096624416,0.033193428418947235
NO,15,80,8.594844394663108,0.015634746097397567
NO,13,80,8.610479140760505,0.017425997064709264
NO,11,80,8.627905137825215,0.015126119279520012
NO,8,80,8.643031257104735,0.016408743428952377
NO,5,80,8.659440000533687,0.016253943962642126
NO,2,80,8.675693944496329,0.08124760560373545
NO,31,80,8.756941550100064,0.06570131634422971
NO,24,80,9.20157996911274,0.014263622214810923
NO,21,80,9.21584359132755,0.03361330900600379
NO,19,80,9.249456900333554,0.03436380913942649
NO,15,80,9.28382070947298,0.01571501794529695
NO,13,80,9.299535727418277,0.018807988192127922
NO,11,80,9.318343715610405,0.014782578385590384
NO,8,80,9.333126293995996,0.01660197264843255
NO,5,80,9.349728266644428,0.016874881787858342
NO,2,80,9.366603148432286,0.08371487851901271
NO,31,80,9.4503180269513,0.06777243629086094
NO,24,80,9.877783453969311,0.014944151367577874
NO,21,80,9.892727605336889,0.034455700066711614
NO,19,80,9.9271833054036,0.03499407038025382
NO,15,80,9.962177375783854,0.01776622034689801
NO,13,80,9.979943596130752,0.016010664976651157
NO,11,80,9.995954261107403,0.01734488705803905
NO,8,80,10.013299148165443,0.017110813008672565
NO,5,80,10.030409961174115,0.017368294462974276
NO,2,80,10.04777825563709,0.08611584276184203
NO,31,80,10.133894098398931,0.052549624082722346
NO,36,80,10.450608503268844,0.013821380920614246
NO,36,80,10.497203142628418,0.01596645923949147
NO,33,80,10.51316960186791,0.01724908338892739
NO,36,80,10.548065824416277,0.013931951967977696
NO,33,80,10.561997776384255,0.03415050593729063
NO,31,80,10.596148282321545,0.035462218478986784
NO,32,80,10.66761108959306,0.014653035490328037
NO,42,80,10.682264125083387,7.022221480923463e-05
NO,30,80,10.682334347298196,0.03452592228152085
NO,27,80,10.716860269579717,0.03532177404936654
NO,28,80,10.788112410206802,0.014746665110074275
NO,26,80,10.802859075316876,0.034596144496330083
NO,23,80,10.837455219813206,0.03532177404936654
NO,24,80,11.244700402334887,0.013349805403603199
NO,21,80,11.25805020773849,0.033590566577718306
NO,19,80,11.291640774316209,0.03368153629086024
NO,15,80,11.325322310607069,0.016397290793863206
NO,13,80,11.341719601400932,0.017375215210140738
NO,11,80,11.359094816611073,0.01623809379586305
NO,8,80,11.375332910406936,0.01660197264843255
NO,5,80,11.391934883055368,0.016874881787858342
NO,2,80,11.408809764843227,0.08369213609072723
NO,31,80,11.492501900933954,0.0674540422948624
NO,36,80,11.578491022281518,0.014209999799867035
NO,33,80,11.592701022081386,0.032552116344229276
NO,31,80,11.625253138425615,0.033171314209473834
NO,36,80,11.691839023148763,0.014794406137426108
NO,33,80,11.706633429286189,0.032552116344229276
NO,31,80,11.739185545630418,0.033149200000000434
NO,36,80,11.805837772981986,0.014728063509005906
NO,33,80,11.820565836490992,0.03268480160106613
NO,31,80,11.853250638092058,0.03337034209473089
NO,32,80,11.920632634356235,0.014205335757171866
NO,42,80,11.934837970113406,7.022221481101099e-05
NO,30,80,11.934908192328217,0.03433866304202837
NO,27,80,11.969246855370246,0.03532177404936476
NO,32,80,12.022966849699799,0.015050961374248217
NO,42,80,12.038017811074047,7.022221481101099e-05
NO,30,80,12.038088033288858,0.0343854778519006
NO,27,80,12.072473511140759,0.034455700066711614
NO,24,80,12.10692921120747,0.017859849966644248
NO,32,80,12.142953207404934,0.01565955390260143
NO,42,80,12.158612761307536,7.022221481101099e-05
NO,30,80,12.158682983522347,0.0343854778519006
NO,27,80,12.193068461374247,0.035462218478986784
NO,24,80,12.591268832154768,0.01304160306871438
NO,21,80,12.604310435223482,0.03347685443629089
NO,19,80,12.637787289659773,0.03379524843228765
NO,15,80,12.67158253809206,0.01642003322214869
NO,13,80,12.68800257131421,0.01728424549699703
NO,11,80,12.705286816811206,0.016192608939293862
NO,8,80,12.7214794257505,0.016874881787858342
NO,5,80,12.738354307538359,0.01660197264843255
NO,2,80,12.754956280186791,0.08369213609072546
NO,31,80,12.838648416277517,0.0675677544362916
NO,36,80,12.941580646697798,0.014304987391593471
NO,36,80,12.989589912808539,0.016420033222146913
NO,33,80,13.006009946030685,0.017352472781855255
NO,32,80,13.057908167378251,0.015191942094729072
NO,42,80,13.07310010947298,6.822728485822438e-05
NO,30,80,13.073168336757838,0.03340862715143267
NO,27,80,13.106576963909271,0.033954445430287805
NO,28,80,13.158338730687124,0.015055487525016176
NO,26,80,13.17339421821214,0.03345411200800541
NO,23,80,13.206848330220145,0.034454778852568424
NO,32,80,13.276144509206137,0.014395957104735402
NO,42,80,13.290540466310873,6.822728485644802e-05
NO,30,80,13.290608693595729,0.03354508172114734
NO,27,80,13.324153775316876,0.03431832428285553
NO,28,80,13.392995105737157,0.014714351100733936
NO,26,80,13.40770945683789,0.03361330900600379
NO,23,80,13.441322765843895,0.033954445430287805
NO,28,80,13.509663762841894,0.01535113909272745
NO,26,80,13.525014901934622,0.03345411200800541
NO,23,80,13.558469013942627,0.03431832428285553
NO,24,80,13.953864982188124,0.01309161200800446
NO,21,80,13.966956594196128,0.035419627351569005
NO,19,80,14.002376221547697,0.03568646297531686
NO,15,80,14.038062684523014,0.017409206937959
NO,13,80,14.055471891460973,0.018397818412275058
NO,11,80,14.073869709873248,0.01724041961307421
NO,8,80,14.091110129486323,0.017602106737825807
NO,5,80,14.108712236224148,0.017891456437624242
NO,2,80,14.126603692661773,0.0887097954636431
NO,31,80,14.215313488125416,0.05377081921280791
NO,40,80,14.30657920593729,0.013543094729820737
NO,38,80,14.32012230066711,0.031507673915943
NO,35,80,14.351629974583053,0.03208560000000027
NO,40,80,14.416079435290191,0.014319724082723084
NO,38,80,14.430399159372914,0.031636101934623184
NO,35,80,14.462035261307538,0.03195717198132009
NO,40,80,14.526334889326217,0.014448152101399714
NO,38,80,14.540783041427616,0.03150767391594478
NO,35,80,14.572290715343561,0.03229964669779761
NO,48,80,14.621778311874582,0.013785935490327361
NO,45,80,14.63556424736491,0.03347685443629089
NO,43,80,14.6690411018012,0.03347685443629089
NO,39,80,14.702517956237491,0.017716351634422978
NO,48,80,14.73808711407605,0.014646123815877488
NO,45,80,14.752733237891928,0.03347685443629089
NO,43,80,14.786210092328218,0.034090899999998925
NO,48,80,14.854823998465642,0.015055487525017952
NO,45,80,14.86987948599066,0.03361330900600379
NO,43,80,14.903492794996664,0.03431832428285375
NO,24,80,15.31814103048699,0.013623907871915364
NO,21,80,15.331764938358905,0.03347685443629089
NO,19,80,15.365241792795196,0.03361330900600379
NO,15,80,15.3988551018012,0.01660197264843255
NO,13,80,15.415457074449632,0.016874881787858342
NO,11,80,15.43233195623749,0.01660197264843255
NO,8,80,15.448933928885923,0.01685213935957286
NO,5,80,15.465786068245496,0.016738427218145446
NO,2,80,15.482524495463641,0.08369213609072723
NO,31,80,15.566216631554369,0.06724936044029306
NO,28,80,15.652039867111407,0.013613369979985634
NO,26,80,15.665653237091393,0.03150767391594478
NO,23,80,15.697160911007337,0.031507673915943
NO,20,80,15.72866858492328,0.016160525683790894
NO,32,80,15.761225087658438,0.014705008138758302
NO,42,80,15.775930095797197,6.421400934009114e-05
NO,30,80,15.775994309806537,0.031422055236824065
NO,27,80,15.80741636504336,0.03193576731154124
NO,36,80,15.87156616037358,0.014619389459641141
NO,33,80,15.886185549833222,0.015839455637090438
NO,36,80,15.917992889126083,0.015454171581053444
NO,33,80,15.933447060707136,0.016695642428286916
NO,36,80,15.983277131954635,0.013780993729152868
NO,33,80,15.997058125683788,0.03563823802535104
NO,31,80,16.03269636370914,0.03638572474983448
NO,32,80,16.106263524883254,0.015142634289528445
NO,42,80,16.121406159172782,7.233742494960893e-05
NO,30,80,16.12147849659773,0.03544533822548246
NO,27,80,16.156923834823214,0.03638572474983448
NO,28,80,16.21247897718479,0.015263196664442091
NO,26,80,16.227742173849233,0.03549356317545005
NO,23,80,16.263235737024683,0.0365303995997337
NO,24,80,16.678400157838556,0.015238745830554734
NO,21,80,16.69363890366911,0.034455700066711614
NO,19,80,16.728094603735823,0.03499407038025382
NO,15,80,16.763088674116077,0.018093924016010732
NO,13,80,16.781182598132087,0.01565955390260143
NO,11,80,16.79684215203469,0.017368294462976053
NO,8,80,16.814210446497665,0.01708740560373556
NO,5,80,16.8312978521014,0.017368294462976053
NO,2,80,16.848666146564376,0.08613925016677726
NO,31,80,16.934805396731154,0.052549624082722346
NO,24,80,17.357703482254834,0.014800051034022488
NO,21,80,17.372503533288857,0.0325521163442275
NO,19,80,17.405055649633084,0.033193428418947235
NO,15,80,17.43824907805203,0.015612631887925943
NO,13,80,17.453861709939957,0.017757710206804944
NO,11,80,17.471619420146762,0.014794406137422556
NO,8,80,17.486413826284185,0.016408743428954153
NO,5,80,17.50282256971314,0.01627605817211375
NO,2,80,17.519098627885253,0.08138029086057585
NO,31,80,17.60047891874583,0.06592245843895839
NO,24,80,18.044007363709134,0.014590199799869197
NO,21,80,18.058597563509004,0.032662687391592726
NO,19,80,18.091260250900596,0.03308285737158201
NO,15,80,18.12434310827218,0.015612631887925943
NO,13,80,18.139955740160104,0.017669253368911342
NO,11,80,18.157624993529016,0.015037662441628186
NO,8,80,18.172662655970644,0.016121258705801722
NO,5,80,18.188783914676446,0.016408743428954153
NO,2,80,18.2051926581054,0.0813802908605723
NO,31,80,18.286572948965972,0.06590034422948676
NO,24,80,18.72056505416944,0.015415108939293987
NO,21,80,18.735980163108735,0.03445570006670806
NO,19,80,18.770435863175443,0.03494725557038336
NO,24,80,18.94423584482988,0.015565924282856969
NO,21,80,18.959801769112737,0.034455700066711614
NO,19,80,18.99425746917945,0.035462218478986784
NO,24,80,19.391520640226812,0.013917624949964846
NO,21,80,19.405438265176777,0.03347685443629089
NO,19,80,19.438915119613068,0.034159127284858926
NO,15,80,19.473074246897927,0.01605615436957919
NO,13,80,19.489130401267506,0.018262169913274562
NO,11,80,19.50739257118078,0.01521468452301633
NO,8,80,19.522607255703797,0.016874881787856566
NO,5,80,19.539482137491653,0.016738427218147223
NO,2,80,19.5562205647098,0.08355568152101256
NO,31,80,19.639776246230813,0.06790889086057561
NO,24,80,20.086965041094057,0.014189681854567482
NO,21,80,20.101154722948625,0.0326848016010679
NO,19,80,20.133839524549693,0.03308285737158201
NO,15,80,20.166922381921275,0.015612631887925943
NO,13,80,20.1825350138092,0.017669253368911342
NO,11,80,20.200204267178112,0.015015548232153009
NO,8,80,20.215219815410265,0.0161433729152769
NO,5,80,20.231363188325542,0.016408743428954153
NO,2,80,20.247771931754496,0.08140240507004748
NO,31,80,20.329174336824543,0.06587823002001159
NO,24,80,20.412832391260835,0.013839599266173508
NO,21,80,20.42667199052701,0.03347685443629089
NO,19,80,20.4601488449633,0.0344547788525702
NO,24,80,20.52951325123415,0.014327729819878954
NO,21,80,20.54384098105403,0.03361330900600379
NO,19,80,20.577454290060032,0.03431832428285375
NO,24,80,20.646591272048024,0.014395957104735402
NO,21,80,20.66098722915276,0.03361330900600379
NO,19,80,20.694600538158763,0.034318324282857304
NO,36,80,21.099483988925943,0.013418032688459647
NO,33,80,21.112902021614403,0.03361330900600379
NO,31,80,21.146515330620407,0.03431832428285375
NO,36,80,21.21574328232154,0.01446418438959185
NO,33,80,21.230207466711132,0.03347685443629089
NO,31,80,21.263684321147423,0.03429558185457182
NO,32,80,21.332912272848557,0.014395957104738955
NO,32,80,21.38101250867244,0.016420033222146913
NO,42,80,21.397432541894588,6.822728485644802e-05
NO,30,80,21.397500769179445,0.01764812434956653
NO,31,80,21.433251866444287,0.0005230758505661015
NO,42,80,21.433774942294853,6.822728485644802e-05
NO,30,80,21.43384316957971,0.03067953575717297
NO,27,80,21.464522705336883,0.03347685443629089
NO,25,80,21.497999559773174,0.01757989706471008
NO,28,80,21.549647614409597,0.015169199666445365
NO,26,80,21.564816814076043,0.03347685443629089
NO,23,80,21.598293668512333,0.03354508172114734
NO,28,80,21.665543028952627,0.016420033222146913
NO,26,80,21.681963062174773,0.03361330900600734
NO,23,80,21.71557637118078,0.03431832428285375
NO,24,80,22.118731397398257,0.01478962895263436
NO,21,80,22.13352102635089,0.0326848016010679
NO,19,80,22.16620582795196,0.03306074316210683
NO,15,80,22.199266571114066,0.015634746097397567
NO,13,80,22.214901317211464,0.017425997064712817
NO,11,80,22.232327314276176,0.015126119279518235
NO,8,80,22.247453433555695,0.016386629219478976
NO,5,80,22.263840062775174,0.016298172381588927
NO,2,80,22.280138235156763,0.0813802908605723
NO,31,80,22.361518526017335,0.06554651687791946
NO,24,80,22.795541287391586,0.01549437438292145
NO,21,80,22.811035661774508,0.034455700066711614
NO,19,80,22.84549136184122,0.03499407038025382
NO,15,80,22.880485432221473,0.01654903529019336
NO,13,80,22.897034467511666,0.018468442494995685
NO,11,80,22.915502910006662,0.0161277020013344
NO,8,80,22.931630612007996,0.017063998198800334
NO,5,80,22.948694610206797,0.017368294462976053
NO,2,80,22.966062904669773,0.08613925016677726
NO,31,80,23.05220215483655,0.05217510560373384
NO,24,80,23.465869133622405,0.014568107204802061
NO,21,80,23.480437240827207,0.03347685443629089
NO,19,80,23.513914095263498,0.03413638485657344
NO,15,80,23.54805048012007,0.01605615436957919
NO,13,80,23.56410663448965,0.017943775917277804
NO,11,80,23.58205041040693,0.015533078519013088
NO,8,80,23.59758348892594,0.016874881787856566
NO,5,80,23.6144583707138,0.016601972648434327
NO,2,80,23.631060343362233,0.08369213609072546
NO,31,80,23.714752479452958,0.06759049686457885
NO,36,80,24.03528426370913,0.01421401767845154
NO,33,80,24.04949828138758,0.016829396931289153
NO,36,80,24.10000921460973,0.017056821214140427
NO,36,80,24.15152081467644,0.015146457238159883
NO,33,80,24.1666672719146,0.03361330900600379
NO,31,80,24.200280580920605,0.03395444543028603
NO,32,80,24.268689805203458,0.015146457238159883
NO,42,80,24.283836262441618,6.822728485644802e-05
NO,30,80,24.283904489726474,0.03352233929286186
NO,27,80,24.317426829019336,0.03395444543028603
NO,28,80,24.385767826017336,0.015351139092729227
NO,26,80,24.401118965110065,0.03347685443629089
NO,23,80,24.434595819546356,0.03431832428285375
NO,24,80,24.828133570513664,0.015566573715812382
NO,21,80,24.843700144229476,0.034455700066711614
NO,19,80,24.878155844296188,0.035040885190127824
NO,15,80,24.913196729486316,0.016502220480319352
NO,13,80,24.929698949966635,0.018468442494995685
NO,11,80,24.94816739246163,0.0161277020013344
NO,8,80,24.964295094462965,0.01708740560373556
NO,5,80,24.9813825000667,0.017368294462976053
NO,2,80,24.998750794529677,0.08613925016677726
NO,31,80,25.084890044696454,0.05217510560373739
NO,24,80,25.497929428352226,0.01499807104736206
NO,21,80,25.512927499399588,0.033499596864576375
NO,19,80,25.546427096264164,0.03345411200800541
NO,15,80,25.57988120827217,0.017420700066711703
NO,13,80,25.59730190833888,0.017261503068713324
NO,11,80,25.614563411407595,0.015533078519013088
NO,8,80,25.630096489926608,0.016874881787856566
NO,5,80,25.646971371714464,0.016601972648434327
NO,2,80,25.6635733443629,0.08369213609072546
NO,31,80,25.747265480453624,0.06790889086057561
NO,24,80,25.85133483228818,0.013399409939960805
NO,21,80,25.864734242228142,0.034596144496330083
NO,19,80,25.899330386724472,0.03532177404936476
NO,24,80,25.970512305136747,0.014957331754501979
NO,21,80,25.98546963689125,0.034455700066711614
NO,19,80,26.01992533695796,0.03532177404936476
NO,24,80,26.073855997931943,0.014840294729818737
NO,21,80,26.088696292661762,0.03443229266177639
NO,19,80,26.12312858532354,0.035462218478986784
NO,24,80,26.194450948165432,0.014677242228149368
NO,21,80,26.20912819039358,0.03347685443629089
NO,19,80,26.242605044829872,0.0344547788525702
NO,32,80,26.547126159573036,0.013622714543028991
NO,42,80,26.560748874116065,6.822728485644802e-05
NO,30,80,26.56081710140092,0.033408627151434445
NO,27,80,26.594225728552356,0.03431832428285375
NO,32,80,26.646647025750486,0.014395957104738955
NO,42,80,26.661042982855225,6.822728485644802e-05
NO,30,80,26.66111121014008,0.033408627151434445
NO,27,80,26.694519837291516,0.03445477885256665
NO,32,80,26.76379327384922,0.014395957104735402
NO,42,80,26.778189230953956,9.09697131419307e-05
NO,30,80,26.778280200667098,0.03352233929286186
NO,27,80,26.81180253995996,0.034318324282857304
NO,28,80,26.880962264376237,0.014395957104738955
NO,26,80,26.895358221480976,0.03361330900600379
NO,23,80,26.92897153048698,0.03431832428285375
